version 2
JvmtiExport can_access_local_variables 0
JvmtiExport can_hotswap_or_post_breakpoint 1
JvmtiExport can_post_on_exceptions 0
# 209 ciObject found
instanceKlass java/io/File
ciInstanceKlass java/lang/Cloneable 1 0 7 100 1 100 1 1 1
instanceKlass sun/security/ssl/Alert$AlertConsumer
instanceKlass org/apache/coyote/NonPipeliningProcessor
instanceKlass sun/nio/cs/Surrogate
instanceKlass sun/nio/cs/Surrogate$Parser
instanceKlass org/apache/coyote/http11/Constants
instanceKlass org/apache/tomcat/util/buf/HexUtils
instanceKlass  @bci org/springframework/web/method/annotation/SessionAttributesHandler storeAttributes (Lorg/springframework/web/context/request/WebRequest;Ljava/util/Map;)V 3 <appendix> member <vmtarget> ; # org/springframework/web/method/annotation/SessionAttributesHandler$$Lambda+0x000000003d7a1988
instanceKlass  @bci tools/jackson/databind/util/internal/UnreflectHandleSupplier initialize ()Ljava/lang/invoke/MethodHandle; 27 <appendix> member <vmtarget> ; # tools/jackson/databind/util/internal/UnreflectHandleSupplier$$Lambda+0x000000003d7a1758
instanceKlass tools/jackson/databind/annotation/JsonAppend
instanceKlass tools/jackson/databind/ser/impl/PropertySerializerMap
instanceKlass tools/jackson/databind/ser/PropertyBuilder$1
instanceKlass tools/jackson/databind/annotation/JsonTypeResolver
instanceKlass tools/jackson/databind/BeanProperty$Std
instanceKlass tools/jackson/databind/ser/PropertyBuilder
instanceKlass tools/jackson/databind/ser/BeanSerializerBuilder
instanceKlass tools/jackson/databind/util/BeanUtil
instanceKlass tools/jackson/databind/PropertyMetadata
instanceKlass tools/jackson/databind/annotation/JsonNaming
instanceKlass tools/jackson/databind/introspect/POJOPropertyBuilder$2
instanceKlass tools/jackson/databind/introspect/POJOPropertyBuilder$1
instanceKlass tools/jackson/databind/introspect/POJOPropertiesCollector$1
instanceKlass tools/jackson/databind/introspect/PotentialCreator
instanceKlass  @bci tools/jackson/databind/introspect/AnnotatedCreatorCollector collect (Ljava/lang/Class;)Ltools/jackson/databind/introspect/AnnotatedClass$Creators; 72 <appendix> member <vmtarget> ; # tools/jackson/databind/introspect/AnnotatedCreatorCollector$$Lambda+0x000000003d79cda8
instanceKlass  @bci tools/jackson/databind/introspect/AnnotatedCreatorCollector collect (Ljava/lang/Class;)Ltools/jackson/databind/introspect/AnnotatedClass$Creators; 59 <appendix> member <vmtarget> ; # tools/jackson/databind/introspect/AnnotatedCreatorCollector$$Lambda+0x000000003d79cb48
instanceKlass  @bci tools/jackson/databind/util/internal/UnreflectHandleSupplier <init> (Ljava/lang/invoke/MethodType;)V 6 <appendix> member <vmtarget> ; # tools/jackson/databind/util/internal/UnreflectHandleSupplier$$Lambda+0x000000003d79c4a8
instanceKlass tools/jackson/databind/util/internal/UnreflectHandleSupplier
instanceKlass tools/jackson/databind/introspect/AnnotatedMethodCollector$MethodBuilder
instanceKlass tools/jackson/databind/introspect/MemberKey
instanceKlass tools/jackson/databind/introspect/POJOPropertyBuilder$Linked
instanceKlass tools/jackson/databind/AnnotationIntrospector$ReferenceProperty
instanceKlass tools/jackson/databind/introspect/POJOPropertyBuilder$WithMember
instanceKlass tools/jackson/databind/PropertyName
instanceKlass tools/jackson/databind/introspect/AnnotatedFieldCollector$FieldBuilder
instanceKlass tools/jackson/databind/introspect/TypeResolutionContext$Basic
instanceKlass tools/jackson/databind/introspect/AnnotationMap
instanceKlass tools/jackson/databind/introspect/CollectorBase
instanceKlass tools/jackson/databind/introspect/PotentialCreators
instanceKlass tools/jackson/databind/introspect/POJOPropertiesCollector
instanceKlass  @bci tools/jackson/databind/util/RecordUtil getRecordFieldNames (Ljava/lang/Class;)[Ljava/lang/String; 25 <appendix> argL0 ; # tools/jackson/databind/util/RecordUtil$$Lambda+0x000000003d798b20
instanceKlass  @bci tools/jackson/databind/util/RecordUtil getRecordFieldNames (Ljava/lang/Class;)[Ljava/lang/String; 15 <appendix> argL0 ; # tools/jackson/databind/util/RecordUtil$$Lambda+0x000000003d7988d8
instanceKlass tools/jackson/databind/util/RecordUtil
instanceKlass tools/jackson/databind/ext/sql/JavaSqlTypeHandlerFactory
instanceKlass tools/jackson/databind/ext/OptionalHandlerFactory
instanceKlass java/util/stream/DoubleStream
instanceKlass java/util/stream/LongStream
instanceKlass tools/jackson/databind/ser/jdk/JDKMiscSerializers
instanceKlass tools/jackson/databind/ser/jdk/NumberSerializers
instanceKlass tools/jackson/databind/ser/jdk/JDKCoreSerializers
instanceKlass tools/jackson/databind/util/ArrayIterator
instanceKlass tools/jackson/databind/introspect/AnnotatedClassResolver
instanceKlass tools/jackson/databind/BeanDescription$SupplierBase
instanceKlass tools/jackson/core/io/CharTypes$AltQuoteEscapes
instanceKlass tools/jackson/core/util/JacksonFeatureSet
instanceKlass tools/jackson/core/TokenStreamContext
instanceKlass tools/jackson/core/util/TextBuffer
instanceKlass tools/jackson/core/io/IOContext
instanceKlass tools/jackson/core/util/BufferRecycler
instanceKlass tools/jackson/core/io/ContentReference
instanceKlass tools/jackson/databind/util/internal/PrivateMaxEntriesMap$EntryIterator
instanceKlass  @bci tools/jackson/databind/ser/impl/ReadOnlyClassToSerializerMap <init> (Ltools/jackson/databind/ser/SerializerCache;Ltools/jackson/databind/util/LookupCache;)V 43 <appendix> member <vmtarget> ; # tools/jackson/databind/ser/impl/ReadOnlyClassToSerializerMap$$Lambda+0x000000003d78cd38
instanceKlass tools/jackson/databind/util/TypeKey
instanceKlass tools/jackson/databind/ser/impl/ReadOnlyClassToSerializerMap$Bucket
instanceKlass tools/jackson/databind/ser/impl/ReadOnlyClassToSerializerMap
instanceKlass tools/jackson/databind/BeanDescription$Supplier
instanceKlass tools/jackson/databind/ObjectWriter$Prefetch
instanceKlass tools/jackson/databind/cfg/GeneratorSettings
instanceKlass tools/jackson/databind/util/internal/PrivateMaxEntriesMap$AddTask
instanceKlass tools/jackson/databind/util/internal/PrivateMaxEntriesMap$WeightedValue
instanceKlass java/util/OptionalDouble
instanceKlass java/util/OptionalLong
instanceKlass java/util/OptionalInt
instanceKlass tools/jackson/databind/type/ClassStack
instanceKlass org/springframework/util/TypeUtils
instanceKlass org/springframework/util/StreamUtils
instanceKlass  @bci org/springframework/http/converter/AbstractJacksonHttpMessageConverter writeInternal (Ljava/lang/Object;Lorg/springframework/core/ResolvableType;Lorg/springframework/http/HttpOutputMessage;Ljava/util/Map;)V 47 <appendix> member <vmtarget> ; # org/springframework/http/converter/AbstractJacksonHttpMessageConverter$$Lambda+0x000000003d7895d0
instanceKlass org/springframework/http/StreamingHttpOutputMessage
instanceKlass org/apache/tomcat/util/http/parser/MediaType
instanceKlass org/springframework/web/servlet/mvc/method/annotation/AbstractMessageConverterMethodProcessor$2
instanceKlass org/springframework/web/util/UriUtils
instanceKlass  @bci org/springframework/web/servlet/mvc/method/annotation/AbstractMessageConverterMethodProcessor writeWithMessageConverters (Ljava/lang/Object;Lorg/springframework/core/MethodParameter;Lorg/springframework/http/server/ServletServerHttpRequest;Lorg/springframework/http/server/ServletServerHttpResponse;)V 826 <appendix> member <vmtarget> ; # org/springframework/web/servlet/mvc/method/annotation/AbstractMessageConverterMethodProcessor$$Lambda+0x000000003d788b10
instanceKlass jakarta/xml/bind/JAXBElement
instanceKlass com/fasterxml/jackson/annotation/JsonFilter
instanceKlass com/fasterxml/jackson/annotation/JsonIncludeProperties$Value
instanceKlass com/fasterxml/jackson/annotation/JsonIncludeProperties
instanceKlass com/fasterxml/jackson/annotation/JsonIgnoreProperties$Value
instanceKlass com/fasterxml/jackson/annotation/JsonIgnoreProperties
instanceKlass com/fasterxml/jackson/databind/annotation/JsonAppend
instanceKlass com/fasterxml/jackson/databind/ser/impl/PropertySerializerMap
instanceKlass com/fasterxml/jackson/databind/introspect/POJOPropertyBuilder$1
instanceKlass com/fasterxml/jackson/databind/ser/PropertyBuilder$1
instanceKlass com/fasterxml/jackson/databind/annotation/JsonTypeResolver
instanceKlass com/fasterxml/jackson/databind/BeanProperty$Std
instanceKlass com/fasterxml/jackson/databind/introspect/POJOPropertyBuilder$2
instanceKlass com/fasterxml/jackson/annotation/JsonTypeId
instanceKlass com/fasterxml/jackson/databind/introspect/POJOPropertyBuilder$3
instanceKlass com/fasterxml/jackson/annotation/JsonInclude
instanceKlass com/fasterxml/jackson/databind/ser/PropertyBuilder
instanceKlass com/fasterxml/jackson/annotation/JsonIgnoreType
instanceKlass com/fasterxml/jackson/databind/ser/BeanSerializerBuilder
instanceKlass com/fasterxml/jackson/databind/ObjectWriter
instanceKlass com/fasterxml/jackson/databind/util/BeanUtil
instanceKlass com/fasterxml/jackson/databind/ext/Java7Handlers
instanceKlass org/w3c/dom/Document
instanceKlass org/w3c/dom/Node
instanceKlass com/fasterxml/jackson/databind/ext/OptionalHandlerFactory
instanceKlass com/fasterxml/jackson/databind/PropertyMetadata
instanceKlass com/fasterxml/jackson/annotation/JsonPropertyDescription
instanceKlass com/fasterxml/jackson/annotation/JsonPropertyOrder
instanceKlass com/fasterxml/jackson/databind/annotation/JsonNaming
instanceKlass com/fasterxml/jackson/annotation/JacksonInject
instanceKlass com/fasterxml/jackson/databind/introspect/POJOPropertyBuilder$6
instanceKlass com/fasterxml/jackson/databind/introspect/POJOPropertyBuilder$5
instanceKlass com/fasterxml/jackson/databind/introspect/POJOPropertiesCollector$1
instanceKlass com/fasterxml/jackson/databind/cfg/ConstructorDetector
instanceKlass com/fasterxml/jackson/databind/jdk14/JDK14Util$RawTypeName
instanceKlass com/fasterxml/jackson/databind/introspect/PotentialCreator
instanceKlass com/fasterxml/jackson/annotation/JsonCreator
instanceKlass com/fasterxml/jackson/annotation/JsonSetter
instanceKlass com/fasterxml/jackson/databind/introspect/AnnotatedMethodMap
instanceKlass com/fasterxml/jackson/databind/introspect/AnnotatedMethodCollector$MethodBuilder
instanceKlass com/fasterxml/jackson/databind/introspect/MemberKey
instanceKlass com/fasterxml/jackson/databind/introspect/POJOPropertyBuilder$Linked
instanceKlass com/fasterxml/jackson/databind/AnnotationIntrospector$ReferenceProperty
instanceKlass com/fasterxml/jackson/databind/introspect/POJOPropertyBuilder$WithMember
instanceKlass com/fasterxml/jackson/annotation/JsonIgnore
instanceKlass com/fasterxml/jackson/annotation/JsonAutoDetect$1
instanceKlass com/fasterxml/jackson/annotation/JsonProperty
instanceKlass com/fasterxml/jackson/annotation/JsonGetter
instanceKlass com/fasterxml/jackson/databind/PropertyName
instanceKlass com/fasterxml/jackson/annotation/JsonAnySetter
instanceKlass com/fasterxml/jackson/annotation/JsonAnyGetter
instanceKlass com/fasterxml/jackson/annotation/JsonValue
instanceKlass com/fasterxml/jackson/annotation/JsonKey
instanceKlass com/fasterxml/jackson/databind/introspect/AnnotatedFieldCollector$FieldBuilder
instanceKlass com/fasterxml/jackson/databind/introspect/TypeResolutionContext$Basic
instanceKlass com/fasterxml/jackson/databind/introspect/AnnotationMap
instanceKlass com/fasterxml/jackson/databind/introspect/CollectorBase
instanceKlass com/fasterxml/jackson/databind/introspect/PotentialCreators
instanceKlass com/fasterxml/jackson/databind/util/ArrayIterator
instanceKlass com/fasterxml/jackson/annotation/JsonIdentityInfo
instanceKlass com/fasterxml/jackson/annotation/JsonAutoDetect
instanceKlass com/fasterxml/jackson/databind/introspect/POJOPropertiesCollector
instanceKlass com/fasterxml/jackson/databind/jdk14/JDK14Util$RecordAccessor
instanceKlass com/fasterxml/jackson/databind/jdk14/JDK14Util
instanceKlass com/fasterxml/jackson/databind/util/internal/PrivateMaxEntriesMap$AddTask
instanceKlass com/fasterxml/jackson/databind/util/internal/PrivateMaxEntriesMap$WeightedValue
instanceKlass com/fasterxml/jackson/databind/type/ClassStack
instanceKlass com/fasterxml/jackson/databind/util/internal/PrivateMaxEntriesMap$EntryIterator
instanceKlass  @bci com/fasterxml/jackson/databind/ser/impl/ReadOnlyClassToSerializerMap <init> (Lcom/fasterxml/jackson/databind/util/LookupCache;)V 38 <appendix> member <vmtarget> ; # com/fasterxml/jackson/databind/ser/impl/ReadOnlyClassToSerializerMap$$Lambda+0x000000003d738430
instanceKlass com/fasterxml/jackson/databind/util/TypeKey
instanceKlass com/fasterxml/jackson/databind/ser/impl/ReadOnlyClassToSerializerMap$Bucket
instanceKlass com/fasterxml/jackson/databind/ser/impl/ReadOnlyClassToSerializerMap
instanceKlass  @bci org/springframework/util/MimeTypeUtils sortBySpecificity (Ljava/util/List;)V 34 <appendix> argL0 ; # org/springframework/util/MimeTypeUtils$$Lambda+0x000000003d731a18
instanceKlass  @bci org/springframework/web/servlet/mvc/method/annotation/RequestResponseBodyMethodProcessor supportsReturnType (Lorg/springframework/core/MethodParameter;)Z 8 <appendix> argL0 ; # org/springframework/web/servlet/mvc/method/annotation/RequestResponseBodyMethodProcessor$$Lambda+0x000000003d731478
instanceKlass org/springframework/web/context/request/async/WebAsyncTask
instanceKlass org/springframework/web/servlet/mvc/method/annotation/StreamingResponseBody
instanceKlass org/springframework/web/servlet/view/FragmentsRendering
instanceKlass org/springframework/web/method/support/AsyncHandlerMethodReturnValueHandler
instanceKlass reactor/netty/channel/ChannelOperations$DisposedChannelId
instanceKlass reactor/netty/channel/ChannelOperations$DisposedConnection
instanceKlass reactor/netty/internal/shaded/reactor/pool/SimpleDequePool$QueuePoolRecyclerInner
instanceKlass  @bci reactor/core/publisher/FluxOnAssembly$OnAssemblyException lambda$getMessage$1 (Ljava/lang/StringBuilder;Ljava/util/List;)V 3 <appendix> member <vmtarget> ; # reactor/core/publisher/FluxOnAssembly$OnAssemblyException$$Lambda+0x000000003d732240
instanceKlass  @bci reactor/core/publisher/FluxOnAssembly$OnAssemblyException getMessage ()Ljava/lang/String; 88 <appendix> member <vmtarget> ; # reactor/core/publisher/FluxOnAssembly$OnAssemblyException$$Lambda+0x000000003d732000
instanceKlass  @bci reactor/netty/resources/DefaultPooledConnectionProvider$PooledConnection onStateChange (Lreactor/netty/Connection;Lreactor/netty/ConnectionObserver$State;)V 225 <appendix> member <vmtarget> ; # reactor/netty/resources/DefaultPooledConnectionProvider$PooledConnection$$Lambda+0x000000003d737d38
instanceKlass  @bci reactor/netty/resources/DefaultPooledConnectionProvider$PooledConnection onStateChange (Lreactor/netty/Connection;Lreactor/netty/ConnectionObserver$State;)V 215 <appendix> member <vmtarget> ; # reactor/netty/resources/DefaultPooledConnectionProvider$PooledConnection$$Lambda+0x000000003d737af8
instanceKlass  @bci reactor/core/publisher/FluxOnAssembly$OnAssemblyException getMessage ()Ljava/lang/String; 75 <appendix> member <vmtarget> ; # reactor/core/publisher/FluxOnAssembly$OnAssemblyException$$Lambda+0x000000003d7378b8
instanceKlass  @bci reactor/netty/internal/shaded/reactor/pool/SimpleDequePool$QueuePooledRef release ()Lreactor/core/publisher/Mono; 1 <appendix> member <vmtarget> ; # reactor/netty/internal/shaded/reactor/pool/SimpleDequePool$QueuePooledRef$$Lambda+0x000000003d737688
instanceKlass java/lang/Throwable$PrintStreamOrWriter
instanceKlass  @bci reactor/core/publisher/FluxOnAssembly$OnAssemblyException add (Lorg/reactivestreams/Publisher;Lorg/reactivestreams/Publisher;Ljava/lang/String;Ljava/lang/String;)V 9 <appendix> argL0 ; # reactor/core/publisher/FluxOnAssembly$OnAssemblyException$$Lambda+0x000000003d737430
instanceKlass reactor/core/Scannable$Attr$3
instanceKlass reactor/core/Scannable$Attr$2
instanceKlass reactor/core/Scannable$Attr$1
instanceKlass  @bci reactor/core/Scannable$Attr <clinit> ()V 140 <appendix> argL0 ; # reactor/core/Scannable$Attr$$Lambda+0x000000003d736568
instanceKlass  @bci reactor/core/Scannable$Attr <clinit> ()V 124 <appendix> argL0 ; # reactor/core/Scannable$Attr$$Lambda+0x000000003d736320
instanceKlass  @bci reactor/core/Scannable$Attr <clinit> ()V 5 <appendix> argL0 ; # reactor/core/Scannable$Attr$$Lambda+0x000000003d7360d8
instanceKlass reactor/core/publisher/FluxOnAssembly$ObservedAtInformationNode
instanceKlass  @bci reactor/core/Exceptions <clinit> ()V 62 <appendix> argL0 ; # reactor/core/Exceptions$$Lambda+0x000000003d735c88
instanceKlass reactor/core/Exceptions
instanceKlass reactor/core/publisher/Operators$EmptySubscription
instanceKlass reactor/core/publisher/MonoIgnoreThen$ThenIgnoreMain
instanceKlass  @bci org/springframework/web/reactive/function/client/DefaultClientResponse releaseBody ()Lreactor/core/publisher/Mono; 10 <appendix> argL0 ; # org/springframework/web/reactive/function/client/DefaultClientResponse$$Lambda+0x000000003d72f3c0
instanceKlass  @bci org/springframework/web/reactive/function/BodyExtractors toDataBuffers ()Lorg/springframework/web/reactive/function/BodyExtractor; 0 <appendix> argL0 ; # org/springframework/web/reactive/function/BodyExtractors$$Lambda+0x000000003d72f198
instanceKlass  @bci org/springframework/web/reactive/function/client/DefaultClientResponse initDecodeFunction ([BLorg/springframework/http/MediaType;)Ljava/util/function/Function; 3 <appendix> member <vmtarget> ; # org/springframework/web/reactive/function/client/DefaultClientResponse$$Lambda+0x000000003d72ef48
instanceKlass  @bci org/springframework/http/ReadOnlyHttpHeaders headerSet ()Ljava/util/Set; 27 <appendix> argL0 ; # org/springframework/http/ReadOnlyHttpHeaders$$Lambda+0x000000003d72ed00
instanceKlass  @bci org/springframework/http/ReadOnlyHttpHeaders headerSet ()Ljava/util/Set; 19 <appendix> argL0 ; # org/springframework/http/ReadOnlyHttpHeaders$$Lambda+0x000000003d72ead8
instanceKlass  @bci org/springframework/http/ReadOnlyHttpHeaders headerSet ()Ljava/util/Set; 9 <appendix> argL0 ; # org/springframework/http/ReadOnlyHttpHeaders$$Lambda+0x000000003d72e890
instanceKlass io/netty/handler/codec/HeadersUtils$StringIterator
instanceKlass org/springframework/http/support/Netty4HeadersAdapter$HeaderNamesIterator
instanceKlass  @bci org/springframework/web/reactive/function/client/WebClientResponseException initMessage (Lorg/springframework/http/HttpStatusCode;Ljava/lang/String;Lorg/springframework/http/HttpRequest;)Ljava/lang/String; 36 <adapter> ; # java/lang/invoke/LambdaForm$MH+0x000000003d730800
instanceKlass  @bci org/springframework/web/reactive/function/client/WebClientResponseException initMessage (Lorg/springframework/http/HttpStatusCode;Ljava/lang/String;Lorg/springframework/http/HttpRequest;)Ljava/lang/String; 36 <appendix> form vmentry <vmtarget> ; # java/lang/invoke/LambdaForm$MH+0x000000003d730400
instanceKlass org/springframework/web/reactive/function/client/WebClientResponseException$1
instanceKlass  @bci org/springframework/web/reactive/function/client/DefaultClientResponse lambda$createException$1 ([B)Lorg/springframework/web/reactive/function/client/WebClientResponseException; 24 <appendix> argL0 ; # org/springframework/web/reactive/function/client/DefaultClientResponse$$Lambda+0x000000003d72a798
instanceKlass org/springframework/web/reactive/function/client/ExchangeFunctions$DefaultExchangeFunction$1
instanceKlass io/netty/channel/AbstractChannel$AbstractUnsafe$6
instanceKlass io/netty/buffer/HeapByteBufUtil
instanceKlass io/netty/handler/codec/http/FullHttpResponse
instanceKlass reactor/core/publisher/FluxFilterFuseable$FilterFuseableConditionalSubscriber
instanceKlass reactor/core/publisher/FluxMapFuseable$MapFuseableConditionalSubscriber
instanceKlass reactor/core/publisher/Operators$BaseFluxToMonoOperator
instanceKlass reactor/core/publisher/FluxOnErrorReturn$ReturnSubscriber
instanceKlass  @bci org/springframework/web/reactive/function/client/DefaultWebClient$DefaultResponseSpec applyStatusHandlers (Lorg/springframework/web/reactive/function/client/ClientResponse;)Lreactor/core/publisher/Mono; 95 <appendix> argL0 ; # org/springframework/web/reactive/function/client/DefaultWebClient$DefaultResponseSpec$$Lambda+0x000000003d7264d8
instanceKlass  @bci org/springframework/web/reactive/function/client/DefaultWebClient$DefaultResponseSpec applyStatusHandlers (Lorg/springframework/web/reactive/function/client/ClientResponse;)Lreactor/core/publisher/Mono; 70 <appendix> member <vmtarget> ; # org/springframework/web/reactive/function/client/DefaultWebClient$DefaultResponseSpec$$Lambda+0x000000003d726288
instanceKlass  @bci org/springframework/web/reactive/function/client/DefaultWebClient$DefaultResponseSpec applyStatusHandlers (Lorg/springframework/web/reactive/function/client/ClientResponse;)Lreactor/core/publisher/Mono; 57 <appendix> member <vmtarget> ; # org/springframework/web/reactive/function/client/DefaultWebClient$DefaultResponseSpec$$Lambda+0x000000003d726038
instanceKlass  @bci org/springframework/web/reactive/function/client/DefaultClientResponse createException ()Lreactor/core/publisher/Mono; 24 <appendix> member <vmtarget> ; # org/springframework/web/reactive/function/client/DefaultClientResponse$$Lambda+0x000000003d725de8
instanceKlass  @bci org/springframework/web/reactive/function/client/DefaultClientResponse createException ()Lreactor/core/publisher/Mono; 12 <appendix> argL0 ; # org/springframework/web/reactive/function/client/DefaultClientResponse$$Lambda+0x000000003d725b90
instanceKlass  @bci org/springframework/http/HttpStatusCode valueOf (I)Lorg/springframework/http/HttpStatusCode; 19 <appendix> member <vmtarget> ; # org/springframework/http/HttpStatusCode$$Lambda+0x000000003d725968
instanceKlass  @bci org/springframework/web/reactive/function/client/DefaultWebClient$DefaultResponseSpec exceptionWrappingFunction (Lorg/springframework/web/reactive/function/client/ClientResponse;)Ljava/util/function/Function; 1 <appendix> member <vmtarget> ; # org/springframework/web/reactive/function/client/DefaultWebClient$DefaultResponseSpec$$Lambda+0x000000003d725718
instanceKlass  @bci org/springframework/core/codec/AbstractDataBufferDecoder decodeToMono (Lorg/reactivestreams/Publisher;Lorg/springframework/core/ResolvableType;Lorg/springframework/util/MimeType;Ljava/util/Map;)Lreactor/core/publisher/Mono; 13 <appendix> member <vmtarget> ; # org/springframework/core/codec/AbstractDataBufferDecoder$$Lambda+0x000000003d7254c8
instanceKlass  @bci org/springframework/core/io/buffer/DataBufferUtils join (Lorg/reactivestreams/Publisher;I)Lreactor/core/publisher/Mono; 57 <appendix> argL0 ; # org/springframework/core/io/buffer/DataBufferUtils$$Lambda+0x000000003d725290
instanceKlass  @bci org/springframework/core/io/buffer/DataBufferUtils join (Lorg/reactivestreams/Publisher;I)Lreactor/core/publisher/Mono; 47 <appendix> argL0 ; # org/springframework/core/io/buffer/DataBufferUtils$$Lambda+0x000000003d725048
instanceKlass  @bci org/springframework/core/io/buffer/DataBufferUtils join (Lorg/reactivestreams/Publisher;I)Lreactor/core/publisher/Mono; 39 <appendix> argL0 ; # org/springframework/core/io/buffer/DataBufferUtils$$Lambda+0x000000003d724df0
instanceKlass  @bci org/springframework/core/io/buffer/DataBufferUtils join (Lorg/reactivestreams/Publisher;I)Lreactor/core/publisher/Mono; 31 <appendix> argL0 ; # org/springframework/core/io/buffer/DataBufferUtils$$Lambda+0x000000003d724bb8
instanceKlass  @bci org/springframework/core/io/buffer/DataBufferUtils join (Lorg/reactivestreams/Publisher;I)Lreactor/core/publisher/Mono; 26 <appendix> member <vmtarget> ; # org/springframework/core/io/buffer/DataBufferUtils$$Lambda+0x000000003d724990
instanceKlass  @bci org/springframework/core/io/buffer/DataBufferUtils <clinit> ()V 8 <appendix> argL0 ; # org/springframework/core/io/buffer/DataBufferUtils$$Lambda+0x000000003d7240d0
instanceKlass  @bci org/springframework/http/client/reactive/ReactorClientHttpResponse getBody ()Lreactor/core/publisher/Flux; 19 <appendix> member <vmtarget> ; # org/springframework/http/client/reactive/ReactorClientHttpResponse$$Lambda+0x000000003d723e80
instanceKlass  @bci org/springframework/http/client/reactive/ReactorClientHttpResponse getBody ()Lreactor/core/publisher/Flux; 10 <appendix> member <vmtarget> ; # org/springframework/http/client/reactive/ReactorClientHttpResponse$$Lambda+0x000000003d723c40
instanceKlass  @bci reactor/netty/ByteBufFlux <clinit> ()V 0 <appendix> argL0 ; # reactor/netty/ByteBufFlux$$Lambda+0x000000003d7239f8
instanceKlass  @bci org/springframework/web/reactive/function/BodyExtractors readToMono (Lorg/springframework/http/ReactiveHttpInputMessage;Lorg/springframework/web/reactive/function/BodyExtractor$Context;Lorg/springframework/core/ResolvableType;Lorg/springframework/http/codec/HttpMessageReader;)Lreactor/core/publisher/Mono; 22 <appendix> member <vmtarget> ; # org/springframework/web/reactive/function/BodyExtractors$$Lambda+0x000000003d723168
instanceKlass  @bci org/springframework/web/reactive/function/BodyExtractors readToMono (Lorg/springframework/http/ReactiveHttpInputMessage;Lorg/springframework/web/reactive/function/BodyExtractor$Context;Lorg/springframework/core/ResolvableType;Lorg/springframework/http/codec/HttpMessageReader;)Lreactor/core/publisher/Mono; 10 <appendix> member <vmtarget> ; # org/springframework/web/reactive/function/BodyExtractors$$Lambda+0x000000003d722f18
instanceKlass org/springframework/http/server/reactive/ServerHttpResponse
instanceKlass jakarta/xml/bind/annotation/XmlType
instanceKlass jakarta/xml/bind/annotation/XmlRootElement
instanceKlass  @bci org/springframework/web/reactive/function/BodyExtractors skipBodyAsMono (Lorg/springframework/http/ReactiveHttpInputMessage;)Ljava/util/function/Supplier; 8 <appendix> member <vmtarget> ; # org/springframework/web/reactive/function/BodyExtractors$$Lambda+0x000000003d7226d0
instanceKlass  @bci org/springframework/web/reactive/function/BodyExtractors lambda$toMono$0 (Lorg/springframework/core/ResolvableType;Lorg/springframework/http/ReactiveHttpInputMessage;Lorg/springframework/web/reactive/function/BodyExtractor$Context;)Lreactor/core/publisher/Mono; 12 <appendix> member <vmtarget> ; # org/springframework/web/reactive/function/BodyExtractors$$Lambda+0x000000003d722480
instanceKlass  @bci org/springframework/web/reactive/function/BodyExtractors lambda$toMono$0 (Lorg/springframework/core/ResolvableType;Lorg/springframework/http/ReactiveHttpInputMessage;Lorg/springframework/web/reactive/function/BodyExtractor$Context;)Lreactor/core/publisher/Mono; 6 <appendix> member <vmtarget> ; # org/springframework/web/reactive/function/BodyExtractors$$Lambda+0x000000003d722230
instanceKlass  @bci org/springframework/web/reactive/function/BodyExtractors toMono (Lorg/springframework/core/ResolvableType;)Lorg/springframework/web/reactive/function/BodyExtractor; 1 <appendix> member <vmtarget> ; # org/springframework/web/reactive/function/BodyExtractors$$Lambda+0x000000003d722000
instanceKlass org/springframework/web/reactive/function/BodyExtractor
instanceKlass org/springframework/web/reactive/function/BodyExtractors
instanceKlass org/springframework/web/reactive/function/client/DefaultClientResponse$1
instanceKlass org/springframework/web/reactive/function/client/DefaultClientResponse$DefaultHeaders
instanceKlass  @bci org/springframework/web/reactive/function/client/ExchangeFunctions$DefaultExchangeFunction lambda$exchange$4 (Lorg/springframework/web/reactive/function/client/ClientRequest;Lorg/springframework/http/HttpMethod;Ljava/net/URI;Lorg/springframework/http/client/reactive/ClientHttpResponse;)Lorg/springframework/web/reactive/function/client/ClientResponse; 36 <appendix> member <vmtarget> ; # org/springframework/web/reactive/function/client/ExchangeFunctions$DefaultExchangeFunction$$Lambda+0x000000003d7214f8
instanceKlass org/springframework/web/reactive/function/BodyExtractor$Context
instanceKlass org/springframework/web/reactive/function/client/ClientResponse$Headers
instanceKlass org/springframework/web/reactive/function/client/DefaultClientResponse
instanceKlass  @bci org/springframework/web/reactive/function/client/ExchangeFunctions$DefaultExchangeFunction logResponse (Lorg/springframework/http/client/reactive/ClientHttpResponse;Ljava/lang/String;)V 6 <appendix> member <vmtarget> ; # org/springframework/web/reactive/function/client/ExchangeFunctions$DefaultExchangeFunction$$Lambda+0x000000003d720590
instanceKlass io/netty/buffer/ByteBufUtil$HexUtil
instanceKlass reactor/core/publisher/MonoFlatMapMany$FlatMapManyInner
instanceKlass reactor/netty/FutureMono$FutureSubscription
instanceKlass reactor/core/publisher/FluxFirstWithSignal$RaceCoordinator
instanceKlass  @bci org/springframework/http/client/reactive/ReactorClientHttpConnector registerAttributeCallback (Lreactor/netty/Connection;)V 18 <appendix> member <vmtarget> ; # org/springframework/http/client/reactive/ReactorClientHttpConnector$$Lambda+0x000000003d71e620
instanceKlass  @bci org/springframework/http/client/reactive/ReactorClientHttpConnector registerAttributeCallback (Lreactor/netty/Connection;)V 12 <appendix> member <vmtarget> ; # org/springframework/http/client/reactive/ReactorClientHttpConnector$$Lambda+0x000000003d71e3e0
instanceKlass  @bci org/springframework/http/client/reactive/ReactorClientHttpConnector registerAttributeCallback (Lreactor/netty/Connection;)V 6 <appendix> argL0 ; # org/springframework/http/client/reactive/ReactorClientHttpConnector$$Lambda+0x000000003d71e1a8
instanceKlass org/springframework/http/support/Netty4HeadersAdapter
instanceKlass org/springframework/http/client/reactive/ReactorClientHttpResponse
instanceKlass reactor/netty/http/Cookies
instanceKlass reactor/netty/http/client/HttpClientOperations$ResponseState
instanceKlass io/netty/channel/embedded/EmbeddedEventLoop$FreezableTicker
instanceKlass  @bci io/netty/channel/embedded/EmbeddedChannel <init> (Lio/netty/channel/embedded/EmbeddedChannel$Builder;)V 14 <appendix> member <vmtarget> ; # io/netty/channel/embedded/EmbeddedChannel$$Lambda+0x000000003d71bb20
instanceKlass io/netty/channel/embedded/EmbeddedChannel$EmbeddedUnsafe$1
instanceKlass io/netty/handler/codec/compression/ByteBufChecksum$1
instanceKlass io/netty/handler/codec/compression/ByteBufChecksum
instanceKlass io/netty/handler/codec/compression/JdkZlibDecoder$1
instanceKlass io/netty/handler/codec/compression/CompressionUtil
instanceKlass io/netty/handler/codec/compression/ZlibCodecFactory
instanceKlass io/netty/channel/embedded/EmbeddedChannelId
instanceKlass io/netty/channel/embedded/EmbeddedChannel$Builder
instanceKlass io/netty/util/AsciiStringUtil
instanceKlass io/netty/util/internal/SWARUtil
instanceKlass io/netty/handler/codec/http/HttpObjectDecoder$4
instanceKlass  @bci sun/security/util/MemoryCache put (Ljava/lang/Object;Ljava/lang/Object;Z)V 126 <appendix> member <vmtarget> ; # sun/security/util/MemoryCache$$TypeSwitch+0x000000003d62ff28
instanceKlass io/netty/channel/socket/ChannelInputShutdownEvent
instanceKlass io/netty/handler/codec/http/HttpExpectationFailedEvent
instanceKlass sun/nio/ch/NativeObject
instanceKlass sun/nio/ch/IOVecWrapper
instanceKlass io/netty/channel/DelegatingChannelPromiseNotifier
instanceKlass io/netty/util/concurrent/PromiseCombiner$1
instanceKlass io/netty/util/concurrent/PromiseCombiner
instanceKlass io/netty/handler/codec/http/HttpHeadersEncoder
instanceKlass io/netty/handler/codec/DefaultHeaders$HeaderIterator
instanceKlass io/netty/handler/codec/http/HttpResponse
instanceKlass io/netty/handler/codec/http/LastHttpContent$1
instanceKlass io/netty/handler/codec/http/FullHttpRequest
instanceKlass io/netty/handler/codec/HeadersUtils
instanceKlass  @bci java/util/function/Consumer andThen (Ljava/util/function/Consumer;)Ljava/util/function/Consumer; 7 <appendix> member <vmtarget> ; # java/util/function/Consumer$$Lambda+0x000000003d75c058
instanceKlass  @cpi java/util/function/Consumer 43 form vmentry <vmtarget> ; # java/lang/invoke/LambdaForm$DMH+0x000000003d714000
instanceKlass  @bci org/springframework/http/client/reactive/ReactorClientHttpRequest applyCookies ()V 10 <appendix> member <vmtarget> ; # org/springframework/http/client/reactive/ReactorClientHttpRequest$$Lambda+0x000000003d712490
instanceKlass  @bci org/springframework/http/client/reactive/ReactorClientHttpRequest applyHeaders ()V 5 <appendix> member <vmtarget> ; # org/springframework/http/client/reactive/ReactorClientHttpRequest$$Lambda+0x000000003d712250
instanceKlass reactor/core/publisher/MonoIgnoreElements$IgnoreElementsSubscriber
instanceKlass  @bci reactor/netty/http/HttpOperations send (Lorg/reactivestreams/Publisher;)Lreactor/netty/NettyOutbound; 49 <appendix> argL0 ; # reactor/netty/http/HttpOperations$$Lambda+0x000000003d711548
instanceKlass  @bci reactor/netty/http/HttpOperations send (Lorg/reactivestreams/Publisher;)Lreactor/netty/NettyOutbound; 39 <appendix> member <vmtarget> ; # reactor/netty/http/HttpOperations$$Lambda+0x000000003d7112f8
instanceKlass  @bci org/springframework/http/client/reactive/ReactorClientHttpRequest lambda$writeWith$0 (Lorg/reactivestreams/Publisher;)Lorg/reactivestreams/Publisher; 11 <appendix> argL0 ; # org/springframework/http/client/reactive/ReactorClientHttpRequest$$Lambda+0x000000003d710d58
instanceKlass  @bci org/springframework/http/client/reactive/AbstractClientHttpRequest lambda$doCommit$0 ()Lorg/reactivestreams/Publisher; 1 <appendix> member <vmtarget> ; # org/springframework/http/client/reactive/AbstractClientHttpRequest$$Lambda+0x000000003d710b28
instanceKlass  @bci org/springframework/http/client/reactive/AbstractClientHttpRequest doCommit (Ljava/util/function/Supplier;)Lreactor/core/publisher/Mono; 25 <appendix> member <vmtarget> ; # org/springframework/http/client/reactive/AbstractClientHttpRequest$$Lambda+0x000000003d7108f8
instanceKlass  @bci org/springframework/http/client/reactive/ReactorClientHttpRequest writeWith (Lorg/reactivestreams/Publisher;)Lreactor/core/publisher/Mono; 3 <appendix> member <vmtarget> ; # org/springframework/http/client/reactive/ReactorClientHttpRequest$$Lambda+0x000000003d7106c8
instanceKlass  @bci org/springframework/http/codec/EncoderHttpMessageWriter lambda$write$1 (Ljava/util/Map;Lorg/springframework/http/ReactiveHttpOutputMessage;Lorg/springframework/core/io/buffer/DataBuffer;)Lreactor/core/publisher/Mono; 31 <appendix> argL0 ; # org/springframework/http/codec/EncoderHttpMessageWriter$$Lambda+0x000000003d710490
instanceKlass org/springframework/core/io/buffer/DataBuffer$ByteBufferIterator
instanceKlass org/springframework/core/io/buffer/NettyDataBuffer
instanceKlass org/springframework/core/io/buffer/PooledDataBuffer
instanceKlass org/springframework/core/io/buffer/TouchableDataBuffer
instanceKlass  @bci org/springframework/core/codec/CharSequenceEncoder calculateCapacity (Ljava/lang/CharSequence;Ljava/nio/charset/Charset;)I 5 <appendix> argL0 ; # org/springframework/core/codec/CharSequenceEncoder$$Lambda+0x000000003d709258
instanceKlass  @bci org/springframework/core/log/CompositeLog isDebugEnabled ()Z 1 <appendix> argL0 ; # org/springframework/core/log/CompositeLog$$Lambda+0x000000003d709000
instanceKlass  @bci org/springframework/core/codec/CharSequenceEncoder encodeValue (Ljava/lang/CharSequence;Lorg/springframework/core/io/buffer/DataBufferFactory;Lorg/springframework/core/ResolvableType;Lorg/springframework/util/MimeType;Ljava/util/Map;)Lorg/springframework/core/io/buffer/DataBuffer; 15 <appendix> member <vmtarget> ; # org/springframework/core/codec/CharSequenceEncoder$$Lambda+0x000000003d70bd58
instanceKlass reactor/core/publisher/Operators$ScalarSubscription
instanceKlass reactor/core/Fuseable$SynchronousSubscription
instanceKlass reactor/core/publisher/FluxMapFuseable$MapFuseableSubscriber
instanceKlass reactor/core/publisher/Operators$MonoInnerProducerBase
instanceKlass  @bci reactor/core/publisher/Operators discardLocalAdapter (Ljava/lang/Class;Ljava/util/function/Consumer;)Ljava/util/function/Function; 23 <appendix> member <vmtarget> ; # reactor/core/publisher/Operators$$Lambda+0x000000003d70a478
instanceKlass  @bci reactor/core/publisher/Operators discardLocalAdapter (Ljava/lang/Class;Ljava/util/function/Consumer;)Ljava/util/function/Function; 16 <appendix> member <vmtarget> ; # reactor/core/publisher/Operators$$Lambda+0x000000003d70a238
instanceKlass  @bci org/springframework/http/codec/EncoderHttpMessageWriter write (Lorg/reactivestreams/Publisher;Lorg/springframework/core/ResolvableType;Lorg/springframework/http/MediaType;Lorg/springframework/http/ReactiveHttpOutputMessage;Ljava/util/Map;)Lreactor/core/publisher/Mono; 72 <appendix> argL0 ; # org/springframework/http/codec/EncoderHttpMessageWriter$$Lambda+0x000000003d70a000
instanceKlass org/springframework/core/io/buffer/OutputStreamPublisher$ByteMapper
instanceKlass org/springframework/core/io/buffer/DataBufferUtils$NestedMatcher
instanceKlass org/springframework/core/io/buffer/DataBufferUtils$Matcher
instanceKlass org/springframework/core/io/buffer/DataBufferUtils
instanceKlass  @bci org/springframework/http/codec/EncoderHttpMessageWriter write (Lorg/reactivestreams/Publisher;Lorg/springframework/core/ResolvableType;Lorg/springframework/http/MediaType;Lorg/springframework/http/ReactiveHttpOutputMessage;Ljava/util/Map;)Lreactor/core/publisher/Mono; 62 <appendix> member <vmtarget> ; # org/springframework/http/codec/EncoderHttpMessageWriter$$Lambda+0x000000003d70f0d0
instanceKlass  @bci org/springframework/http/codec/EncoderHttpMessageWriter write (Lorg/reactivestreams/Publisher;Lorg/springframework/core/ResolvableType;Lorg/springframework/http/MediaType;Lorg/springframework/http/ReactiveHttpOutputMessage;Ljava/util/Map;)Lreactor/core/publisher/Mono; 47 <appendix> member <vmtarget> ; # org/springframework/http/codec/EncoderHttpMessageWriter$$Lambda+0x000000003d70eea0
instanceKlass  @bci org/springframework/core/codec/CharSequenceEncoder encode (Lorg/reactivestreams/Publisher;Lorg/springframework/core/io/buffer/DataBufferFactory;Lorg/springframework/core/ResolvableType;Lorg/springframework/util/MimeType;Ljava/util/Map;)Lreactor/core/publisher/Flux; 11 <appendix> member <vmtarget> ; # org/springframework/core/codec/CharSequenceEncoder$$Lambda+0x000000003d70ec50
instanceKlass  @bci org/springframework/web/reactive/function/BodyInserters write (Lorg/reactivestreams/Publisher;Lorg/springframework/core/ResolvableType;Lorg/springframework/http/MediaType;Lorg/springframework/http/ReactiveHttpOutputMessage;Lorg/springframework/web/reactive/function/BodyInserter$Context;Lorg/springframework/http/codec/HttpMessageWriter;)Lreactor/core/publisher/Mono; 31 <appendix> member <vmtarget> ; # org/springframework/web/reactive/function/BodyInserters$$Lambda+0x000000003d70ea20
instanceKlass  @bci org/springframework/web/reactive/function/BodyInserters write (Lorg/reactivestreams/Publisher;Lorg/springframework/core/ResolvableType;Lorg/springframework/http/MediaType;Lorg/springframework/http/ReactiveHttpOutputMessage;Lorg/springframework/web/reactive/function/BodyInserter$Context;Lorg/springframework/http/codec/HttpMessageWriter;)Lreactor/core/publisher/Mono; 15 <appendix> member <vmtarget> ; # org/springframework/web/reactive/function/BodyInserters$$Lambda+0x000000003d70e7d0
instanceKlass org/springframework/http/server/reactive/ServerHttpRequest
instanceKlass org/springframework/http/converter/json/MappingJacksonValue
instanceKlass org/springframework/web/reactive/function/client/DefaultClientRequestBuilder$BodyInserterRequest$1
instanceKlass  @bci org/springframework/web/reactive/function/client/DefaultClientRequestBuilder$BodyInserterRequest writeTo (Lorg/springframework/http/client/reactive/ClientHttpRequest;Lorg/springframework/web/reactive/function/client/ExchangeStrategies;)Lreactor/core/publisher/Mono; 27 <appendix> member <vmtarget> ; # org/springframework/web/reactive/function/client/DefaultClientRequestBuilder$BodyInserterRequest$$Lambda+0x000000003d70dee8
instanceKlass org/springframework/core/io/buffer/NettyDataBufferFactory
instanceKlass org/springframework/core/io/buffer/DataBufferFactory
instanceKlass  @bci reactor/netty/http/client/HttpClientConnect$HttpIOHandlerObserver onStateChange (Lreactor/netty/Connection;Lreactor/netty/ConnectionObserver$State;)V 84 <appendix> member <vmtarget> ; # reactor/netty/http/client/HttpClientConnect$HttpIOHandlerObserver$$Lambda+0x000000003d70d3b0
instanceKlass reactor/core/publisher/InternalOneSink
instanceKlass io/netty/handler/codec/http2/Http2StreamChannel
instanceKlass io/netty/handler/codec/http/DefaultHttpObject
instanceKlass  @bci reactor/netty/channel/FluxReceive <init> (Lreactor/netty/channel/ChannelOperations;)V 48 <appendix> member <vmtarget> ; # reactor/netty/channel/FluxReceive$$Lambda+0x000000003d703790
instanceKlass  @cpi reactor/netty/channel/FluxReceive 267 form vmentry <vmtarget> ; # java/lang/invoke/LambdaForm$DMH+0x000000003d708000
instanceKlass  @bci reactor/netty/channel/FluxReceive <clinit> ()V 12 <appendix> argL0 ; # reactor/netty/channel/FluxReceive$$Lambda+0x000000003d703558
instanceKlass  @cpi reactor/netty/channel/FluxReceive 389 form vmentry <vmtarget> ; # java/lang/invoke/LambdaForm$DMH+0x000000003d701c00
# instanceKlass java/lang/invoke/LambdaForm$DMH+0x000000003d701800
instanceKlass io/netty/handler/codec/http/HttpVersion
instanceKlass reactor/netty/NettyPipeline
instanceKlass  @bci reactor/netty/http/HttpOperations <clinit> ()V 10 <appendix> argL0 ; # reactor/netty/http/HttpOperations$$Lambda+0x000000003d702ba8
instanceKlass reactor/netty/http/websocket/WebsocketOutbound
instanceKlass reactor/netty/http/websocket/WebsocketInbound
instanceKlass io/netty/handler/codec/http/HttpRequest
instanceKlass io/netty/handler/ssl/SslCompletionEvent
instanceKlass com/sun/crypto/provider/GaloisCounterMode$EncryptOp
instanceKlass sun/security/ssl/SSLBasicKeyDerivation
instanceKlass sun/security/ssl/Finished$1
instanceKlass sun/security/ssl/Finished$T13VerifyDataGenerator
instanceKlass sun/security/ssl/Finished$T12VerifyDataGenerator
instanceKlass sun/security/ssl/Finished$T10VerifyDataGenerator
instanceKlass sun/security/ssl/Finished$S30VerifyDataGenerator
instanceKlass sun/security/ssl/Finished$VerifyDataGenerator
instanceKlass sun/security/util/math/IntegerModuloP$MultiplicativeInverser$Secp256R1Field
instanceKlass  @bci sun/security/ec/ECDSASignature engineVerify ([B)Z 37 <appendix> member <vmtarget> ; # sun/security/ec/ECDSASignature$$Lambda+0x000000003d759af8
instanceKlass  @bci sun/security/ec/ECDSAOperations forParameters (Ljava/security/spec/ECParameterSpec;)Ljava/util/Optional; 7 <appendix> member <vmtarget> ; # sun/security/ec/ECDSAOperations$$Lambda+0x000000003d759640
instanceKlass sun/security/ec/ECDSAOperations
# instanceKlass java/lang/invoke/LambdaForm$DMH+0x000000003d701400
instanceKlass sun/security/ssl/X509Authentication$X509Credentials
instanceKlass  @bci sun/security/util/HostnameChecker hasIllegalWildcard (Ljava/lang/String;Z)Z 169 <appendix> argL0 ; # sun/security/util/HostnameChecker$$Lambda+0x000000003d758d68
instanceKlass  @bci sun/security/util/HostnameChecker hasIllegalWildcard (Ljava/lang/String;Z)Z 161 <appendix> argL0 ; # sun/security/util/HostnameChecker$$Lambda+0x000000003d758b10
instanceKlass sun/security/util/DomainName$RegisteredDomainImpl
instanceKlass sun/security/util/DomainName$CommonMatch
instanceKlass sun/security/util/DomainName$Match
instanceKlass java/util/LinkedList$DescendingIterator
instanceKlass sun/security/util/DomainName$Rule
instanceKlass sun/security/util/DomainName$Rules$RuleSet
instanceKlass  @bci sun/security/util/DomainName$Rules getRules (Ljava/lang/String;)Lsun/security/util/DomainName$Rules; 19 <appendix> member <vmtarget> ; # sun/security/util/DomainName$Rules$$Lambda+0x000000003d756d20
instanceKlass sun/security/util/DomainName$Rules
instanceKlass sun/security/util/DomainName
instanceKlass sun/security/util/RegisteredDomain
instanceKlass sun/security/util/HostnameChecker
# instanceKlass java/lang/invoke/LambdaForm$DMH+0x000000003d701000
instanceKlass sun/security/util/MemoryCache$QueueCacheEntry
instanceKlass sun/security/util/AnchorCertificates
instanceKlass sun/security/validator/CamerfirmaTLSPolicy
instanceKlass sun/security/validator/EntrustTLSPolicy
instanceKlass sun/security/validator/SymantecTLSPolicy
instanceKlass java/security/cert/PKIXCertPathValidatorResult
instanceKlass java/security/cert/CertPathValidatorResult
instanceKlass sun/security/rsa/RSAPadding
instanceKlass sun/security/rsa/RSACore
instanceKlass java/security/interfaces/RSAPrivateCrtKey
instanceKlass java/security/interfaces/RSAPrivateKey
instanceKlass sun/security/util/SignatureUtil
instanceKlass java/security/interfaces/DSAPublicKey
instanceKlass java/security/interfaces/DSAKey
instanceKlass sun/security/util/Length
instanceKlass sun/security/provider/certpath/CertPathConstraintsParameters
instanceKlass sun/security/util/ConstraintsParameters
instanceKlass sun/security/provider/certpath/PKIXMasterCertPathValidator
instanceKlass sun/security/provider/certpath/PolicyNodeImpl
instanceKlass java/security/cert/PolicyNode
instanceKlass sun/security/util/DisabledAlgorithmConstraints$CertPathHolder
instanceKlass  @bci sun/security/x509/X509CertImpl getFingerprint (Ljava/lang/String;Lsun/security/util/Debug;)Ljava/lang/String; 7 <appendix> member <vmtarget> ; # sun/security/x509/X509CertImpl$$Lambda+0x000000003d750c70
instanceKlass sun/security/util/UntrustedCertificates
instanceKlass java/security/cert/X509CertSelector
instanceKlass java/security/cert/CertSelector
instanceKlass sun/security/provider/certpath/PKIX$ValidatorParams
instanceKlass sun/security/provider/certpath/PKIX
instanceKlass java/security/cert/CertPath
instanceKlass java/security/cert/CertPathValidatorSpi
instanceKlass java/security/cert/CertPathValidator
instanceKlass java/security/cert/PKIXCertPathChecker
instanceKlass java/security/cert/CertPathChecker
instanceKlass java/security/Timestamp
instanceKlass sun/security/ssl/SSLAlgorithmConstraints$SupportedSignatureAlgorithmConstraints
instanceKlass jdk/internal/icu/impl/NormalizerImpl$IsAcceptable
instanceKlass jdk/internal/icu/impl/NormalizerImpl
instanceKlass jdk/internal/icu/impl/Norm2AllModes$Norm2AllModesSingleton
instanceKlass jdk/internal/icu/impl/Norm2AllModes$NFKCSingleton
instanceKlass jdk/internal/icu/impl/Norm2AllModes
instanceKlass jdk/internal/icu/text/Normalizer2
instanceKlass jdk/internal/icu/text/NormalizerBase$ModeImpl
instanceKlass jdk/internal/icu/text/NormalizerBase$NFKDModeImpl
instanceKlass jdk/internal/icu/text/NormalizerBase$1
instanceKlass jdk/internal/icu/text/NormalizerBase$Mode
instanceKlass jdk/internal/icu/text/NormalizerBase
instanceKlass java/text/Normalizer
instanceKlass  @bci sun/security/pkcs/PKCS9Attribute <clinit> ()V 531 <appendix> argL0 ; # sun/security/pkcs/PKCS9Attribute$$Lambda+0x000000003d74a700
instanceKlass  @bci sun/security/pkcs/PKCS9Attribute <clinit> ()V 526 <appendix> argL0 ; # sun/security/pkcs/PKCS9Attribute$$Lambda+0x000000003d74a4d8
instanceKlass  @bci sun/security/pkcs/PKCS9Attribute <clinit> ()V 504 <appendix> argL0 ; # sun/security/pkcs/PKCS9Attribute$$Lambda+0x000000003d74a2b0
instanceKlass  @bci sun/security/pkcs/PKCS9Attribute <clinit> ()V 499 <appendix> argL0 ; # sun/security/pkcs/PKCS9Attribute$$Lambda+0x000000003d74a088
instanceKlass  @bci sun/security/pkcs/PKCS9Attribute <clinit> ()V 477 <appendix> argL0 ; # sun/security/pkcs/PKCS9Attribute$$Lambda+0x000000003d749e60
instanceKlass  @bci sun/security/pkcs/PKCS9Attribute <clinit> ()V 472 <appendix> argL0 ; # sun/security/pkcs/PKCS9Attribute$$Lambda+0x000000003d749c38
instanceKlass sun/security/pkcs/SigningCertificateInfo
instanceKlass  @bci sun/security/pkcs/PKCS9Attribute <clinit> ()V 449 <appendix> argL0 ; # sun/security/pkcs/PKCS9Attribute$$Lambda+0x000000003d7497f0
instanceKlass  @bci sun/security/pkcs/PKCS9Attribute <clinit> ()V 444 <appendix> argL0 ; # sun/security/pkcs/PKCS9Attribute$$Lambda+0x000000003d7495c8
instanceKlass  @bci sun/security/pkcs/PKCS9Attribute <clinit> ()V 401 <appendix> argL0 ; # sun/security/pkcs/PKCS9Attribute$$Lambda+0x000000003d7493a0
instanceKlass  @bci sun/security/pkcs/PKCS9Attribute <clinit> ()V 396 <appendix> argL0 ; # sun/security/pkcs/PKCS9Attribute$$Lambda+0x000000003d749178
instanceKlass  @bci sun/security/pkcs/PKCS9Attribute <clinit> ()V 353 <appendix> argL0 ; # sun/security/pkcs/PKCS9Attribute$$Lambda+0x000000003d748f50
instanceKlass  @bci sun/security/pkcs/PKCS9Attribute <clinit> ()V 348 <appendix> argL0 ; # sun/security/pkcs/PKCS9Attribute$$Lambda+0x000000003d748d28
instanceKlass  @bci sun/security/pkcs/PKCS9Attribute <clinit> ()V 325 <appendix> argL0 ; # sun/security/pkcs/PKCS9Attribute$$Lambda+0x000000003d748b00
instanceKlass  @bci sun/security/pkcs/PKCS9Attribute <clinit> ()V 320 <appendix> argL0 ; # sun/security/pkcs/PKCS9Attribute$$Lambda+0x000000003d7488d8
instanceKlass sun/security/pkcs/SignerInfo
instanceKlass  @bci sun/security/pkcs/PKCS9Attribute <clinit> ()V 292 <appendix> argL0 ; # sun/security/pkcs/PKCS9Attribute$$Lambda+0x000000003d748408
instanceKlass  @bci sun/security/pkcs/PKCS9Attribute <clinit> ()V 287 <appendix> argL0 ; # sun/security/pkcs/PKCS9Attribute$$Lambda+0x000000003d7481e0
instanceKlass  @bci sun/security/pkcs/PKCS9Attribute <clinit> ()V 265 <appendix> argL0 ; # sun/security/pkcs/PKCS9Attribute$$Lambda+0x000000003d747fb8
instanceKlass  @bci sun/security/pkcs/PKCS9Attribute <clinit> ()V 260 <appendix> argL0 ; # sun/security/pkcs/PKCS9Attribute$$Lambda+0x000000003d747d90
instanceKlass  @bci sun/security/pkcs/PKCS9Attribute <clinit> ()V 238 <appendix> argL0 ; # sun/security/pkcs/PKCS9Attribute$$Lambda+0x000000003d747b68
instanceKlass  @bci sun/security/pkcs/PKCS9Attribute <clinit> ()V 233 <appendix> argL0 ; # sun/security/pkcs/PKCS9Attribute$$Lambda+0x000000003d747940
instanceKlass  @bci sun/security/pkcs/PKCS9Attribute <clinit> ()V 185 <appendix> argL0 ; # sun/security/pkcs/PKCS9Attribute$$Lambda+0x000000003d747718
instanceKlass  @bci sun/security/pkcs/PKCS9Attribute <clinit> ()V 180 <appendix> argL0 ; # sun/security/pkcs/PKCS9Attribute$$Lambda+0x000000003d7474f0
instanceKlass  @bci sun/security/pkcs/PKCS9Attribute <clinit> ()V 157 <appendix> argL0 ; # sun/security/pkcs/PKCS9Attribute$$Lambda+0x000000003d7470b0
instanceKlass sun/security/pkcs/PKCS9Attribute$Encoder
instanceKlass  @bci sun/security/pkcs/PKCS9Attribute <clinit> ()V 152 <appendix> argL0 ; # sun/security/pkcs/PKCS9Attribute$$Lambda+0x000000003d746c80
instanceKlass sun/security/pkcs/PKCS9Attribute$Decoder
instanceKlass sun/security/pkcs/PKCS9Attribute
instanceKlass sun/security/x509/AVAKeyword
instanceKlass java/security/cert/PKIXParameters
instanceKlass java/security/cert/CertPathParameters
instanceKlass sun/security/provider/certpath/CertPathHelper
instanceKlass java/security/cert/TrustAnchor
instanceKlass sun/security/validator/EndEntityChecker
instanceKlass sun/security/validator/Validator
instanceKlass sun/security/ssl/CertificateMessage$CertificateEntry
instanceKlass com/sun/crypto/provider/GaloisCounterMode$DecryptOp
instanceKlass com/sun/crypto/provider/GaloisCounterMode$GCMOperation
instanceKlass com/sun/crypto/provider/GHASH
instanceKlass com/sun/crypto/provider/GCM
instanceKlass com/sun/crypto/provider/GaloisCounterMode$GCMEngine
instanceKlass javax/crypto/spec/GCMParameterSpec
instanceKlass  @bci io/netty/util/concurrent/ConcurrentSkipListIntObjMultimap acquireFence ()V 3 <adapter> ; # java/lang/invoke/LambdaForm$MH+0x000000003d700c00
instanceKlass sun/security/ssl/ChangeCipherSpec$T13ChangeCipherSpecConsumer
instanceKlass sun/security/ssl/ChangeCipherSpec$T10ChangeCipherSpecProducer
instanceKlass sun/security/ssl/ChangeCipherSpec$T10ChangeCipherSpecConsumer
instanceKlass sun/security/ssl/ChangeCipherSpec
instanceKlass javax/crypto/spec/IvParameterSpec
instanceKlass sun/security/ssl/SSLTrafficKeyDerivation$T13TrafficKeyDerivation
instanceKlass sun/security/ssl/SSLTrafficKeyDerivation$1
instanceKlass sun/security/ssl/SSLTrafficKeyDerivation$T13TrafficKeyDerivationGenerator
instanceKlass sun/security/ssl/SSLTrafficKeyDerivation$T12TrafficKeyDerivationGenerator
instanceKlass sun/security/ssl/SSLTrafficKeyDerivation$T10TrafficKeyDerivationGenerator
instanceKlass sun/security/ssl/SSLTrafficKeyDerivation$S30TrafficKeyDerivationGenerator
instanceKlass sun/security/ssl/SSLKeyDerivationGenerator
instanceKlass javax/crypto/spec/HKDFParameterSpec$Expand
instanceKlass sun/security/ssl/SSLSecretDerivation
instanceKlass javax/crypto/MacSpi
instanceKlass javax/crypto/Mac
instanceKlass javax/crypto/spec/HKDFParameterSpec$Extract
instanceKlass javax/crypto/spec/HKDFParameterSpec$Builder
instanceKlass javax/crypto/spec/HKDFParameterSpec
instanceKlass javax/crypto/KDFSpi
instanceKlass javax/crypto/KDF
instanceKlass  @bci javax/crypto/spec/SecretKeySpec <clinit> ()V 0 <appendix> argL0 ; # javax/crypto/spec/SecretKeySpec$$Lambda+0x000000003d6dce68
instanceKlass jdk/internal/access/JavaxCryptoSpecAccess
instanceKlass javax/crypto/spec/SecretKeySpec
instanceKlass javax/crypto/SecretKey
instanceKlass  @bci sun/security/ec/XDHKeyAgreement engineDoPhase (Ljava/security/Key;Z)Ljava/security/Key; 70 <appendix> argL0 ; # sun/security/ec/XDHKeyAgreement$$Lambda+0x000000003d6dc558
instanceKlass  @bci sun/security/ec/XDHKeyAgreement initImpl (Ljava/security/Key;)V 66 <appendix> argL0 ; # sun/security/ec/XDHKeyAgreement$$Lambda+0x000000003d6dc330
instanceKlass  @bci sun/security/ec/XDHKeyAgreement initImpl (Ljava/security/Key;)V 38 <appendix> argL0 ; # sun/security/ec/XDHKeyAgreement$$Lambda+0x000000003d6dc0e8
instanceKlass  @bci sun/security/ec/XDHKeyAgreement initImpl (Ljava/security/Key;)V 22 <appendix> argL0 ; # sun/security/ec/XDHKeyAgreement$$Lambda+0x000000003d6dbea0
instanceKlass javax/crypto/KeyAgreementSpi
instanceKlass sun/security/ssl/KAKeyDerivation
instanceKlass sun/security/ssl/XDHKeyExchange$XDHEKAGenerator
instanceKlass sun/security/ssl/XDHKeyExchange
instanceKlass  @bci sun/security/util/DisabledAlgorithmConstraints getNamedParametersFromKey (Ljava/security/Key;)Ljava/util/List; 11 <appendix> member <vmtarget> ; # sun/security/util/DisabledAlgorithmConstraints$$TypeSwitch+0x000000003d6dacb8
# instanceKlass java/lang/invoke/LambdaForm$MH+0x000000003d700800
# instanceKlass java/lang/invoke/LambdaForm$MH+0x000000003d700400
# instanceKlass java/lang/invoke/LambdaForm$MH+0x000000003d700000
instanceKlass  @bci java/lang/invoke/BootstrapMethodInvoker invoke (Ljava/lang/Class;Ljava/lang/invoke/MethodHandle;Ljava/lang/String;Ljava/lang/Object;Ljava/lang/Object;Ljava/lang/Class;)Ljava/lang/Object; 211 <adapter> ; # java/lang/invoke/LambdaForm$MH+0x000000003d6cec00
instanceKlass  @bci sun/security/ec/XDHKeyFactory generatePublicImpl (Ljava/security/spec/KeySpec;)Ljava/security/PublicKey; 101 <appendix> argL0 ; # sun/security/ec/XDHKeyFactory$$Lambda+0x000000003d6da460
instanceKlass  @bci sun/security/ec/XDHKeyFactory generatePublicImpl (Ljava/security/spec/KeySpec;)Ljava/security/PublicKey; 85 <appendix> argL0 ; # sun/security/ec/XDHKeyFactory$$Lambda+0x000000003d6da218
instanceKlass  @bci sun/security/ec/XDHKeyFactory generatePublicImpl (Ljava/security/spec/KeySpec;)Ljava/security/PublicKey; 6 <appendix> member <vmtarget> ; # sun/security/ec/XDHKeyFactory$$TypeSwitch+0x000000003d6da008
instanceKlass java/security/spec/XECPublicKeySpec
instanceKlass sun/security/ssl/XDHKeyExchange$XDHECredentials
instanceKlass sun/security/ssl/NamedGroupCredentials
instanceKlass sun/security/ssl/KeyShareExtension$SHKeyShareSpec
instanceKlass sun/security/ssl/HandshakeHash$CloneableHash
instanceKlass sun/security/ssl/HandshakeHash$T13HandshakeHash
instanceKlass sun/security/ssl/SupportedVersionsExtension$SHSupportedVersionsSpec
instanceKlass io/netty/handler/ssl/AsyncRunnable
instanceKlass sun/security/ssl/SSLEngineImpl$DelegatedTask
instanceKlass sun/security/ssl/TransportContext$1
instanceKlass sun/security/ssl/Plaintext
instanceKlass io/netty/util/internal/AdaptiveCalculator
instanceKlass  @bci io/netty/handler/ssl/SslHandler applyHandshakeTimeout ()V 57 <appendix> member <vmtarget> ; # io/netty/handler/ssl/SslHandler$$Lambda+0x000000003d6cb8f8
instanceKlass  @bci io/netty/handler/ssl/SslHandler applyHandshakeTimeout ()V 38 <adapter> ; # java/lang/invoke/LambdaForm$MH+0x000000003d6ce800
instanceKlass  @bci io/netty/handler/ssl/SslHandler applyHandshakeTimeout ()V 38 <appendix> member <vmtarget> ; # io/netty/handler/ssl/SslHandler$$Lambda+0x000000003d6cb6c0
instanceKlass io/netty/handler/ssl/SslHandler$2
instanceKlass  @bci io/netty/handler/ssl/SslHandler wrapNonAppData (Lio/netty/channel/ChannelHandlerContext;Z)Z 66 <appendix> member <vmtarget> ; # io/netty/handler/ssl/SslHandler$$Lambda+0x000000003d6cb280
instanceKlass  @bci io/netty/util/internal/PlatformDependent0 absolutePut (Ljava/nio/ByteBuffer;ILjava/nio/ByteBuffer;II)Ljava/nio/ByteBuffer; 9 <adapter> ; # java/lang/invoke/LambdaForm$MH+0x000000003d6ce400
# instanceKlass java/lang/invoke/LambdaForm$DMH+0x000000003d6ce000
instanceKlass sun/security/ssl/Ciphertext
instanceKlass sun/security/ssl/OutputRecord$T13PaddingHolder
instanceKlass sun/security/ssl/SSLEngineOutputRecord$RecordMemo
instanceKlass sun/security/ssl/SSLEngineOutputRecord$HandshakeFragment
instanceKlass sun/security/ssl/RenegoInfoExtension$RenegotiationInfoSpec
instanceKlass sun/security/ssl/KeyShareExtension$CHKeyShareSpec
instanceKlass sun/security/util/math/IntegerModuloP$MultiplicativeInverser$Secp256R1
instanceKlass sun/security/ec/point/MutablePoint
instanceKlass sun/security/ec/ECOperations$DefaultMultiplier
instanceKlass sun/security/ec/ECOperations$Secp256R1GeneratorMontgomeryMultiplier
instanceKlass sun/security/ec/ECOperations$PointMultiplier
instanceKlass  @bci sun/security/ec/ECPrivateKeyImpl calculatePublicKey ()Ljava/security/PublicKey; 9 <appendix> argL0 ; # sun/security/ec/ECPrivateKeyImpl$$Lambda+0x000000003d6d4ae8
instanceKlass sun/security/util/ArrayUtil
instanceKlass java/security/interfaces/ECPrivateKey
instanceKlass sun/security/ec/ECOperations
instanceKlass sun/security/ssl/ECDHKeyExchange$ECDHEPossession
instanceKlass sun/security/ssl/KeyShareExtension$KeyShareEntry
instanceKlass sun/security/ssl/XDHKeyExchange$1
instanceKlass sun/security/pkcs/PKCS8Key
instanceKlass sun/security/util/InternalPrivateKey
instanceKlass java/security/interfaces/XECPrivateKey
instanceKlass java/security/PrivateKey
instanceKlass javax/security/auth/Destroyable
instanceKlass java/security/interfaces/XECPublicKey
instanceKlass java/security/interfaces/XECKey
instanceKlass java/security/KeyPair
instanceKlass java/math/MutableBigInteger
instanceKlass sun/security/util/math/IntegerModuloP$MultiplicativeInverser$Default
instanceKlass sun/security/util/math/IntegerModuloP$MultiplicativeInverser
instanceKlass sun/security/util/math/MutableIntegerModuloP
instanceKlass sun/security/jca/JCAUtil$CachedSecureRandomHolder
instanceKlass sun/security/ec/XECOperations
instanceKlass sun/security/ec/XECParameters
instanceKlass  @bci sun/security/ec/XDHKeyPairGenerator initialize (Ljava/security/spec/AlgorithmParameterSpec;Ljava/security/SecureRandom;)V 0 <appendix> argL0 ; # sun/security/ec/XDHKeyPairGenerator$$Lambda+0x000000003d6feea8
instanceKlass sun/security/ssl/XDHKeyExchange$XDHEPossession
instanceKlass sun/security/ssl/ECDHKeyExchange$ECDHEXDHKAGenerator
instanceKlass sun/security/ssl/ECDHKeyExchange$ECDHEKAGenerator
instanceKlass sun/security/ssl/ECDHKeyExchange$ECDHKAGenerator
instanceKlass sun/security/ssl/ECDHKeyExchange$ECDHEPossessionGenerator
instanceKlass sun/security/ssl/ECDHKeyExchange
instanceKlass sun/security/ssl/DHKeyExchange$DHEKAGenerator
instanceKlass sun/security/ssl/DHKeyExchange$DHEPossessionGenerator
instanceKlass sun/security/ssl/DHKeyExchange
instanceKlass sun/security/ssl/RSAKeyExchange$RSAKAGenerator
instanceKlass sun/security/ssl/RSAKeyExchange$EphemeralRSAPossessionGenerator
instanceKlass sun/security/ssl/RSAKeyExchange
instanceKlass sun/security/ssl/SSLKeyExchange$T13KeyAgreement
instanceKlass sun/security/ssl/SSLKeyAgreement
instanceKlass sun/security/ssl/SSLPossessionGenerator
instanceKlass sun/security/ssl/SSLKeyExchange
instanceKlass sun/security/ssl/SSLHandshakeBinding
instanceKlass sun/security/ssl/SSLKeyAgreementGenerator
instanceKlass sun/security/ssl/PskKeyExchangeModesExtension$PskKeyExchangeModesSpec
instanceKlass sun/security/ssl/SupportedVersionsExtension$CHSupportedVersionsSpec
instanceKlass sun/security/ssl/SignatureAlgorithmsExtension$SignatureSchemesSpec
instanceKlass  @bci sun/security/util/DisabledAlgorithmConstraints permits (Ljava/lang/String;Ljava/util/Set;)Z 20 <appendix> member <vmtarget> ; # sun/security/util/DisabledAlgorithmConstraints$$Lambda+0x000000003d6fa968
instanceKlass sun/security/ssl/ExtendedMasterSecretExtension$ExtendedMasterSecretSpec
instanceKlass sun/security/ssl/CertStatusExtension$CertStatusRequestV2Spec
instanceKlass sun/security/ssl/ECPointFormatsExtension$ECPointFormatsSpec
instanceKlass sun/security/ssl/SupportedGroupsExtension$SupportedGroupsSpec
instanceKlass sun/security/ssl/CertStatusExtension$CertStatusRequest
instanceKlass sun/security/ssl/CertStatusExtension$CertStatusRequestSpec
instanceKlass sun/security/ssl/ServerNameExtension$CHServerNamesSpec
instanceKlass sun/security/ssl/SSLExtension$SSLExtensionSpec
instanceKlass sun/security/ssl/SSLExtension$ClientExtensions
instanceKlass sun/security/ssl/PreSharedKeyExtension$SHPreSharedKeyStringizer
instanceKlass sun/security/ssl/PreSharedKeyExtension$SHPreSharedKeyAbsence
instanceKlass sun/security/ssl/PreSharedKeyExtension$SHPreSharedKeyConsumer
instanceKlass sun/security/ssl/PreSharedKeyExtension$SHPreSharedKeyProducer
instanceKlass sun/security/ssl/PreSharedKeyExtension$CHPreSharedKeyStringizer
instanceKlass sun/security/ssl/PreSharedKeyExtension$CHPreSharedKeyOnTradeAbsence
instanceKlass sun/security/ssl/PreSharedKeyExtension$CHPreSharedKeyUpdate
instanceKlass sun/security/ssl/PreSharedKeyExtension$CHPreSharedKeyOnLoadAbsence
instanceKlass sun/security/ssl/PreSharedKeyExtension$CHPreSharedKeyConsumer
instanceKlass sun/security/ssl/PreSharedKeyExtension$CHPreSharedKeyProducer
instanceKlass sun/security/ssl/PreSharedKeyExtension
instanceKlass sun/security/ssl/RenegoInfoExtension$RenegotiationInfoStringizer
instanceKlass sun/security/ssl/RenegoInfoExtension$SHRenegotiationInfoAbsence
instanceKlass sun/security/ssl/RenegoInfoExtension$SHRenegotiationInfoConsumer
instanceKlass sun/security/ssl/RenegoInfoExtension$SHRenegotiationInfoProducer
instanceKlass sun/security/ssl/RenegoInfoExtension$CHRenegotiationInfoAbsence
instanceKlass sun/security/ssl/RenegoInfoExtension$CHRenegotiationInfoConsumer
instanceKlass sun/security/ssl/RenegoInfoExtension$CHRenegotiationInfoProducer
instanceKlass sun/security/ssl/RenegoInfoExtension
instanceKlass sun/security/ssl/KeyShareExtension$HRRKeyShareStringizer
instanceKlass sun/security/ssl/KeyShareExtension$HRRKeyShareReproducer
instanceKlass sun/security/ssl/KeyShareExtension$HRRKeyShareConsumer
instanceKlass sun/security/ssl/KeyShareExtension$HRRKeyShareProducer
instanceKlass sun/security/ssl/KeyShareExtension$SHKeyShareStringizer
instanceKlass sun/security/ssl/KeyShareExtension$SHKeyShareAbsence
instanceKlass sun/security/ssl/KeyShareExtension$SHKeyShareConsumer
instanceKlass sun/security/ssl/KeyShareExtension$SHKeyShareProducer
instanceKlass sun/security/ssl/KeyShareExtension$CHKeyShareStringizer
instanceKlass sun/security/ssl/KeyShareExtension$CHKeyShareOnTradeAbsence
instanceKlass sun/security/ssl/KeyShareExtension$CHKeyShareConsumer
instanceKlass sun/security/ssl/KeyShareExtension$CHKeyShareProducer
instanceKlass sun/security/ssl/KeyShareExtension
instanceKlass sun/security/ssl/CertSignAlgsExtension$CertSignatureSchemesStringizer
instanceKlass sun/security/ssl/CertSignAlgsExtension$CRCertSignatureSchemesUpdate
instanceKlass sun/security/ssl/CertSignAlgsExtension$CRCertSignatureSchemesConsumer
instanceKlass sun/security/ssl/CertSignAlgsExtension$CRCertSignatureSchemesProducer
instanceKlass sun/security/ssl/CertSignAlgsExtension$CHCertSignatureSchemesUpdate
instanceKlass sun/security/ssl/CertSignAlgsExtension$CHCertSignatureSchemesConsumer
instanceKlass sun/security/ssl/CertSignAlgsExtension$CHCertSignatureSchemesProducer
instanceKlass sun/security/ssl/CertSignAlgsExtension
instanceKlass sun/security/ssl/CertificateAuthoritiesExtension$CertificateAuthoritiesStringizer
instanceKlass sun/security/ssl/CertificateAuthoritiesExtension$CRCertificateAuthoritiesConsumer
instanceKlass sun/security/ssl/CertificateAuthoritiesExtension$CRCertificateAuthoritiesProducer
instanceKlass sun/security/ssl/CertificateAuthoritiesExtension$CHCertificateAuthoritiesConsumer
instanceKlass sun/security/ssl/CertificateAuthoritiesExtension$CHCertificateAuthoritiesProducer
instanceKlass sun/security/ssl/CertificateAuthoritiesExtension
instanceKlass sun/security/ssl/PskKeyExchangeModesExtension$PskKeyExchangeModesStringizer
instanceKlass sun/security/ssl/PskKeyExchangeModesExtension$PskKeyExchangeModesOnTradeAbsence
instanceKlass sun/security/ssl/PskKeyExchangeModesExtension$PskKeyExchangeModesOnLoadAbsence
instanceKlass sun/security/ssl/PskKeyExchangeModesExtension$PskKeyExchangeModesConsumer
instanceKlass sun/security/ssl/PskKeyExchangeModesExtension$PskKeyExchangeModesProducer
instanceKlass sun/security/ssl/PskKeyExchangeModesExtension
instanceKlass sun/security/ssl/CookieExtension$CookieStringizer
instanceKlass sun/security/ssl/CookieExtension$HRRCookieReproducer
instanceKlass sun/security/ssl/CookieExtension$HRRCookieConsumer
instanceKlass sun/security/ssl/CookieExtension$HRRCookieProducer
instanceKlass sun/security/ssl/CookieExtension$CHCookieUpdate
instanceKlass sun/security/ssl/CookieExtension$CHCookieConsumer
instanceKlass sun/security/ssl/CookieExtension$CHCookieProducer
instanceKlass sun/security/ssl/CookieExtension
instanceKlass sun/security/ssl/SupportedVersionsExtension$HRRSupportedVersionsReproducer
instanceKlass sun/security/ssl/SupportedVersionsExtension$HRRSupportedVersionsConsumer
instanceKlass sun/security/ssl/SupportedVersionsExtension$HRRSupportedVersionsProducer
instanceKlass sun/security/ssl/SupportedVersionsExtension$SHSupportedVersionsStringizer
instanceKlass sun/security/ssl/SupportedVersionsExtension$SHSupportedVersionsConsumer
instanceKlass sun/security/ssl/SupportedVersionsExtension$SHSupportedVersionsProducer
instanceKlass sun/security/ssl/SupportedVersionsExtension$CHSupportedVersionsStringizer
instanceKlass sun/security/ssl/SupportedVersionsExtension$CHSupportedVersionsConsumer
instanceKlass sun/security/ssl/SupportedVersionsExtension$CHSupportedVersionsProducer
instanceKlass sun/security/ssl/SupportedVersionsExtension
instanceKlass sun/security/ssl/SignatureAlgorithmsExtension$SignatureSchemesStringizer
instanceKlass sun/security/ssl/SignatureAlgorithmsExtension$CRSignatureSchemesUpdate
instanceKlass sun/security/ssl/SignatureAlgorithmsExtension$CRSignatureSchemesAbsence
instanceKlass sun/security/ssl/SignatureAlgorithmsExtension$CRSignatureSchemesConsumer
instanceKlass sun/security/ssl/SignatureAlgorithmsExtension$CRSignatureSchemesProducer
instanceKlass sun/security/ssl/SignatureAlgorithmsExtension$CHSignatureSchemesOnTradeAbsence
instanceKlass sun/security/ssl/SignatureAlgorithmsExtension$CHSignatureSchemesUpdate
instanceKlass sun/security/ssl/SignatureAlgorithmsExtension$CHSignatureSchemesOnLoadAbsence
instanceKlass sun/security/ssl/SignatureAlgorithmsExtension$CHSignatureSchemesConsumer
instanceKlass sun/security/ssl/SignatureAlgorithmsExtension$CHSignatureSchemesProducer
instanceKlass sun/security/ssl/SignatureAlgorithmsExtension
instanceKlass sun/security/ssl/SessionTicketExtension$SessionTicketStringizer
instanceKlass sun/security/ssl/SessionTicketExtension$T12SHSessionTicketConsumer
instanceKlass sun/security/ssl/SessionTicketExtension$T12SHSessionTicketProducer
instanceKlass sun/security/ssl/SessionTicketExtension$T12CHSessionTicketConsumer
instanceKlass sun/security/ssl/SessionTicketExtension$T12CHSessionTicketProducer
instanceKlass sun/security/ssl/SessionTicketExtension
instanceKlass sun/security/ssl/ExtendedMasterSecretExtension$ExtendedMasterSecretStringizer
instanceKlass sun/security/ssl/ExtendedMasterSecretExtension$SHExtendedMasterSecretAbsence
instanceKlass sun/security/ssl/ExtendedMasterSecretExtension$SHExtendedMasterSecretConsumer
instanceKlass sun/security/ssl/ExtendedMasterSecretExtension$SHExtendedMasterSecretProducer
instanceKlass sun/security/ssl/ExtendedMasterSecretExtension$CHExtendedMasterSecretAbsence
instanceKlass sun/security/ssl/ExtendedMasterSecretExtension$CHExtendedMasterSecretConsumer
instanceKlass sun/security/ssl/ExtendedMasterSecretExtension$CHExtendedMasterSecretProducer
instanceKlass sun/security/ssl/ExtendedMasterSecretExtension
instanceKlass sun/security/ssl/AlpnExtension$AlpnStringizer
instanceKlass sun/security/ssl/AlpnExtension$SHAlpnAbsence
instanceKlass sun/security/ssl/AlpnExtension$SHAlpnConsumer
instanceKlass sun/security/ssl/AlpnExtension$SHAlpnProducer
instanceKlass sun/security/ssl/AlpnExtension$CHAlpnAbsence
instanceKlass sun/security/ssl/AlpnExtension$CHAlpnConsumer
instanceKlass sun/security/ssl/AlpnExtension$CHAlpnProducer
instanceKlass sun/security/ssl/AlpnExtension
instanceKlass sun/security/ssl/ECPointFormatsExtension$ECPointFormatsStringizer
instanceKlass sun/security/ssl/ECPointFormatsExtension$SHECPointFormatsConsumer
instanceKlass sun/security/ssl/ECPointFormatsExtension$CHECPointFormatsConsumer
instanceKlass sun/security/ssl/ECPointFormatsExtension$CHECPointFormatsProducer
instanceKlass sun/security/ssl/ECPointFormatsExtension
instanceKlass sun/security/ssl/SupportedGroupsExtension$EESupportedGroupsConsumer
instanceKlass sun/security/ssl/SupportedGroupsExtension$EESupportedGroupsProducer
instanceKlass sun/security/ssl/SupportedGroupsExtension$SupportedGroupsStringizer
instanceKlass sun/security/ssl/SupportedGroupsExtension$CHSupportedGroupsOnTradeAbsence
instanceKlass sun/security/ssl/SupportedGroupsExtension$CHSupportedGroupsConsumer
instanceKlass sun/security/ssl/SupportedGroupsExtension$CHSupportedGroupsProducer
instanceKlass sun/security/ssl/SupportedGroupsExtension
instanceKlass sun/security/ssl/CertStatusExtension$CertStatusRespStringizer
instanceKlass sun/security/ssl/CertStatusExtension$CertStatusRequestsStringizer
instanceKlass sun/security/ssl/CertStatusExtension$SHCertStatusReqV2Consumer
instanceKlass sun/security/ssl/CertStatusExtension$SHCertStatusReqV2Producer
instanceKlass sun/security/ssl/CertStatusExtension$CHCertStatusReqV2Consumer
instanceKlass sun/security/ssl/CertStatusExtension$CHCertStatusReqV2Producer
instanceKlass sun/security/ssl/CertStatusExtension$CertStatusRequestStringizer
instanceKlass sun/security/ssl/CertStatusExtension$CTCertStatusResponseConsumer
instanceKlass sun/security/ssl/CertStatusExtension$CTCertStatusResponseProducer
instanceKlass sun/security/ssl/CertStatusExtension$SHCertStatusReqConsumer
instanceKlass sun/security/ssl/CertStatusExtension$SHCertStatusReqProducer
instanceKlass sun/security/ssl/CertStatusExtension$CHCertStatusReqConsumer
instanceKlass sun/security/ssl/CertStatusExtension$CHCertStatusReqProducer
instanceKlass sun/security/ssl/CertStatusExtension
instanceKlass sun/security/ssl/MaxFragExtension$MaxFragLenStringizer
instanceKlass sun/security/ssl/MaxFragExtension$EEMaxFragmentLengthUpdate
instanceKlass sun/security/ssl/MaxFragExtension$EEMaxFragmentLengthConsumer
instanceKlass sun/security/ssl/MaxFragExtension$EEMaxFragmentLengthProducer
instanceKlass sun/security/ssl/MaxFragExtension$SHMaxFragmentLengthUpdate
instanceKlass sun/security/ssl/MaxFragExtension$SHMaxFragmentLengthConsumer
instanceKlass sun/security/ssl/MaxFragExtension$SHMaxFragmentLengthProducer
instanceKlass sun/security/ssl/MaxFragExtension$CHMaxFragmentLengthConsumer
instanceKlass sun/security/ssl/MaxFragExtension$CHMaxFragmentLengthProducer
instanceKlass sun/security/ssl/MaxFragExtension
instanceKlass sun/security/ssl/ServerNameExtension$EEServerNameConsumer
instanceKlass sun/security/ssl/ServerNameExtension$EEServerNameProducer
instanceKlass sun/security/ssl/ServerNameExtension$SHServerNamesStringizer
instanceKlass sun/security/ssl/ServerNameExtension$SHServerNameConsumer
instanceKlass sun/security/ssl/ServerNameExtension$SHServerNameProducer
instanceKlass sun/security/ssl/ServerNameExtension$CHServerNamesStringizer
instanceKlass sun/security/ssl/ServerNameExtension$CHServerNameConsumer
instanceKlass sun/security/ssl/SSLExtension$ExtensionConsumer
instanceKlass sun/security/ssl/ServerNameExtension$CHServerNameProducer
instanceKlass sun/security/ssl/ServerNameExtension
instanceKlass sun/security/ssl/SSLStringizer
instanceKlass sun/security/ssl/SSLExtensions
instanceKlass sun/security/ssl/SSLHandshake$HandshakeMessage
instanceKlass java/util/LinkedList$ListItr
instanceKlass sun/security/ssl/RandomCookie
instanceKlass sun/security/util/KeyUtil
instanceKlass sun/security/ssl/SSLKeyDerivation
instanceKlass sun/security/ssl/SSLCredentials
instanceKlass sun/security/ssl/NamedGroupPossession
instanceKlass sun/security/ssl/SSLPossession
instanceKlass sun/security/ssl/HandshakeContext
instanceKlass  @bci reactor/netty/resources/DefaultPooledConnectionProvider$DisposableAcquire registerClose (Lreactor/netty/internal/shaded/reactor/pool/PooledRef;Lreactor/netty/internal/shaded/reactor/pool/InstrumentedPool;)V 47 <appendix> member <vmtarget> ; # reactor/netty/resources/DefaultPooledConnectionProvider$DisposableAcquire$$Lambda+0x000000003d6cb050
instanceKlass  @bci reactor/netty/transport/TransportConnector lambda$doConnect$8 (Ljava/util/List;ILio/netty/channel/Channel;Ljava/util/function/Supplier;Lreactor/netty/transport/TransportConnector$MonoChannelPromise;)V 114 <adapter> ; # java/lang/invoke/LambdaForm$MH+0x000000003d6cdc00
# instanceKlass java/lang/invoke/LambdaForm$DMH+0x000000003d6cd800
instanceKlass  @bci reactor/netty/transport/TransportConnector lambda$doConnect$8 (Ljava/util/List;ILio/netty/channel/Channel;Ljava/util/function/Supplier;Lreactor/netty/transport/TransportConnector$MonoChannelPromise;)V 114 <appendix> form vmentry <vmtarget> ; # java/lang/invoke/LambdaForm$DMH+0x000000003d6cd400
instanceKlass  @bci reactor/netty/transport/TransportConnector lambda$doConnect$8 (Ljava/util/List;ILio/netty/channel/Channel;Ljava/util/function/Supplier;Lreactor/netty/transport/TransportConnector$MonoChannelPromise;)V 114 <appendix> member <vmtarget> ; # reactor/netty/transport/TransportConnector$$Lambda+0x000000003d6caae8
instanceKlass  @cpi reactor/netty/transport/TransportConnector 475 form vmentry <vmtarget> ; # java/lang/invoke/LambdaForm$DMH+0x000000003d6cd000
instanceKlass io/netty/channel/nio/AbstractNioChannel$AbstractNioUnsafe$2
instanceKlass io/netty/channel/nio/AbstractNioChannel$AbstractNioUnsafe$1
instanceKlass io/netty/util/internal/SocketUtils$3
instanceKlass  @bci reactor/netty/transport/TransportConnector doConnect (Ljava/util/List;Ljava/util/function/Supplier;Lreactor/netty/transport/TransportConnector$MonoChannelPromise;I)V 19 <adapter> ; # java/lang/invoke/LambdaForm$MH+0x000000003d6ccc00
# instanceKlass java/lang/invoke/LambdaForm$DMH+0x000000003d6cc800
instanceKlass  @bci reactor/netty/transport/TransportConnector doConnect (Ljava/util/List;Ljava/util/function/Supplier;Lreactor/netty/transport/TransportConnector$MonoChannelPromise;I)V 19 <appendix> form vmentry <vmtarget> ; # java/lang/invoke/LambdaForm$DMH+0x000000003d6cc400
instanceKlass  @bci reactor/netty/transport/TransportConnector doConnect (Ljava/util/List;Ljava/util/function/Supplier;Lreactor/netty/transport/TransportConnector$MonoChannelPromise;I)V 19 <appendix> member <vmtarget> ; # reactor/netty/transport/TransportConnector$$Lambda+0x000000003d6c9f88
instanceKlass  @cpi reactor/netty/transport/TransportConnector 381 form vmentry <vmtarget> ; # java/lang/invoke/LambdaForm$DMH+0x000000003d6cc000
instanceKlass io/netty/resolver/dns/PreferredAddressTypeComparator$1
instanceKlass io/netty/resolver/dns/PreferredAddressTypeComparator
instanceKlass io/netty/resolver/dns/DefaultDnsCache$DefaultDnsCacheEntry
instanceKlass io/netty/resolver/dns/DnsAddressDecoder
instanceKlass io/netty/util/UncheckedBooleanSupplier$2
instanceKlass io/netty/util/UncheckedBooleanSupplier$1
instanceKlass io/netty/channel/DefaultMaxMessagesRecvByteBufAllocator$MaxMessageHandle$1
instanceKlass io/netty/util/UncheckedBooleanSupplier
instanceKlass io/netty/util/BooleanSupplier
instanceKlass io/netty/channel/DefaultMaxMessagesRecvByteBufAllocator$MaxMessageHandle
instanceKlass io/netty/channel/RecvByteBufAllocator$ExtendedHandle
instanceKlass io/netty/resolver/dns/DnsQueryContext$3
instanceKlass io/netty/util/internal/PromiseNotificationUtil
instanceKlass  @bci io/netty/util/internal/PlatformDependent0 offsetSlice (Ljava/nio/ByteBuffer;II)Ljava/nio/ByteBuffer; 6 <adapter> ; # java/lang/invoke/LambdaForm$MH+0x000000003d6c5400
instanceKlass  @bci io/netty/resolver/dns/DnsResolveContext query (Lio/netty/resolver/dns/DnsServerAddressStream;ILio/netty/handler/codec/dns/DnsQuestion;Lio/netty/resolver/dns/DnsQueryLifecycleObserver;ZLio/netty/util/concurrent/Promise;Ljava/lang/Throwable;)V 198 <adapter> ; # java/lang/invoke/LambdaForm$MH+0x000000003d6c5000
# instanceKlass java/lang/invoke/LambdaForm$DMH+0x000000003d6c4c00
instanceKlass  @bci io/netty/resolver/dns/DnsResolveContext query (Lio/netty/resolver/dns/DnsServerAddressStream;ILio/netty/handler/codec/dns/DnsQuestion;Lio/netty/resolver/dns/DnsQueryLifecycleObserver;ZLio/netty/util/concurrent/Promise;Ljava/lang/Throwable;)V 198 <appendix> form vmentry <vmtarget> ; # java/lang/invoke/LambdaForm$DMH+0x000000003d6c4800
instanceKlass  @bci io/netty/resolver/dns/DnsResolveContext query (Lio/netty/resolver/dns/DnsServerAddressStream;ILio/netty/handler/codec/dns/DnsQuestion;Lio/netty/resolver/dns/DnsQueryLifecycleObserver;ZLio/netty/util/concurrent/Promise;Ljava/lang/Throwable;)V 198 <appendix> member <vmtarget> ; # io/netty/resolver/dns/DnsResolveContext$$Lambda+0x000000003d6c6000
instanceKlass  @cpi io/netty/resolver/dns/DnsResolveContext 649 form vmentry <vmtarget> ; # java/lang/invoke/LambdaForm$DMH+0x000000003d6c4400
instanceKlass  @bci io/netty/resolver/dns/DnsQueryContext writeQuery (Lio/netty/handler/codec/dns/DnsQuery;ZLio/netty/channel/ChannelPromise;)V 57 <appendix> member <vmtarget> ; # io/netty/resolver/dns/DnsQueryContext$$Lambda+0x000000003d6c3d68
instanceKlass io/netty/handler/codec/dns/DnsCodecUtil
instanceKlass java/lang/invoke/VarHandleByteArrayBase
instanceKlass io/netty/buffer/VarHandleByteBufferAccess
instanceKlass java/util/concurrent/atomic/AtomicIntegerArray
instanceKlass  @bci jdk/jfr/internal/TypeLibrary addTypes (Ljava/util/List;)V 15 <appendix> argL0 ; # jdk/jfr/internal/TypeLibrary$$Lambda+0x000000003d6e1580
instanceKlass  @bci jdk/jfr/internal/TypeLibrary addTypes (Ljava/util/List;)V 10 <appendix> argL0 ; # jdk/jfr/internal/TypeLibrary$$Lambda+0x000000003d6e1328
instanceKlass jdk/jfr/SettingDefinition
instanceKlass jdk/jfr/internal/RemoveFields
instanceKlass jdk/jfr/internal/util/Bytecode
instanceKlass jdk/jfr/internal/util/ImplicitFields
instanceKlass jdk/jfr/internal/MirrorEvents
instanceKlass jdk/jfr/internal/settings/ThrottlerWindow
instanceKlass jdk/jfr/internal/settings/ThrottlerParameters
instanceKlass jdk/jfr/internal/settings/Throttler
instanceKlass jdk/jfr/internal/Control
instanceKlass jdk/jfr/SettingDescriptor
instanceKlass jdk/jfr/events/StackFilter
instanceKlass jdk/jfr/BooleanFlag
instanceKlass jdk/jfr/internal/MirrorEvent
instanceKlass jdk/jfr/internal/EventControl
instanceKlass jdk/jfr/internal/Logger
instanceKlass jdk/jfr/EventType
instanceKlass  @bci java/util/ArrayDeque copyElements (Ljava/util/Collection;)V 2 <appendix> member <vmtarget> ; # java/util/ArrayDeque$$Lambda+0x000000003d638098
instanceKlass  @bci jdk/jfr/internal/TypeLibrary initialize ()V 45 <appendix> argL0 ; # jdk/jfr/internal/TypeLibrary$$Lambda+0x000000003d637e60
instanceKlass  @bci jdk/jfr/internal/TypeLibrary initialize ()V 40 <appendix> argL0 ; # jdk/jfr/internal/TypeLibrary$$Lambda+0x000000003d637c08
instanceKlass  @bci jdk/jfr/internal/TypeLibrary initialize ()V 12 <appendix> argL0 ; # jdk/jfr/internal/TypeLibrary$$Lambda+0x000000003d6379e0
instanceKlass jdk/jfr/Frequency
instanceKlass jdk/jfr/Percentage
instanceKlass jdk/jfr/MemoryAddress
instanceKlass jdk/jfr/DataAmount
instanceKlass jdk/jfr/internal/Level
instanceKlass jdk/jfr/internal/Cutoff
instanceKlass jdk/jfr/Throttle
instanceKlass jdk/jfr/internal/periodic/LookupKey
instanceKlass jdk/jfr/internal/periodic/PeriodicTask
instanceKlass jdk/jfr/internal/periodic/BatchManager
instanceKlass jdk/jfr/internal/periodic/TaskRepository
instanceKlass jdk/jfr/internal/periodic/PeriodicEvents
instanceKlass jdk/jfr/internal/MetadataLoader$FieldElement
instanceKlass jdk/jfr/internal/MetadataLoader$TypeElement
instanceKlass jdk/jfr/Category
instanceKlass jdk/jfr/Unsigned
instanceKlass jdk/jfr/Experimental
instanceKlass jdk/jfr/TransitionFrom
instanceKlass jdk/jfr/TransitionTo
instanceKlass jdk/jfr/Relational
instanceKlass jdk/jfr/internal/MetadataLoader
instanceKlass jdk/jfr/Timestamp
instanceKlass jdk/jfr/Description
instanceKlass jdk/jfr/ContentType
instanceKlass jdk/jfr/Timespan
instanceKlass jdk/jfr/ValueDescriptor
instanceKlass jdk/jfr/EventSettings
instanceKlass jdk/jfr/internal/PrivateAccess
instanceKlass  @bci java/lang/ClassLoader definePackage (Ljava/lang/String;Ljava/lang/Module;)Ljava/lang/Package; 73 <appendix> member <vmtarget> ; # java/lang/ClassLoader$$Lambda+0x000000003d632e50
instanceKlass  @bci jdk/internal/loader/BootLoader$PackageHelper findModule (Ljava/lang/String;)Ljava/lang/Module; 90 <appendix> member <vmtarget> ; # jdk/internal/loader/BootLoader$PackageHelper$$Lambda+0x000000003d632c20
instanceKlass jdk/internal/loader/BootLoader$PackageHelper
instanceKlass jdk/jfr/internal/SecuritySupport
instanceKlass jdk/jfr/Name
instanceKlass jdk/jfr/internal/AnnotationConstruct
instanceKlass jdk/jfr/SettingControl
instanceKlass jdk/jfr/internal/Type
instanceKlass jdk/jfr/MetadataDefinition
instanceKlass jdk/jfr/Enabled
instanceKlass jdk/jfr/Period
instanceKlass jdk/jfr/StackTrace
instanceKlass jdk/jfr/Threshold
instanceKlass jdk/jfr/Registered
instanceKlass jdk/jfr/Label
instanceKlass jdk/jfr/AnnotationElement
instanceKlass jdk/jfr/internal/TypeLibrary
instanceKlass jdk/jfr/internal/SettingsManager
instanceKlass jdk/jfr/internal/MetadataRepository
instanceKlass jdk/jfr/internal/util/Utils
instanceKlass io/netty/buffer/AdaptivePoolingAllocator$IntStack
instanceKlass io/netty/util/concurrent/MpscIntQueue
# instanceKlass java/lang/invoke/LambdaForm$DMH+0x000000003d6c4000
instanceKlass java/lang/foreign/AddressLayout
instanceKlass java/lang/foreign/ValueLayout
instanceKlass java/lang/foreign/MemoryLayout
instanceKlass jdk/internal/foreign/abi/SharedUtils
instanceKlass jdk/internal/foreign/Utils
instanceKlass  @bci io/netty/util/internal/CleanerJava25 allocate (I)Lio/netty/util/internal/CleanableDirectBuffer; 8 <adapter> ; # java/lang/invoke/LambdaForm$MH+0x000000003d6bc400
instanceKlass io/netty/buffer/UnsafeByteBufUtil
instanceKlass io/netty/handler/codec/CodecOutputList$CodecOutputLists
instanceKlass io/netty/handler/codec/CodecOutputList$1
instanceKlass io/netty/handler/codec/CodecOutputList$CodecOutputListRecycler
instanceKlass io/netty/util/ReferenceCountUtil
instanceKlass io/netty/handler/codec/dns/DnsOpCode
instanceKlass  @bci io/netty/resolver/dns/DnsQueryContext writeQuery (Z)V 156 <appendix> member <vmtarget> ; # io/netty/resolver/dns/DnsQueryContext$$Lambda+0x000000003d6bf640
instanceKlass io/netty/resolver/dns/DnsQueryIdSpace$DnsQueryIdRange
instanceKlass io/netty/resolver/dns/DnsQueryIdSpace
instanceKlass io/netty/resolver/dns/DnsQueryContextManager$DnsQueryContextMap
instanceKlass io/netty/resolver/dns/DnsServerResponseFeedbackAddressStream
instanceKlass io/netty/resolver/dns/NoopDnsQueryLifecycleObserver
instanceKlass io/netty/handler/codec/dns/AbstractDnsRecord
instanceKlass io/netty/handler/codec/dns/DnsResponseCode
instanceKlass io/netty/resolver/dns/DnsResolveContext
instanceKlass  @bci reactor/core/publisher/Mono onErrorResume (Ljava/lang/Class;Ljava/util/function/Function;)Lreactor/core/publisher/Mono; 17 <appendix> member <vmtarget> ; # reactor/core/publisher/Mono$$Lambda+0x000000003d6ba4b0
instanceKlass  @bci reactor/netty/transport/TransportConnector lambda$connect$6 (Lreactor/netty/transport/TransportConfig;Ljava/net/SocketAddress;Lio/netty/resolver/AddressResolverGroup;Lreactor/util/context/ContextView;Lio/netty/channel/ChannelInitializer;ZLio/netty/channel/EventLoop;Lio/netty/channel/Channel;)Lreactor/core/publisher/Mono; 18 <appendix> member <vmtarget> ; # reactor/netty/transport/TransportConnector$$Lambda+0x000000003d6ba260
instanceKlass  @cpi reactor/netty/transport/TransportConnector 487 form vmentry <vmtarget> ; # java/lang/invoke/LambdaForm$DMH+0x000000003d6bc000
instanceKlass  @bci reactor/netty/transport/TransportConnector doResolveAndConnect (Lio/netty/channel/Channel;Lreactor/netty/transport/TransportConfig;Ljava/net/SocketAddress;Lio/netty/resolver/AddressResolverGroup;Lreactor/util/context/ContextView;)Lreactor/core/publisher/Mono; 333 <appendix> member <vmtarget> ; # reactor/netty/transport/TransportConnector$$Lambda+0x000000003d6ba020
instanceKlass  @bci io/netty/resolver/InetSocketAddressResolver doResolveAll (Ljava/net/InetSocketAddress;Lio/netty/util/concurrent/Promise;)V 15 <appendix> member <vmtarget> ; # io/netty/resolver/InetSocketAddressResolver$$Lambda+0x000000003d6b9de0
instanceKlass io/netty/resolver/dns/SequentialDnsServerAddressStream
instanceKlass  @bci io/netty/resolver/dns/InflightNameResolver resolve (Ljava/util/concurrent/ConcurrentMap;Ljava/lang/String;Lio/netty/util/concurrent/Promise;Z)Lio/netty/util/concurrent/Promise; 117 <appendix> member <vmtarget> ; # io/netty/resolver/dns/InflightNameResolver$$Lambda+0x000000003d6b9960
instanceKlass io/netty/resolver/dns/DnsNameResolver$4
instanceKlass io/netty/resolver/DefaultHostsFileEntriesResolver$1
instanceKlass reactor/netty/transport/AddressResolverGroupMetrics$DelegatingAddressResolver
instanceKlass io/netty/channel/ChannelFutureListener$3
instanceKlass io/netty/util/concurrent/GenericProgressiveFutureListener
instanceKlass io/netty/channel/ChannelFutureListener$2
instanceKlass io/netty/channel/ChannelFutureListener$1
instanceKlass  @bci io/netty/resolver/AddressResolverGroup getResolver (Lio/netty/util/concurrent/EventExecutor;)Lio/netty/resolver/AddressResolver; 92 <appendix> member <vmtarget> ; # io/netty/resolver/AddressResolverGroup$$Lambda+0x000000003d6b8238
instanceKlass io/netty/channel/AbstractChannel$AbstractUnsafe$2
instanceKlass io/netty/util/internal/SocketUtils$6
instanceKlass io/netty/resolver/AbstractAddressResolver
instanceKlass sun/nio/ch/DatagramChannelImpl$DefaultOptionsHolder
instanceKlass io/netty/bootstrap/AbstractBootstrap$1
instanceKlass io/netty/util/concurrent/DefaultPromise$1
instanceKlass  @bci io/netty/bootstrap/AbstractBootstrap doBind (Ljava/net/SocketAddress;)Lio/netty/channel/ChannelFuture; 67 <appendix> member <vmtarget> ; # io/netty/bootstrap/AbstractBootstrap$$Lambda+0x000000003d6b7000
instanceKlass io/netty/bootstrap/ChannelInitializerExtensions
instanceKlass sun/nio/ch/DatagramSocketAdaptor$DatagramSockets
instanceKlass  @bci sun/nio/ch/DatagramChannelImpl releaserFor (Ljava/io/FileDescriptor;[Lsun/nio/ch/NativeSocketAddress;)Ljava/lang/Runnable; 2 <appendix> member <vmtarget> ; # sun/nio/ch/DatagramChannelImpl$$Lambda+0x000000003d62e068
instanceKlass sun/nio/ch/NativeSocketAddress
instanceKlass java/net/DatagramSocket
instanceKlass io/netty/channel/socket/DatagramChannelConfig
instanceKlass io/netty/channel/socket/ServerSocketChannel
instanceKlass io/netty/channel/ServerChannel
instanceKlass io/netty/resolver/dns/DnsNameResolver$DnsResolveChannelPerResolverProvider
instanceKlass io/netty/bootstrap/AbstractBootstrapConfig
instanceKlass io/netty/bootstrap/AbstractBootstrap
instanceKlass io/netty/resolver/dns/DnsQueryContextManager
instanceKlass io/netty/resolver/dns/ThreadLocalNameServerAddressStream
instanceKlass io/netty/resolver/dns/InflightNameResolver
instanceKlass  @bci io/netty/handler/codec/http/HttpObjectEncoder <clinit> ()V 61 <appendix> argL0 ; # io/netty/handler/codec/http/HttpObjectEncoder$$Lambda+0x000000003d6b0df0
instanceKlass io/netty/buffer/UnpooledByteBufAllocator$DecrementingCleanableDirectBuffer
instanceKlass io/netty/util/internal/PlatformDependent$1$1
instanceKlass io/netty/util/LeakPresenceDetector$ResourceScope
instanceKlass  @bci io/netty/handler/codec/http/HttpObjectEncoder <clinit> ()V 47 <appendix> argL0 ; # io/netty/handler/codec/http/HttpObjectEncoder$$Lambda+0x000000003d6b0000
instanceKlass io/netty/handler/codec/http/HttpObjectDecoder$HeaderParser
instanceKlass io/netty/util/ResourceLeakDetectorFactory
instanceKlass io/netty/handler/codec/http/HttpResponseStatus
instanceKlass io/netty/channel/CombinedChannelDuplexHandler$DelegatingChannelHandlerContext
instanceKlass io/netty/handler/codec/http/HttpObjectDecoder$3
instanceKlass io/netty/handler/codec/http/HttpObjectDecoder$2
instanceKlass io/netty/handler/codec/http/HttpObjectDecoder$1
instanceKlass io/netty/handler/codec/http/HttpDecoderConfig
instanceKlass io/netty/channel/unix/UnixChannel
instanceKlass io/netty/channel/PendingBytesTracker
instanceKlass  @bci io/netty/handler/ssl/SslHandler$SslTasksRunner <init> (Lio/netty/handler/ssl/SslHandler;Z)V 11 <appendix> member <vmtarget> ; # io/netty/handler/ssl/SslHandler$SslTasksRunner$$Lambda+0x000000003d6a2230
instanceKlass io/netty/handler/ssl/SslHandler$SslTasksRunner
instanceKlass io/netty/channel/ChannelHandler$Sharable
instanceKlass io/netty/util/concurrent/ImmediateExecutor
instanceKlass jdk/internal/icu/util/CodePointTrie$Data
instanceKlass jdk/internal/icu/util/CodePointMap
instanceKlass jdk/internal/icu/impl/Trie2$UTrie2Header
instanceKlass jdk/internal/icu/impl/Trie2$1
instanceKlass jdk/internal/icu/impl/Trie2$ValueMapper
instanceKlass jdk/internal/icu/impl/Trie2
instanceKlass jdk/internal/icu/impl/UCharacterProperty$IsAcceptable
instanceKlass jdk/internal/icu/impl/UCharacterProperty$IntProperty
instanceKlass jdk/internal/icu/impl/UCharacterProperty
instanceKlass jdk/internal/icu/lang/UCharacter
instanceKlass jdk/internal/icu/util/VersionInfo
instanceKlass jdk/internal/icu/impl/Trie
instanceKlass jdk/internal/icu/text/StringPrep$StringPrepTrieImpl
instanceKlass jdk/internal/icu/impl/Trie$DataManipulate
instanceKlass jdk/internal/icu/impl/ICUBinary
instanceKlass jdk/internal/icu/impl/StringPrepDataReader
instanceKlass jdk/internal/icu/impl/ICUBinary$Authenticate
instanceKlass  @bci jdk/internal/module/SystemModuleFinders$SystemModuleReader open (Ljava/lang/String;)Ljava/util/Optional; 6 <appendix> member <vmtarget> ; # jdk/internal/module/SystemModuleFinders$SystemModuleReader$$Lambda+0x000000003d628490
instanceKlass jdk/internal/icu/text/StringPrep
instanceKlass java/net/IDN
instanceKlass javax/net/ssl/SNIServerName
instanceKlass io/netty/handler/codec/ByteToMessageDecoder$2
instanceKlass io/netty/handler/codec/ByteToMessageDecoder$1
instanceKlass io/netty/channel/AbstractCoalescingBufferQueue
instanceKlass io/netty/handler/codec/ByteToMessageDecoder$Cumulator
instanceKlass reactor/netty/ReactorNetty$CompositeChannelPipelineConfigurer
instanceKlass io/netty/util/collection/CharObjectHashMap$1
instanceKlass io/netty/util/collection/CharObjectHashMap
instanceKlass io/netty/util/collection/CharObjectMap
instanceKlass reactor/netty/http/client/HttpClientConfig$HttpClientChannelInitializer
instanceKlass  @bci reactor/netty/channel/ChannelOperations <clinit> ()V 18 <appendix> argL0 ; # reactor/netty/channel/ChannelOperations$$Lambda+0x000000003d6a4498
instanceKlass  @bci reactor/util/concurrent/Queues unbounded (I)Ljava/util/function/Supplier; 29 <appendix> member <vmtarget> ; # reactor/util/concurrent/Queues$$Lambda+0x000000003d69f948
instanceKlass reactor/netty/resources/DefaultPooledConnectionProvider$PendingConnectionObserver
instanceKlass reactor/core/publisher/SinkEmptyMulticast$Inner
instanceKlass reactor/core/publisher/InternalEmptySink
instanceKlass  @bci reactor/netty/transport/TransportConnector$MonoChannelPromise subscribe (Lreactor/core/CoreSubscriber;)V 30 <appendix> member <vmtarget> ; # reactor/netty/transport/TransportConnector$MonoChannelPromise$$Lambda+0x000000003d69ea78
instanceKlass  @bci io/netty/channel/nio/AbstractNioChannel doRegister (Lio/netty/channel/ChannelPromise;)V 42 <appendix> member <vmtarget> ; # io/netty/channel/nio/AbstractNioChannel$$Lambda+0x000000003d69e848
instanceKlass  @bci reactor/netty/transport/TransportConnector connect (Lreactor/netty/transport/TransportConfig;Ljava/net/SocketAddress;Lio/netty/resolver/AddressResolverGroup;Lio/netty/channel/ChannelInitializer;Lio/netty/channel/EventLoop;Lreactor/util/context/ContextView;)Lreactor/core/publisher/Mono; 69 <adapter> ; # java/lang/invoke/LambdaForm$MH+0x000000003d6a0c00
instanceKlass io/netty/channel/SingleThreadIoEventLoop$IoRegistrationWrapper
# instanceKlass java/lang/invoke/LambdaForm$DMH+0x000000003d6a0800
instanceKlass io/netty/channel/nio/NioIoHandler$DefaultNioRegistration
instanceKlass  @bci reactor/netty/transport/TransportConnector connect (Lreactor/netty/transport/TransportConfig;Ljava/net/SocketAddress;Lio/netty/resolver/AddressResolverGroup;Lio/netty/channel/ChannelInitializer;Lio/netty/channel/EventLoop;Lreactor/util/context/ContextView;)Lreactor/core/publisher/Mono; 69 <appendix> form vmentry <vmtarget> ; # java/lang/invoke/LambdaForm$DMH+0x000000003d6a0400
instanceKlass  @bci reactor/netty/transport/TransportConnector connect (Lreactor/netty/transport/TransportConfig;Ljava/net/SocketAddress;Lio/netty/resolver/AddressResolverGroup;Lio/netty/channel/ChannelInitializer;Lio/netty/channel/EventLoop;Lreactor/util/context/ContextView;)Lreactor/core/publisher/Mono; 69 <appendix> member <vmtarget> ; # reactor/netty/transport/TransportConnector$$Lambda+0x000000003d69e168
instanceKlass  @cpi reactor/netty/transport/TransportConnector 344 form vmentry <vmtarget> ; # java/lang/invoke/LambdaForm$DMH+0x000000003d6a0000
instanceKlass  @bci io/netty/channel/AbstractChannel$AbstractUnsafe register0 (Lio/netty/channel/ChannelPromise;)V 35 <appendix> member <vmtarget> ; # io/netty/channel/AbstractChannel$AbstractUnsafe$$Lambda+0x000000003d69df38
instanceKlass io/netty/channel/AbstractChannel$AbstractUnsafe$1
instanceKlass io/netty/channel/DefaultChannelPipeline$7
instanceKlass io/netty/buffer/ByteBufUtil$2
instanceKlass io/netty/buffer/AdaptiveByteBufAllocator$HeapChunkAllocator
instanceKlass io/netty/buffer/AdaptivePoolingAllocator$BuddyChunkController
instanceKlass io/netty/util/concurrent/ConcurrentSkipListIntObjMultimap$Node
instanceKlass io/netty/util/concurrent/ConcurrentSkipListIntObjMultimap$Index
instanceKlass io/netty/util/concurrent/ConcurrentSkipListIntObjMultimap
instanceKlass io/netty/buffer/AdaptivePoolingAllocator$ConcurrentSkipListChunkCache
instanceKlass io/netty/buffer/AdaptivePoolingAllocator$BuddyChunkManagementStrategy
instanceKlass io/netty/buffer/AdaptivePoolingAllocator$SizeClassChunkController
instanceKlass io/netty/util/Recycler$EnhancedHandle
instanceKlass io/netty/util/Recycler$Handle
instanceKlass io/netty/util/internal/ObjectPool$Handle
instanceKlass io/netty/util/Recycler$LocalPool
instanceKlass io/netty/util/Recycler
instanceKlass io/netty/buffer/AdaptivePoolingAllocator$Magazine
instanceKlass java/util/concurrent/locks/StampedLock
instanceKlass io/netty/util/internal/shaded/org/jctools/queues/SupportsIterator
instanceKlass io/netty/buffer/AdaptivePoolingAllocator$Chunk
instanceKlass io/netty/buffer/ChunkInfo
instanceKlass io/netty/buffer/AdaptivePoolingAllocator$ConcurrentQueueChunkCache
instanceKlass io/netty/buffer/AdaptivePoolingAllocator$ChunkController
instanceKlass io/netty/buffer/AdaptivePoolingAllocator$ChunkCache
instanceKlass io/netty/buffer/AdaptivePoolingAllocator$SizeClassChunkManagementStrategy
instanceKlass io/netty/buffer/AdaptivePoolingAllocator$MagazineGroup
instanceKlass io/netty/buffer/AdaptivePoolingAllocator$ChunkRegistry
instanceKlass io/netty/buffer/AdaptiveByteBufAllocator$DirectChunkAllocator
instanceKlass io/netty/buffer/AdaptivePoolingAllocator$ChunkManagementStrategy
instanceKlass io/netty/buffer/AdaptivePoolingAllocator
instanceKlass io/netty/buffer/AdaptivePoolingAllocator$ChunkAllocator
instanceKlass io/netty/util/ByteProcessor
instanceKlass io/netty/buffer/ByteBufUtil
instanceKlass io/netty/channel/RecvByteBufAllocator$Handle
instanceKlass io/netty/channel/DefaultMaxMessagesRecvByteBufAllocator
instanceKlass io/netty/channel/MaxMessagesRecvByteBufAllocator
instanceKlass io/netty/channel/WriteBufferWaterMark
instanceKlass io/netty/channel/DefaultMessageSizeEstimator$HandleImpl
instanceKlass io/netty/channel/DefaultMessageSizeEstimator
instanceKlass io/netty/channel/MessageSizeEstimator
instanceKlass io/netty/channel/RecvByteBufAllocator
instanceKlass io/netty/channel/DefaultChannelConfig
instanceKlass io/netty/channel/nio/AbstractNioByteChannel$1
instanceKlass io/netty/channel/nio/AbstractNioChannel$1
instanceKlass io/netty/channel/ChannelHandlerMask$Skip
instanceKlass io/netty/channel/ChannelHandlerMask$2
instanceKlass io/netty/channel/ChannelHandlerMask
instanceKlass io/netty/channel/AbstractChannelHandlerContext$Tasks
instanceKlass io/netty/channel/VoidChannelPromise$1
instanceKlass io/netty/channel/MessageSizeEstimator$Handle
instanceKlass io/netty/channel/DefaultChannelPipeline$PendingHandlerCallback
instanceKlass io/netty/channel/ChannelProgressivePromise
instanceKlass io/netty/channel/ChannelProgressiveFuture
instanceKlass io/netty/channel/DefaultChannelPipeline
instanceKlass io/netty/channel/ChannelOutboundBuffer$Entry
instanceKlass io/netty/channel/ChannelOutboundBuffer
instanceKlass io/netty/channel/AbstractChannelHandlerContext
instanceKlass io/netty/util/ResourceLeakHint
instanceKlass io/netty/channel/ChannelHandlerContext
instanceKlass io/netty/util/internal/SocketUtils$13
instanceKlass io/netty/util/internal/MacAddressUtil
# instanceKlass java/lang/invoke/LambdaForm$MH+0x000000003d680c00
instanceKlass java/lang/ProcessHandle$Info
instanceKlass io/netty/channel/DefaultChannelId
instanceKlass io/netty/channel/ChannelFlushPromiseNotifier$FlushCheckpoint
instanceKlass io/netty/channel/ChannelFutureListener
instanceKlass io/netty/channel/nio/NioIoOps$DefaultNioIoEvent
instanceKlass io/netty/channel/nio/NioIoEvent
instanceKlass io/netty/channel/IoEvent
instanceKlass io/netty/channel/nio/NioIoOps
instanceKlass java/nio/channels/MulticastChannel
instanceKlass io/netty/channel/socket/nio/SelectorProviderUtil
instanceKlass io/netty/channel/ChannelMetadata
instanceKlass io/netty/channel/socket/SocketChannelConfig
instanceKlass io/netty/channel/socket/DuplexChannelConfig
instanceKlass io/netty/channel/ChannelConfig
instanceKlass io/netty/channel/nio/AbstractNioChannel$NioUnsafe
instanceKlass io/netty/channel/AbstractChannel$AbstractUnsafe
instanceKlass io/netty/channel/IoOps
instanceKlass io/netty/channel/ChannelPipeline
instanceKlass io/netty/channel/ChannelInboundInvoker
instanceKlass io/netty/channel/ChannelId
instanceKlass io/netty/channel/Channel$Unsafe
instanceKlass io/netty/channel/nio/NioIoHandle
instanceKlass io/netty/channel/IoHandle
instanceKlass  @bci reactor/netty/transport/TransportConfig connectionFactory (Lio/netty/channel/EventLoopGroup;Z)Lio/netty/channel/ChannelFactory; 3 <appendix> form vmentry <vmtarget> ; # java/lang/invoke/LambdaForm$DMH+0x000000003d680800
instanceKlass  @bci reactor/netty/transport/TransportConfig connectionFactory (Lio/netty/channel/EventLoopGroup;Z)Lio/netty/channel/ChannelFactory; 3 <appendix> member <vmtarget> ; # reactor/netty/transport/TransportConfig$$Lambda+0x000000003d684000
instanceKlass reactor/netty/transport/DomainSocketAddressUtils
instanceKlass  @bci reactor/netty/transport/TransportConnector <clinit> ()V 8 <appendix> argL0 ; # reactor/netty/transport/TransportConnector$$Lambda+0x000000003d67f930
instanceKlass reactor/netty/transport/TransportConnector
instanceKlass reactor/core/publisher/FluxDoOnEach$DoOnEachSubscriber
instanceKlass reactor/core/publisher/LambdaMonoSubscriber
instanceKlass  @bci reactor/netty/internal/shaded/reactor/pool/SimpleDequePool drainLoop ()V 528 <appendix> member <vmtarget> ; # reactor/netty/internal/shaded/reactor/pool/SimpleDequePool$$Lambda+0x000000003d67cab8
instanceKlass  @bci reactor/netty/internal/shaded/reactor/pool/SimpleDequePool drainLoop ()V 522 <appendix> member <vmtarget> ; # reactor/netty/internal/shaded/reactor/pool/SimpleDequePool$$Lambda+0x000000003d67c878
instanceKlass  @bci reactor/netty/internal/shaded/reactor/pool/SimpleDequePool drainLoop ()V 516 <appendix> argL0 ; # reactor/netty/internal/shaded/reactor/pool/SimpleDequePool$$Lambda+0x000000003d67c640
instanceKlass  @bci reactor/core/publisher/Mono contextWrite (Lreactor/util/context/ContextView;)Lreactor/core/publisher/Mono; 2 <appendix> member <vmtarget> ; # reactor/core/publisher/Mono$$Lambda+0x000000003d67c3f0
instanceKlass  @bci reactor/netty/internal/shaded/reactor/pool/SimpleDequePool drainLoop ()V 490 <appendix> form vmentry <vmtarget> ; # java/lang/invoke/LambdaForm$DMH+0x000000003d680400
instanceKlass  @bci reactor/netty/internal/shaded/reactor/pool/SimpleDequePool drainLoop ()V 490 <appendix> member <vmtarget> ; # reactor/netty/internal/shaded/reactor/pool/SimpleDequePool$$Lambda+0x000000003d67c1a8
instanceKlass  @cpi reactor/netty/internal/shaded/reactor/pool/SimpleDequePool 493 form vmentry <vmtarget> ; # java/lang/invoke/LambdaForm$DMH+0x000000003d680000
instanceKlass reactor/core/publisher/FluxCreate$SinkDisposable
instanceKlass reactor/core/Disposables$ListCompositeDisposable
instanceKlass  @bci reactor/netty/http/client/HttpClientConfig channelOperationsProvider ()Lreactor/netty/channel/ChannelOperations$OnSetup; 1 <appendix> member <vmtarget> ; # reactor/netty/http/client/HttpClientConfig$$Lambda+0x000000003d67b468
instanceKlass reactor/netty/channel/ChannelOperations$OnSetup
instanceKlass reactor/netty/resources/DefaultPooledConnectionProvider$DisposableAcquire
instanceKlass reactor/netty/internal/shaded/reactor/pool/DefaultPoolConfig
instanceKlass reactor/netty/internal/shaded/reactor/pool/PoolConfig
instanceKlass reactor/netty/internal/shaded/reactor/pool/AbstractPool$AbstractPooledRef
instanceKlass reactor/netty/internal/shaded/reactor/pool/PooledRef
instanceKlass reactor/netty/internal/shaded/reactor/pool/AbstractPool
instanceKlass reactor/netty/internal/shaded/reactor/pool/InstrumentedPool$PoolMetrics
instanceKlass reactor/netty/internal/shaded/reactor/pool/AllocationStrategies$SizeBasedAllocationStrategy
instanceKlass  @bci reactor/netty/resources/PooledConnectionProvider$PoolFactory newPoolInternal (Lorg/reactivestreams/Publisher;Ljava/util/function/Function;Ljava/util/function/BiPredicate;Lreactor/netty/internal/shaded/reactor/pool/PoolMetricsRecorder;)Lreactor/netty/internal/shaded/reactor/pool/PoolBuilder; 109 <appendix> member <vmtarget> ; # reactor/netty/resources/PooledConnectionProvider$PoolFactory$$Lambda+0x000000003d678c40
instanceKlass reactor/netty/internal/shaded/reactor/pool/NoOpPoolMetricsRecorder
instanceKlass  @bci reactor/netty/internal/shaded/reactor/pool/PoolBuilder <clinit> ()V 16 <appendix> argL0 ; # reactor/netty/internal/shaded/reactor/pool/PoolBuilder$$Lambda+0x000000003d678790
instanceKlass  @bci reactor/netty/internal/shaded/reactor/pool/PoolBuilder <clinit> ()V 8 <appendix> argL0 ; # reactor/netty/internal/shaded/reactor/pool/PoolBuilder$$Lambda+0x000000003d678538
instanceKlass  @bci reactor/netty/internal/shaded/reactor/pool/PoolBuilder <clinit> ()V 0 <appendix> argL0 ; # reactor/netty/internal/shaded/reactor/pool/PoolBuilder$$Lambda+0x000000003d6782f0
instanceKlass reactor/netty/internal/shaded/reactor/pool/PoolBuilder
instanceKlass  @bci reactor/netty/resources/DefaultPooledConnectionProvider$PooledConnectionAllocator connectChannel ()Lorg/reactivestreams/Publisher; 1 <appendix> member <vmtarget> ; # reactor/netty/resources/DefaultPooledConnectionProvider$PooledConnectionAllocator$$Lambda+0x000000003d677c40
instanceKlass  @bci reactor/netty/resources/DefaultPooledConnectionProvider$PooledConnectionAllocator <clinit> ()V 8 <appendix> argL0 ; # reactor/netty/resources/DefaultPooledConnectionProvider$PooledConnectionAllocator$$Lambda+0x000000003d6779f8
instanceKlass  @bci reactor/netty/resources/DefaultPooledConnectionProvider$PooledConnectionAllocator <clinit> ()V 0 <appendix> argL0 ; # reactor/netty/resources/DefaultPooledConnectionProvider$PooledConnectionAllocator$$Lambda+0x000000003d6777a0
instanceKlass reactor/netty/internal/shaded/reactor/pool/PooledRefMetadata
instanceKlass reactor/netty/internal/shaded/reactor/pool/PoolMetricsRecorder
instanceKlass reactor/netty/resources/DefaultPooledConnectionProvider$PooledConnectionAllocator
instanceKlass reactor/netty/internal/util/MapUtils
instanceKlass  @bci reactor/netty/resources/PooledConnectionProvider lambda$acquire$3 (Ljava/util/function/Supplier;Lreactor/netty/transport/TransportConfig;Lio/netty/resolver/AddressResolverGroup;Lreactor/netty/ConnectionObserver;Lreactor/core/publisher/MonoSink;)V 53 <appendix> member <vmtarget> ; # reactor/netty/resources/PooledConnectionProvider$$Lambda+0x000000003d676518
instanceKlass reactor/netty/internal/shaded/reactor/pool/InstrumentedPool
instanceKlass reactor/netty/internal/shaded/reactor/pool/Pool
instanceKlass reactor/netty/resources/PooledConnectionProvider$PoolKey
instanceKlass reactor/netty/http/client/HttpClientConnect$MonoHttpConnect$ClientTransportSubscriber
instanceKlass  @bci reactor/netty/resources/PooledConnectionProvider acquire (Lreactor/netty/transport/TransportConfig;Lreactor/netty/ConnectionObserver;Ljava/util/function/Supplier;Lio/netty/resolver/AddressResolverGroup;)Lreactor/core/publisher/Mono; 27 <appendix> member <vmtarget> ; # reactor/netty/resources/PooledConnectionProvider$$Lambda+0x000000003d675a30
instanceKlass io/netty/resolver/dns/DnsNameResolver$5
instanceKlass io/netty/resolver/dns/NameServerComparator
instanceKlass io/netty/resolver/dns/DefaultAuthoritativeDnsServerCache
instanceKlass io/netty/resolver/dns/DefaultDnsCnameCache
instanceKlass io/netty/resolver/dns/Cache$1
instanceKlass io/netty/resolver/dns/DnsCacheEntry
instanceKlass io/netty/resolver/dns/Cache
instanceKlass io/netty/resolver/dns/DefaultDnsCache
instanceKlass  @bci reactor/netty/transport/NameResolverProvider newNameResolverGroup (Lreactor/netty/resources/LoopResources;Z)Lio/netty/resolver/dns/DnsAddressResolverGroup; 187 <appendix> member <vmtarget> ; # reactor/netty/transport/NameResolverProvider$$Lambda+0x000000003d673920
instanceKlass io/netty/channel/socket/SocketChannel
instanceKlass io/netty/channel/socket/DuplexChannel
instanceKlass  @bci reactor/netty/transport/NameResolverProvider newNameResolverGroup (Lreactor/netty/resources/LoopResources;Z)Lio/netty/resolver/dns/DnsAddressResolverGroup; 176 <appendix> member <vmtarget> ; # reactor/netty/transport/NameResolverProvider$$Lambda+0x000000003d6732c8
instanceKlass io/netty/channel/socket/DatagramChannel
instanceKlass io/netty/resolver/dns/NoopDnsQueryLifecycleObserverFactory
instanceKlass io/netty/resolver/dns/DnsServerAddresses
instanceKlass io/netty/util/internal/SocketUtils$10
instanceKlass com/sun/jndi/dns/CT
instanceKlass com/sun/jndi/dns/DnsName
instanceKlass com/sun/jndi/dns/NameNode
instanceKlass com/sun/jndi/dns/DnsNameParser
instanceKlass javax/naming/NameImpl
instanceKlass javax/naming/CompositeName
instanceKlass javax/naming/directory/Attributes
instanceKlass javax/naming/directory/Attribute
instanceKlass javax/naming/Name
instanceKlass javax/naming/NameParser
instanceKlass sun/net/dns/ResolverConfiguration$Options
instanceKlass sun/net/dns/ResolverConfigurationImpl$AddressChangeListener
instanceKlass sun/net/dns/ResolverConfiguration
instanceKlass  @bci javax/naming/spi/NamingManager getFactory (Ljava/lang/String;)Ljavax/naming/spi/InitialContextFactory; 26 <appendix> argL0 ; # javax/naming/spi/NamingManager$$Lambda+0x000000003d623b48
instanceKlass com/sun/jndi/toolkit/ctx/PartialCompositeContext
instanceKlass javax/naming/spi/Resolver
instanceKlass com/sun/jndi/toolkit/url/Uri
instanceKlass com/sun/jndi/dns/DnsContextFactory
instanceKlass  @bci javax/naming/spi/NamingManager getFactory (Ljava/lang/String;)Ljavax/naming/spi/InitialContextFactory; 11 <appendix> member <vmtarget> ; # javax/naming/spi/NamingManager$$Lambda+0x000000003d620dd8
instanceKlass  @bci javax/naming/spi/NamingManager getInitialContext (Ljava/util/Hashtable;)Ljavax/naming/Context; 76 <appendix> argL0 ; # javax/naming/spi/NamingManager$$Lambda+0x000000003d620ba0
instanceKlass javax/naming/spi/InitialContextFactory
instanceKlass javax/naming/directory/DirContext
instanceKlass io/netty/resolver/dns/DirContextUtils
instanceKlass io/netty/resolver/dns/DefaultDnsServerAddressStreamProvider
instanceKlass io/netty/resolver/dns/DnsServerAddressStreamProviders$DefaultProviderHolder$1
instanceKlass io/netty/resolver/dns/DnsServerAddressStreamProviders$DefaultProviderHolder
instanceKlass io/netty/resolver/dns/DnsServerAddressStreamProviders
instanceKlass io/netty/resolver/HostsFileEntriesProvider$ParserImpl
instanceKlass io/netty/resolver/HostsFileEntriesProvider$Parser
instanceKlass io/netty/resolver/HostsFileEntriesProvider
instanceKlass io/netty/resolver/DefaultHostsFileEntriesResolver
instanceKlass io/netty/resolver/HostsFileEntriesResolver
instanceKlass  @bci io/netty/resolver/dns/DnsNameResolver <clinit> ()V 418 <appendix> argL0 ; # io/netty/resolver/dns/DnsNameResolver$$Lambda+0x000000003d670830
instanceKlass io/netty/handler/codec/dns/DnsQueryEncoder
instanceKlass io/netty/handler/codec/dns/DnsQuery
instanceKlass io/netty/handler/codec/dns/DnsRawRecord
instanceKlass io/netty/handler/codec/dns/DnsOptEcsRecord
instanceKlass io/netty/handler/codec/dns/DnsOptPseudoRecord
instanceKlass io/netty/handler/codec/dns/DnsPtrRecord
instanceKlass io/netty/handler/codec/dns/DefaultDnsRecordEncoder
instanceKlass io/netty/handler/codec/dns/DnsRecordEncoder
instanceKlass io/netty/handler/codec/dns/DnsResponse
instanceKlass io/netty/handler/codec/dns/DnsMessage
instanceKlass io/netty/handler/codec/dns/DnsQuestion
instanceKlass io/netty/handler/codec/dns/DefaultDnsRecordDecoder
instanceKlass io/netty/handler/codec/dns/DnsRecordDecoder
instanceKlass io/netty/handler/codec/dns/DnsResponseDecoder
instanceKlass io/netty/resolver/dns/UnixResolverOptions$Builder
instanceKlass io/netty/resolver/dns/UnixResolverOptions
instanceKlass io/netty/resolver/dns/UnixResolverDnsServerAddressStreamProvider
instanceKlass io/netty/resolver/dns/DnsServerAddressStreamProvider
instanceKlass java/net/InetAddress$CachedLocalHost
instanceKlass java/net/InetAddress$CachedLookup
instanceKlass sun/net/InetAddressCachePolicy
instanceKlass  @bci java/net/InetAddress getAddressesFromNameService (Ljava/lang/String;)[Ljava/net/InetAddress; 94 <appendix> argL0 ; # java/net/InetAddress$$Lambda+0x000000003d61f690
instanceKlass  @bci java/net/InetAddress loadResolver ()Ljava/net/spi/InetAddressResolver; 8 <appendix> argL0 ; # java/net/InetAddress$$Lambda+0x000000003d61f448
instanceKlass java/net/spi/InetAddressResolverProvider
instanceKlass java/net/InetAddress$NameServiceAddresses
instanceKlass java/net/InetAddress$Addresses
instanceKlass java/util/concurrent/ConcurrentSkipListMap$Iter
instanceKlass io/netty/handler/codec/dns/DnsRecordType
instanceKlass io/netty/handler/codec/dns/DnsRecord
instanceKlass io/netty/resolver/dns/DnsNameResolver$DnsResolveChannelProvider
instanceKlass io/netty/resolver/dns/DnsQueryContext
instanceKlass io/netty/resolver/dns/DnsQueryLifecycleObserver
instanceKlass io/netty/resolver/AddressResolver
instanceKlass io/netty/resolver/SimpleNameResolver
instanceKlass io/netty/resolver/NameResolver
instanceKlass io/netty/resolver/dns/AuthoritativeDnsServerCache
instanceKlass io/netty/resolver/dns/DnsServerAddressStream
instanceKlass io/netty/resolver/dns/DnsCnameCache
instanceKlass io/netty/resolver/dns/DnsCache
instanceKlass io/netty/channel/ChannelFactory
instanceKlass io/netty/bootstrap/ChannelFactory
instanceKlass io/netty/resolver/dns/DnsNameResolverBuilder
instanceKlass io/netty/util/concurrent/FastThreadLocalRunnable
instanceKlass io/netty/util/internal/LongLongHashMap
instanceKlass io/netty/util/concurrent/FastThreadLocalThread$FallbackThreadSet
instanceKlass io/netty/util/internal/ThreadExecutorMap$2
instanceKlass io/netty/util/concurrent/SingleThreadEventExecutor$5
instanceKlass  @bci reactor/netty/resources/ColocatedEventLoopGroup <init> (Lio/netty/channel/EventLoopGroup;)V 96 <appendix> member <vmtarget> ; # reactor/netty/resources/ColocatedEventLoopGroup$$Lambda+0x000000003d668e40
instanceKlass reactor/netty/resources/ColocatedEventLoopGroup
instanceKlass  @bci io/netty/util/concurrent/MultithreadEventExecutorGroup <init> (ILjava/util/concurrent/Executor;Lio/netty/util/concurrent/EventExecutorChooserFactory;[Ljava/lang/Object;)V 332 <appendix> member <vmtarget> ; # io/netty/util/concurrent/MultithreadEventExecutorGroup$$Lambda+0x000000003d668650
instanceKlass io/netty/util/concurrent/FutureListener
instanceKlass io/netty/util/concurrent/DefaultEventExecutorChooserFactory$PowerOfTwoEventExecutorChooser
instanceKlass io/netty/channel/nio/NioIoHandler$SelectorTuple
instanceKlass io/netty/util/internal/ReflectionUtil
instanceKlass io/netty/channel/nio/NioIoHandler$3
instanceKlass io/netty/channel/nio/NioIoHandler$2
instanceKlass io/netty/channel/nio/NioIoHandler$1
instanceKlass io/netty/channel/DefaultSelectStrategy
instanceKlass io/netty/channel/SelectStrategy
instanceKlass io/netty/channel/SingleThreadIoEventLoop$1
instanceKlass io/netty/util/internal/shaded/org/jctools/queues/atomic/AtomicQueueUtil
instanceKlass io/netty/util/internal/shaded/org/jctools/util/Pow2
instanceKlass io/netty/util/internal/shaded/org/jctools/util/RangeUtil
instanceKlass io/netty/util/internal/shaded/org/jctools/queues/IndexedQueueSizeUtil$IndexedQueue
instanceKlass io/netty/util/internal/shaded/org/jctools/queues/QueueProgressIndicators
instanceKlass io/netty/util/internal/shaded/org/jctools/queues/MessagePassingQueue
instanceKlass io/netty/util/internal/PlatformDependent$Mpsc
instanceKlass io/netty/util/internal/ThreadExecutorMap$1
instanceKlass io/netty/util/concurrent/RejectedExecutionHandlers$1
instanceKlass io/netty/util/concurrent/RejectedExecutionHandlers
instanceKlass io/netty/util/concurrent/RejectedExecutionHandler
instanceKlass io/netty/util/concurrent/SingleThreadEventExecutor$1
instanceKlass io/netty/channel/IoHandlerContext
instanceKlass io/netty/channel/ChannelPromise
instanceKlass io/netty/channel/ChannelFuture
instanceKlass io/netty/util/concurrent/ThreadProperties
instanceKlass io/netty/util/internal/ThreadExecutorMap$3
instanceKlass io/netty/util/concurrent/FastThreadLocal
instanceKlass io/netty/util/internal/ThreadExecutorMap
instanceKlass io/netty/util/concurrent/DefaultThreadFactory
instanceKlass io/netty/util/concurrent/GlobalEventExecutor$TaskRunner
instanceKlass io/netty/util/concurrent/SystemTicker
instanceKlass io/netty/util/concurrent/MockTicker
instanceKlass io/netty/util/concurrent/Ticker
instanceKlass io/netty/util/concurrent/GlobalEventExecutor$1
instanceKlass io/netty/util/concurrent/PromiseTask$SentinelRunnable
instanceKlass io/netty/util/internal/PriorityQueueNode
instanceKlass io/netty/util/concurrent/AbstractScheduledEventExecutor$2
instanceKlass io/netty/util/concurrent/AbstractScheduledEventExecutor$1
instanceKlass io/netty/util/internal/PriorityQueue
instanceKlass io/netty/util/concurrent/ScheduledFuture
instanceKlass io/netty/util/concurrent/ProgressivePromise
instanceKlass io/netty/util/concurrent/ProgressiveFuture
instanceKlass io/netty/util/concurrent/DefaultFutureListeners
instanceKlass io/netty/util/concurrent/DefaultPromise$CauseHolder
instanceKlass io/netty/util/concurrent/AbstractFuture
instanceKlass io/netty/util/concurrent/EventExecutorChooserFactory$EventExecutorChooser
instanceKlass io/netty/util/concurrent/DefaultEventExecutorChooserFactory
instanceKlass io/netty/util/concurrent/ThreadPerTaskExecutor
instanceKlass io/netty/channel/nio/NioIoHandler$4
instanceKlass io/netty/channel/DefaultSelectStrategyFactory
instanceKlass io/netty/channel/SelectStrategyFactory
instanceKlass io/netty/channel/IoHandlerFactory
instanceKlass io/netty/channel/IoRegistration
instanceKlass io/netty/util/IntSupplier
instanceKlass io/netty/channel/nio/NioIoHandler
instanceKlass io/netty/channel/IoHandler
instanceKlass reactor/core/scheduler/NonBlocking
instanceKlass reactor/netty/resources/DefaultLoopResources$EventLoopFactory
instanceKlass io/netty/util/NettyRuntime$AvailableProcessorsHolder
instanceKlass io/netty/channel/IoEventLoop
instanceKlass io/netty/channel/EventLoop
instanceKlass io/netty/util/concurrent/OrderedEventExecutor
instanceKlass io/netty/util/concurrent/EventExecutorChooserFactory
instanceKlass io/netty/util/concurrent/GenericFutureListener
instanceKlass io/netty/util/concurrent/EventExecutor
instanceKlass io/netty/util/concurrent/ThreadAwareExecutor
instanceKlass io/netty/util/concurrent/AbstractEventExecutorGroup
instanceKlass io/netty/channel/IoEventLoopGroup
instanceKlass reactor/netty/resources/DefaultLoopKQueue
instanceKlass  @bci sun/nio/ch/Net shouldShutdownWriteBeforeClose ()Z 3 <appendix> argL0 ; # sun/nio/ch/Net$$Lambda+0x000000003d61dd50
instanceKlass io/netty/channel/DefaultAddressedEnvelope
instanceKlass io/netty/channel/AddressedEnvelope
instanceKlass io/netty/channel/epoll/NativeDatagramPacketArray$NativeDatagramPacket
instanceKlass io/netty/channel/FileRegion
instanceKlass io/netty/channel/unix/PeerCredentials
instanceKlass io/netty/channel/epoll/Native
instanceKlass io/netty/channel/epoll/Epoll
instanceKlass reactor/netty/resources/DefaultLoopEpoll
instanceKlass reactor/netty/resources/DefaultLoopIOUring
instanceKlass reactor/netty/resources/DefaultLoopNIO
instanceKlass reactor/netty/resources/DefaultLoop
instanceKlass reactor/netty/resources/DefaultLoopNativeDetector
instanceKlass reactor/netty/internal/shaded/reactor/pool/AllocationStrategy
instanceKlass reactor/netty/resources/PooledConnectionProvider$PoolFactory
instanceKlass  @bci reactor/netty/http/HttpResources <clinit> ()V 0 <appendix> argL0 ; # reactor/netty/http/HttpResources$$Lambda+0x000000003d6495c0
instanceKlass  @bci reactor/netty/tcp/TcpResources <clinit> ()V 19 <appendix> argL0 ; # reactor/netty/tcp/TcpResources$$Lambda+0x000000003d649388
instanceKlass reactor/netty/tcp/TcpResources
instanceKlass reactor/netty/ReactorNetty$CompositeConnectionObserver
instanceKlass reactor/netty/http/client/HttpClientConnect$HttpIOHandlerObserver
instanceKlass reactor/netty/http/client/HttpClientConnect$HttpObserver
instanceKlass io/netty/handler/ssl/JdkDefaultApplicationProtocolNegotiator$1
instanceKlass io/netty/handler/ssl/JdkDefaultApplicationProtocolNegotiator
instanceKlass  @bci reactor/netty/tcp/TcpSslContextSpec <clinit> ()V 0 <appendix> argL0 ; # reactor/netty/tcp/TcpSslContextSpec$$Lambda+0x000000003d64ab58
instanceKlass reactor/netty/tcp/TcpClientSecure
instanceKlass  @bci reactor/netty/http/client/HttpClientSecurityUtils <clinit> ()V 0 <appendix> argL0 ; # reactor/netty/http/client/HttpClientSecurityUtils$$Lambda+0x000000003d64a468
instanceKlass reactor/netty/http/client/HttpClientSecurityUtils
instanceKlass io/netty/handler/codec/quic/QuicheQuicSslContext$QuicheQuicSslSessionContext
instanceKlass io/netty/handler/codec/quic/QuicheQuicSslContext$QuicheQuicApplicationProtocolNegotiator
instanceKlass io/netty/util/internal/RefCnt$VarHandleRefCnt
instanceKlass io/netty/util/internal/RefCnt
instanceKlass javax/security/auth/x500/X500Principal$1
instanceKlass jdk/internal/access/JavaxSecurityAccess
instanceKlass javax/security/auth/x500/X500Principal
instanceKlass io/netty/util/AbstractReferenceCounted
instanceKlass io/netty/handler/codec/quic/QuicClientSessionCache
instanceKlass io/netty/handler/codec/quic/QuicheQuicSslEngineMap
instanceKlass io/netty/handler/codec/quic/QuicCodecBuilder
instanceKlass io/netty/handler/codec/http3/Http3
instanceKlass io/netty/handler/codec/quic/GroupsConverter
instanceKlass io/netty/handler/codec/quic/QuicSslSessionContext
instanceKlass io/netty/handler/codec/quic/BoringSSLPrivateKeyMethod
instanceKlass io/netty/handler/codec/quic/BoringSSLKeylog
instanceKlass  @bci reactor/netty/http/Http3SslContextSpec <clinit> ()V 0 <appendix> argL0 ; # reactor/netty/http/Http3SslContextSpec$$Lambda+0x000000003d64c000
instanceKlass io/netty/handler/codec/quic/QuicSslContextBuilder
instanceKlass reactor/netty/http/Http3SslContextSpec
instanceKlass reactor/netty/tcp/SslProvider$GenericSslContextSpecWithSniSupport
instanceKlass io/netty/handler/codec/quic/QuicTransportError
instanceKlass io/netty/handler/codec/quic/Quiche$QuicTransportErrorHolder
instanceKlass io/netty/handler/codec/quic/BoringSSLSessionTicketCallback
instanceKlass io/netty/handler/codec/quic/BoringSSLSessionCallback
instanceKlass io/netty/handler/codec/quic/BoringSSLKeylogCallback
instanceKlass io/netty/handler/codec/quic/BoringSSLTlsextServernameCallback
instanceKlass io/netty/handler/codec/quic/BoringSSLTask
instanceKlass io/netty/handler/codec/quic/BoringSSL
instanceKlass io/netty/handler/codec/quic/BoringSSLNativeStaticallyReferencedJniMethods
instanceKlass io/netty/handler/codec/quic/QuicheNativeStaticallyReferencedJniMethods
instanceKlass io/netty/util/internal/ThrowableUtil
# instanceKlass java/lang/invoke/LambdaForm$MH+0x000000003d648c00
# instanceKlass java/lang/invoke/LambdaForm$MH+0x000000003d648800
# instanceKlass java/lang/invoke/LambdaForm$MH+0x000000003d648400
# instanceKlass java/lang/invoke/LambdaForm$MH+0x000000003d648000
instanceKlass io/netty/util/internal/NativeLibraryLoader$1
instanceKlass io/netty/util/internal/NativeLibraryUtil
instanceKlass io/netty/util/internal/NativeLibraryLoader
instanceKlass io/netty/util/CharsetUtil
instanceKlass io/netty/util/internal/ClassInitializerUtil
instanceKlass io/netty/handler/codec/quic/QuicheLogger
instanceKlass io/netty/handler/codec/quic/BoringSSLHandshakeCompleteCallback
instanceKlass io/netty/handler/codec/quic/BoringSSLCertificateVerifyCallback
instanceKlass io/netty/handler/codec/quic/BoringSSLCertificateCallback
instanceKlass io/netty/util/collection/IntObjectHashMap$1
instanceKlass io/netty/util/collection/IntObjectHashMap
instanceKlass io/netty/util/collection/IntObjectMap
instanceKlass io/netty/handler/codec/quic/Quiche
instanceKlass io/netty/handler/codec/quic/Quic
instanceKlass reactor/netty/http/internal/Http3
instanceKlass io/netty/util/Attribute
instanceKlass io/netty/util/DefaultAttributeMap
instanceKlass io/netty/handler/ssl/JdkApplicationProtocolNegotiator$AllocatorAwareSslEngineWrapperFactory
instanceKlass io/netty/handler/ssl/JdkAlpnSslUtils$6
instanceKlass io/netty/handler/ssl/JdkAlpnSslUtils$5
instanceKlass io/netty/handler/ssl/JdkAlpnSslUtils$4
instanceKlass io/netty/handler/ssl/JdkAlpnSslUtils$3
instanceKlass io/netty/handler/ssl/JdkAlpnSslUtils$2
instanceKlass javax/net/ssl/SSLEngineResult
instanceKlass io/netty/handler/ssl/JdkAlpnSslUtils$1
instanceKlass io/netty/handler/ssl/JdkAlpnSslUtils
instanceKlass io/netty/handler/ssl/Conscrypt
instanceKlass io/netty/handler/ssl/JdkBaseApplicationProtocolNegotiator$4
instanceKlass io/netty/handler/ssl/JdkApplicationProtocolNegotiator$ProtocolSelectionListener
instanceKlass io/netty/handler/ssl/JdkBaseApplicationProtocolNegotiator$3
instanceKlass io/netty/handler/ssl/JdkBaseApplicationProtocolNegotiator$2
instanceKlass io/netty/handler/ssl/JdkApplicationProtocolNegotiator$ProtocolSelector
instanceKlass io/netty/handler/ssl/JdkBaseApplicationProtocolNegotiator$1
instanceKlass io/netty/handler/ssl/JdkApplicationProtocolNegotiator$SslEngineWrapperFactory
instanceKlass io/netty/handler/ssl/JdkApplicationProtocolNegotiator$ProtocolSelectionListenerFactory
instanceKlass io/netty/handler/ssl/JdkApplicationProtocolNegotiator$ProtocolSelectorFactory
instanceKlass io/netty/handler/ssl/JdkBaseApplicationProtocolNegotiator
instanceKlass io/netty/handler/ssl/JdkSslContext$1
instanceKlass io/netty/handler/ssl/SslUtils
instanceKlass sun/security/ssl/SSLConfiguration$1
instanceKlass sun/security/ssl/SSLConfiguration$CustomizedClientSignatureSchemes
instanceKlass javax/net/SocketFactory
instanceKlass sun/security/ssl/DTLSRecord
instanceKlass sun/security/ssl/SessionId
instanceKlass java/security/spec/MGF1ParameterSpec
instanceKlass sun/security/ec/ParametersMap$1
instanceKlass  @bci sun/security/ec/ed/EdDSAParameters <clinit> ()V 268 <appendix> argL0 ; # sun/security/ec/ed/EdDSAParameters$$Lambda+0x000000003d6167d0
instanceKlass sun/security/ec/ed/EdDSAParameters$SHAKE256DigesterFactory
instanceKlass sun/security/ec/point/ProjectivePoint
instanceKlass  @bci sun/security/ec/ed/EdDSAParameters <clinit> ()V 117 <appendix> argL0 ; # sun/security/ec/ed/EdDSAParameters$$Lambda+0x000000003d615490
instanceKlass sun/security/ec/ed/EdDSAParameters$SHA512DigesterFactory
instanceKlass sun/security/ec/ed/EdDSAParameters$DigesterFactory
instanceKlass sun/security/util/math/IntegerMontgomeryFieldModuloP
instanceKlass sun/security/ec/point/ExtendedHomogeneousPoint
instanceKlass sun/security/ec/point/ImmutablePoint
instanceKlass sun/security/ec/point/Point
instanceKlass sun/security/ec/point/AffinePoint
instanceKlass sun/security/util/math/intpoly/IntegerPolynomial$Limb
instanceKlass sun/security/util/math/SmallValue
instanceKlass sun/security/ec/ed/EdECOperations
instanceKlass sun/security/util/math/intpoly/IntegerPolynomial$Element
instanceKlass sun/security/util/math/ImmutableIntegerModuloP
instanceKlass sun/security/util/math/IntegerModuloP
instanceKlass sun/security/util/math/intpoly/IntegerPolynomial
instanceKlass sun/security/util/math/IntegerFieldModuloP
instanceKlass sun/security/ec/ParametersMap
instanceKlass sun/security/ec/ed/EdDSAParameters
instanceKlass  @bci sun/security/ec/ed/EdDSASignature <init> (Ljava/security/spec/NamedParameterSpec;)V 27 <appendix> argL0 ; # sun/security/ec/ed/EdDSASignature$$Lambda+0x000000003d611af0
instanceKlass java/security/spec/EdDSAParameterSpec
instanceKlass javax/net/ssl/ExtendedSSLSession
instanceKlass javax/net/ssl/SSLSession
instanceKlass javax/crypto/spec/DHParameterSpec
instanceKlass sun/security/ssl/PredefinedDHParameterSpecs
instanceKlass sun/security/ssl/NamedGroup$SupportedGroups
instanceKlass sun/security/ssl/SSLConfiguration$CustomizedServerSignatureSchemes
instanceKlass javax/crypto/KeyGeneratorSpi
instanceKlass javax/crypto/KeyGenerator
instanceKlass sun/security/ssl/SSLConfiguration
instanceKlass sun/security/ssl/SSLCipher$SSLWriteCipher
instanceKlass sun/security/ssl/KeyUpdate$KeyUpdateProducer
instanceKlass sun/security/ssl/KeyUpdate$KeyUpdateConsumer
instanceKlass sun/security/ssl/KeyUpdate$KeyUpdateKickstartProducer
instanceKlass sun/security/ssl/KeyUpdate
instanceKlass sun/security/ssl/CertificateStatus$CertificateStatusAbsence
instanceKlass sun/security/ssl/HandshakeAbsence
instanceKlass sun/security/ssl/CertificateStatus$CertificateStatusProducer
instanceKlass sun/security/ssl/CertificateStatus$CertificateStatusConsumer
instanceKlass sun/security/ssl/CertificateStatus
instanceKlass sun/security/ssl/Finished$T13FinishedProducer
instanceKlass sun/security/ssl/Finished$T13FinishedConsumer
instanceKlass sun/security/ssl/Finished$T12FinishedProducer
instanceKlass sun/security/ssl/Finished$T12FinishedConsumer
instanceKlass sun/security/ssl/Finished
instanceKlass sun/security/ssl/ClientKeyExchange$ClientKeyExchangeProducer
instanceKlass sun/security/ssl/ClientKeyExchange$ClientKeyExchangeConsumer
instanceKlass sun/security/ssl/ClientKeyExchange
instanceKlass sun/security/ssl/CertificateVerify$T13CertificateVerifyProducer
instanceKlass sun/security/ssl/CertificateVerify$T13CertificateVerifyConsumer
instanceKlass sun/security/ssl/CertificateVerify$T12CertificateVerifyProducer
instanceKlass sun/security/ssl/CertificateVerify$T12CertificateVerifyConsumer
instanceKlass sun/security/ssl/CertificateVerify$T10CertificateVerifyProducer
instanceKlass sun/security/ssl/CertificateVerify$T10CertificateVerifyConsumer
instanceKlass sun/security/ssl/CertificateVerify$S30CertificateVerifyProducer
instanceKlass sun/security/ssl/CertificateVerify$S30CertificateVerifyConsumer
instanceKlass sun/security/ssl/CertificateVerify
instanceKlass sun/security/ssl/ServerHelloDone$ServerHelloDoneProducer
instanceKlass sun/security/ssl/ServerHelloDone$ServerHelloDoneConsumer
instanceKlass sun/security/ssl/ServerHelloDone
instanceKlass sun/security/ssl/CertificateRequest$T13CertificateRequestProducer
instanceKlass sun/security/ssl/CertificateRequest$T13CertificateRequestConsumer
instanceKlass sun/security/ssl/CertificateRequest$T12CertificateRequestProducer
instanceKlass sun/security/ssl/CertificateRequest$T12CertificateRequestConsumer
instanceKlass sun/security/ssl/CertificateRequest$T10CertificateRequestProducer
instanceKlass sun/security/ssl/CertificateRequest$T10CertificateRequestConsumer
instanceKlass sun/security/ssl/CertificateRequest
instanceKlass sun/security/ssl/ServerKeyExchange$ServerKeyExchangeProducer
instanceKlass sun/security/ssl/ServerKeyExchange$ServerKeyExchangeConsumer
instanceKlass sun/security/ssl/ServerKeyExchange
instanceKlass sun/security/ssl/CertificateMessage$T13CertificateProducer
instanceKlass sun/security/ssl/CertificateMessage$T13CertificateConsumer
instanceKlass sun/security/ssl/CertificateMessage$T12CertificateProducer
instanceKlass sun/security/ssl/CertificateMessage$T12CertificateConsumer
instanceKlass sun/security/ssl/CertificateMessage
instanceKlass sun/security/ssl/EncryptedExtensions$EncryptedExtensionsConsumer
instanceKlass sun/security/ssl/EncryptedExtensions$EncryptedExtensionsProducer
instanceKlass sun/security/ssl/EncryptedExtensions
instanceKlass sun/security/ssl/NewSessionTicket$T12NewSessionTicketProducer
instanceKlass sun/security/ssl/NewSessionTicket$T13NewSessionTicketProducer
instanceKlass sun/security/ssl/NewSessionTicket$T12NewSessionTicketConsumer
instanceKlass sun/security/ssl/NewSessionTicket$T13NewSessionTicketConsumer
instanceKlass sun/security/ssl/NewSessionTicket
instanceKlass sun/security/ssl/HelloVerifyRequest$HelloVerifyRequestProducer
instanceKlass sun/security/ssl/HelloVerifyRequest$HelloVerifyRequestConsumer
instanceKlass sun/security/ssl/HelloVerifyRequest
instanceKlass sun/security/ssl/ServerHello$T13HelloRetryRequestConsumer
instanceKlass sun/security/ssl/ServerHello$T13ServerHelloConsumer
instanceKlass sun/security/ssl/ServerHello$T12ServerHelloConsumer
instanceKlass sun/security/ssl/ServerHello$T13HelloRetryRequestReproducer
instanceKlass sun/security/ssl/ServerHello$T13HelloRetryRequestProducer
instanceKlass sun/security/ssl/ServerHello$T13ServerHelloProducer
instanceKlass sun/security/ssl/ServerHello$T12ServerHelloProducer
instanceKlass sun/security/ssl/ServerHello$ServerHelloConsumer
instanceKlass sun/security/ssl/ServerHello
instanceKlass sun/security/ssl/ClientHello$D13ClientHelloConsumer
instanceKlass sun/security/ssl/ClientHello$D12ClientHelloConsumer
instanceKlass sun/security/ssl/ClientHello$T13ClientHelloConsumer
instanceKlass sun/security/ssl/ClientHello$T12ClientHelloConsumer
instanceKlass sun/security/ssl/HandshakeConsumer
instanceKlass sun/security/ssl/ClientHello$ClientHelloProducer
instanceKlass sun/security/ssl/ClientHello$ClientHelloConsumer
instanceKlass sun/security/ssl/ClientHello$ClientHelloKickstartProducer
instanceKlass sun/security/ssl/ClientHello
instanceKlass sun/security/ssl/HelloRequest$HelloRequestProducer
instanceKlass sun/security/ssl/HelloRequest$HelloRequestConsumer
instanceKlass sun/security/ssl/HelloRequest$HelloRequestKickstartProducer
instanceKlass sun/security/ssl/SSLProducer
instanceKlass sun/security/ssl/HelloRequest
instanceKlass sun/security/ssl/HandshakeProducer
instanceKlass sun/security/ssl/SSLConsumer
instanceKlass sun/security/ssl/Authenticator$MacImpl
instanceKlass sun/security/ssl/Authenticator$MAC
instanceKlass sun/security/ssl/Authenticator
instanceKlass sun/security/ssl/SSLCipher$SSLReadCipher
instanceKlass sun/security/ssl/InputRecord
instanceKlass sun/security/ssl/SSLRecord
instanceKlass sun/security/ssl/Record
instanceKlass sun/security/ssl/TransportContext
instanceKlass sun/security/ssl/ConnectionContext
instanceKlass sun/security/ssl/HandshakeHash$CacheOnlyHash
instanceKlass sun/security/ssl/HandshakeHash$TranscriptHash
instanceKlass sun/security/ssl/HandshakeHash
instanceKlass sun/security/ssl/SSLTransport
instanceKlass  @bci sun/security/ssl/SSLContextImpl engineInit ([Ljavax/net/ssl/KeyManager;[Ljavax/net/ssl/TrustManager;Ljava/security/SecureRandom;)V 57 <appendix> argL0 ; # sun/security/ssl/SSLContextImpl$$Lambda+0x000000003d5eee00
instanceKlass javax/net/ssl/X509ExtendedTrustManager
instanceKlass javax/net/ssl/X509TrustManager
instanceKlass sun/security/validator/TrustStoreUtil
instanceKlass sun/security/x509/AccessDescription
instanceKlass sun/security/x509/DNSName
instanceKlass sun/security/x509/URIName
instanceKlass sun/security/x509/DistributionPoint
instanceKlass sun/security/x509/NetscapeCertTypeExtension$MapEntry
instanceKlass java/security/cert/PolicyQualifierInfo
instanceKlass sun/security/x509/CertificatePolicyId
instanceKlass sun/security/x509/PolicyInformation
instanceKlass java/security/interfaces/ECPublicKey
instanceKlass java/security/interfaces/ECKey
instanceKlass  @bci sun/security/ec/ECKeyFactory implGeneratePublic (Ljava/security/spec/KeySpec;)Ljava/security/PublicKey; 6 <appendix> member <vmtarget> ; # sun/security/ec/ECKeyFactory$$TypeSwitch+0x000000003d5ead28
instanceKlass java/security/spec/ECPublicKeySpec
instanceKlass sun/security/x509/GeneralName
instanceKlass java/security/PKCS12Attribute
instanceKlass java/security/KeyStore$Entry$Attribute
instanceKlass sun/security/pkcs12/PKCS12KeyStore$Entry
instanceKlass jdk/internal/event/EventHelper$ThreadTrackHolder
instanceKlass java/util/jar/JarFile$ThreadTrackHolder
instanceKlass jdk/internal/event/EventHelper
instanceKlass sun/security/jca/JCAUtil
instanceKlass sun/security/util/MemoryCache$CacheEntry
instanceKlass sun/security/x509/GeneralNames
instanceKlass sun/security/x509/KeyIdentifier
instanceKlass sun/security/x509/OIDMap$OIDInfo
instanceKlass sun/security/x509/PKIXExtensions
instanceKlass sun/security/x509/OIDMap
instanceKlass sun/security/x509/Extension
instanceKlass java/security/cert/Extension
instanceKlass sun/security/x509/CertificateExtensions
instanceKlass sun/security/rsa/RSAUtil
instanceKlass java/security/interfaces/RSAPublicKey
instanceKlass java/security/interfaces/RSAKey
instanceKlass  @bci sun/security/rsa/RSAKeyFactory generatePublic (Ljava/security/spec/KeySpec;)Ljava/security/PublicKey; 6 <appendix> member <vmtarget> ; # sun/security/rsa/RSAKeyFactory$$TypeSwitch+0x000000003d5fdec0
instanceKlass java/security/spec/PSSParameterSpec
instanceKlass java/security/spec/RSAPrivateKeySpec
instanceKlass java/security/spec/RSAPublicKeySpec
instanceKlass  @bci java/security/spec/EncodedKeySpec <clinit> ()V 0 <appendix> argL0 ; # java/security/spec/EncodedKeySpec$$Lambda+0x000000003d5fc8a0
instanceKlass jdk/internal/access/JavaSecuritySpecAccess
instanceKlass java/security/spec/EncodedKeySpec
instanceKlass sun/security/util/BitArray
instanceKlass sun/security/x509/X509Key
instanceKlass java/security/PublicKey
instanceKlass java/security/AsymmetricKey
instanceKlass sun/security/x509/CertificateX509Key
instanceKlass sun/security/x509/CertificateValidity
instanceKlass sun/security/x509/AVA
instanceKlass sun/security/x509/RDN
instanceKlass sun/security/x509/X500Name
instanceKlass sun/security/x509/GeneralNameInterface
instanceKlass sun/security/x509/CertificateAlgorithmId
instanceKlass sun/security/x509/SerialNumber
instanceKlass sun/security/x509/CertificateSerialNumber
instanceKlass sun/security/x509/CertificateVersion
instanceKlass sun/security/x509/X509CertInfo
instanceKlass sun/security/x509/AlgorithmId
instanceKlass sun/security/util/Cache$EqualByteArray
instanceKlass sun/security/pkcs/ContentInfo
instanceKlass sun/security/util/IOUtils
instanceKlass sun/security/util/DerInputStream
instanceKlass sun/security/util/DerValue
instanceKlass java/security/KeyStoreSpi
instanceKlass sun/security/util/FilePaths
instanceKlass sun/security/ssl/TrustStoreManager$TrustStoreDescriptor
instanceKlass sun/security/ssl/TrustStoreManager$TrustAnchorManager
instanceKlass sun/security/ssl/TrustStoreManager
instanceKlass javax/net/ssl/TrustManagerFactorySpi
instanceKlass javax/net/ssl/X509ExtendedKeyManager
instanceKlass javax/net/ssl/X509KeyManager
instanceKlass javax/net/ssl/KeyManager
instanceKlass sun/security/ssl/SSLSessionContextImpl
instanceKlass javax/net/ssl/SSLSessionContext
instanceKlass sun/security/ssl/EphemeralKeyManager$EphemeralKeyPair
instanceKlass sun/security/ssl/EphemeralKeyManager
instanceKlass sun/security/ssl/SSLContextImpl$CustomizedSSLProtocols
instanceKlass java/security/spec/NamedParameterSpec
instanceKlass sun/security/util/ECKeySizeParameterSpec
instanceKlass java/security/AlgorithmParametersSpi
instanceKlass java/security/AlgorithmParameters
instanceKlass sun/security/util/ECUtil
instanceKlass java/security/KeyPairGeneratorSpi
instanceKlass java/security/KeyFactorySpi
instanceKlass java/security/KeyFactory
instanceKlass javax/crypto/KeyAgreement
instanceKlass java/security/Signature$1
instanceKlass jdk/internal/access/JavaSecuritySignatureAccess
instanceKlass java/security/SignatureSpi
instanceKlass sun/security/ssl/JsseJce$EcAvailability
instanceKlass sun/security/ssl/SSLAlgorithmDecomposer$1
instanceKlass sun/security/ssl/Utilities
instanceKlass sun/security/ssl/JsseJce
instanceKlass sun/security/ssl/NamedGroup$XDHScheme
instanceKlass sun/security/ssl/NamedGroup$FFDHEScheme
instanceKlass sun/security/ssl/NamedGroup$ECDHEScheme
instanceKlass sun/security/ssl/NamedGroup$NamedGroupScheme
instanceKlass sun/security/ssl/SSLCipher$T13CC20P1305WriteCipherGenerator
instanceKlass sun/security/ssl/SSLCipher$T12CC20P1305WriteCipherGenerator
instanceKlass sun/security/ssl/SSLCipher$T13CC20P1305ReadCipherGenerator
instanceKlass sun/security/ssl/SSLCipher$T12CC20P1305ReadCipherGenerator
instanceKlass sun/security/ssl/SSLCipher$T13GcmWriteCipherGenerator
instanceKlass sun/security/ssl/SSLCipher$T13GcmReadCipherGenerator
instanceKlass sun/security/ssl/SSLCipher$T12GcmWriteCipherGenerator
instanceKlass sun/security/ssl/SSLCipher$T12GcmReadCipherGenerator
instanceKlass com/sun/crypto/provider/AESConstants
instanceKlass java/util/Vector$1
instanceKlass javax/crypto/JceSecurityManager
instanceKlass sun/security/ssl/SSLCipher$T11BlockWriteCipherGenerator
instanceKlass sun/security/ssl/SSLCipher$T11BlockReadCipherGenerator
instanceKlass com/sun/crypto/provider/PKCS5Padding
instanceKlass com/sun/crypto/provider/Padding
instanceKlass com/sun/crypto/provider/FeedbackCipher
instanceKlass com/sun/crypto/provider/SymmetricCipher
instanceKlass com/sun/crypto/provider/DESConstants
instanceKlass com/sun/crypto/provider/CipherCore
instanceKlass sun/security/ssl/SSLCipher$T10BlockWriteCipherGenerator
instanceKlass sun/security/ssl/SSLCipher$T10BlockReadCipherGenerator
instanceKlass javax/crypto/CipherSpi
instanceKlass javax/crypto/ProviderVerifier
instanceKlass java/lang/Class$Holder
instanceKlass javax/crypto/JceSecurity$1
instanceKlass java/net/spi/URLStreamHandlerProvider
instanceKlass jdk/internal/misc/ThreadTracker
instanceKlass java/net/URL$ThreadTrackHolder
instanceKlass javax/crypto/CryptoPolicyParser$CryptoPermissionEntry
instanceKlass javax/crypto/CryptoPolicyParser$GrantEntry
instanceKlass java/io/StreamTokenizer
instanceKlass javax/crypto/CryptoPolicyParser
instanceKlass java/nio/file/Files$1
instanceKlass sun/nio/fs/WindowsFileSystem$1
instanceKlass java/nio/file/PathMatcher
instanceKlass sun/nio/fs/Globs
instanceKlass sun/nio/fs/WindowsFileSystemProvider$1
instanceKlass javax/crypto/JceSecurity
instanceKlass sun/security/jca/ProviderList$ServiceIterator
instanceKlass sun/security/jca/ServiceId
instanceKlass javax/crypto/Cipher$Transform
instanceKlass javax/crypto/Cipher
instanceKlass sun/security/ssl/SSLCipher$StreamWriteCipherGenerator
instanceKlass sun/security/ssl/SSLCipher$StreamReadCipherGenerator
instanceKlass sun/security/ssl/SSLCipher$NullWriteCipherGenerator
instanceKlass sun/security/ssl/SSLCipher$WriteCipherGenerator
instanceKlass sun/security/ssl/SSLCipher$NullReadCipherGenerator
instanceKlass sun/security/ssl/SSLCipher$ReadCipherGenerator
instanceKlass  @bci sun/security/util/DisabledAlgorithmConstraints checkDisabledPatterns (Ljava/lang/String;)Z 17 <appendix> member <vmtarget> ; # sun/security/util/DisabledAlgorithmConstraints$$Lambda+0x000000003d3f30e8
instanceKlass sun/security/util/DisabledAlgorithmConstraints$Constraints$Holder
instanceKlass sun/security/util/DisabledAlgorithmConstraints$Constraint
instanceKlass sun/security/util/DisabledAlgorithmConstraints$Constraints
instanceKlass sun/security/util/AlgorithmDecomposer
instanceKlass sun/security/util/AbstractAlgorithmConstraints
instanceKlass sun/security/ssl/SSLAlgorithmConstraints
instanceKlass sun/security/ssl/SSLLogger
instanceKlass javax/net/ssl/SSLContextSpi
instanceKlass javax/net/ssl/SSLContext
instanceKlass io/netty/handler/ssl/JdkSslContext$Defaults
instanceKlass io/netty/handler/ssl/JdkApplicationProtocolNegotiator
instanceKlass io/netty/handler/ssl/ApplicationProtocolNegotiator
instanceKlass io/netty/handler/ssl/SslContext$1
instanceKlass javax/net/ssl/TrustManager
instanceKlass io/netty/handler/ssl/ResumptionController
instanceKlass io/netty/handler/ssl/ApplicationProtocolUtil
instanceKlass io/netty/handler/ssl/ApplicationProtocolConfig
instanceKlass io/netty/handler/ssl/SupportedCipherSuiteFilter
instanceKlass io/netty/handler/codec/http2/Http2SecurityUtil
instanceKlass javax/net/ssl/SSLEngine
instanceKlass io/netty/handler/ssl/ApplicationProtocolAccessor
instanceKlass io/netty/handler/ssl/PemEncoded
instanceKlass java/security/CodeSigner
instanceKlass io/netty/handler/ssl/OpenSsl
instanceKlass io/netty/handler/ssl/SslProvider$1
instanceKlass sun/security/util/Cache
instanceKlass java/security/cert/CertificateFactorySpi
instanceKlass java/security/cert/CertificateFactory
instanceKlass java/security/Key
instanceKlass java/security/spec/KeySpec
instanceKlass io/netty/handler/ssl/SslContext
instanceKlass java/security/KeyStore
instanceKlass io/netty/handler/ssl/IdentityCipherSuiteFilter
instanceKlass javax/net/ssl/KeyManagerFactory
instanceKlass javax/net/ssl/TrustManagerFactory
instanceKlass  @bci reactor/netty/http/Http2SslContextSpec <clinit> ()V 0 <appendix> argL0 ; # reactor/netty/http/Http2SslContextSpec$$Lambda+0x000000003d5debc8
instanceKlass io/netty/handler/ssl/SslContextBuilder
instanceKlass io/netty/handler/ssl/CipherSuiteFilter
instanceKlass reactor/netty/tcp/AbstractProtocolSslContextSpec
instanceKlass reactor/netty/tcp/SslProvider$Build
instanceKlass reactor/netty/tcp/SslProvider$Builder
instanceKlass reactor/netty/tcp/SslProvider$SslContextSpec
instanceKlass reactor/netty/tcp/SslProvider
instanceKlass reactor/netty/tcp/SslProvider$ProtocolSslContextSpec
instanceKlass reactor/netty/tcp/SslProvider$GenericSslContextSpec
instanceKlass reactor/netty/http/client/HttpClientSecure
instanceKlass reactor/core/publisher/Operators$CancelledSubscription
instanceKlass reactor/core/publisher/FluxPublish$PublishSubscriber
instanceKlass reactor/core/publisher/FluxConcatMapNoPrefetch$FluxConcatMapNoPrefetchSubscriber
instanceKlass reactor/core/publisher/FluxConcatMap$FluxConcatMapSupport
instanceKlass reactor/util/context/Context2
instanceKlass  @bci reactor/core/publisher/Flux contextWriteSkippingContextPropagation (Lreactor/util/context/ContextView;)Lreactor/core/publisher/Flux; 2 <appendix> member <vmtarget> ; # reactor/core/publisher/Flux$$Lambda+0x000000003d5db420
instanceKlass reactor/core/publisher/OnNextFailureStrategy$ResumeDropStrategy
instanceKlass reactor/core/publisher/OnNextFailureStrategy$1
instanceKlass  @bci reactor/util/retry/RetrySpec lambda$generateCompanion$0 (Lreactor/core/publisher/Flux;Lreactor/util/context/ContextView;)Lorg/reactivestreams/Publisher; 7 <appendix> member <vmtarget> ; # reactor/util/retry/RetrySpec$$Lambda+0x000000003d5da7d0
instanceKlass  @bci reactor/core/publisher/Flux contextWrite (Lreactor/util/context/ContextView;)Lreactor/core/publisher/Flux; 2 <appendix> member <vmtarget> ; # reactor/core/publisher/Flux$$Lambda+0x000000003d5da580
instanceKlass  @bci reactor/util/retry/RetrySpec generateCompanion (Lreactor/core/publisher/Flux;)Lreactor/core/publisher/Flux; 2 <appendix> member <vmtarget> ; # reactor/util/retry/RetrySpec$$Lambda+0x000000003d5da330
instanceKlass  @bci org/springframework/web/reactive/function/client/ExchangeFunctions$DefaultExchangeFunction logRequest (Lorg/springframework/web/reactive/function/client/ClientRequest;)V 5 <appendix> member <vmtarget> ; # org/springframework/web/reactive/function/client/ExchangeFunctions$DefaultExchangeFunction$$Lambda+0x000000003d5da0e0
instanceKlass reactor/core/publisher/Operators$DeferredSubscription
instanceKlass reactor/core/publisher/SerializedSubscriber
instanceKlass reactor/core/publisher/SinksSpecs$AbstractSerializedSink
instanceKlass  @bci reactor/util/concurrent/Queues <clinit> ()V 76 <appendix> argL0 ; # reactor/util/concurrent/Queues$$Lambda+0x000000003d5d8cd8
instanceKlass  @bci reactor/util/concurrent/Queues <clinit> ()V 68 <appendix> argL0 ; # reactor/util/concurrent/Queues$$Lambda+0x000000003d5d8ab0
instanceKlass  @bci reactor/util/concurrent/Queues <clinit> ()V 60 <appendix> argL0 ; # reactor/util/concurrent/Queues$$Lambda+0x000000003d5d8888
instanceKlass  @bci reactor/util/concurrent/Queues <clinit> ()V 52 <appendix> argL0 ; # reactor/util/concurrent/Queues$$Lambda+0x000000003d5d8660
instanceKlass  @bci reactor/util/concurrent/Queues <clinit> ()V 44 <appendix> argL0 ; # reactor/util/concurrent/Queues$$Lambda+0x000000003d5d8438
instanceKlass  @bci reactor/util/concurrent/Queues <clinit> ()V 36 <appendix> argL0 ; # reactor/util/concurrent/Queues$$Lambda+0x000000003d5d8210
instanceKlass reactor/util/concurrent/Queues
instanceKlass reactor/core/publisher/SinkManyEmitterProcessor$EmitterDisposable
instanceKlass reactor/core/publisher/FluxPublish$PubSubInner
instanceKlass reactor/core/publisher/InternalManySink
instanceKlass reactor/core/publisher/ContextHolder
instanceKlass reactor/core/publisher/SinksSpecs$DefaultSinksSpecs
instanceKlass reactor/core/publisher/SinksSpecs$UnicastSpecImpl
instanceKlass reactor/core/publisher/Sinks$ManyWithUpstream
instanceKlass reactor/core/publisher/Sinks$One
instanceKlass reactor/core/publisher/Sinks$Empty
instanceKlass reactor/core/publisher/Sinks$Many
instanceKlass reactor/core/publisher/Sinks$UnicastSpec
instanceKlass reactor/core/publisher/SinksSpecs$UnsafeSpecImpl
instanceKlass reactor/core/publisher/Sinks$MulticastReplaySpec
instanceKlass reactor/core/publisher/Sinks$MulticastSpec
instanceKlass reactor/core/publisher/Sinks$ManyWithUpstreamUnsafeSpec
instanceKlass reactor/core/publisher/Sinks$ManySpec
instanceKlass reactor/core/publisher/Sinks$RootSpec
instanceKlass reactor/core/publisher/SinksSpecs
instanceKlass reactor/core/publisher/Sinks
instanceKlass  @bci reactor/util/retry/RetrySpec <init> (Lreactor/util/context/ContextView;JLjava/util/function/Predicate;ZLjava/util/function/Consumer;Ljava/util/function/Consumer;Ljava/util/function/BiFunction;Ljava/util/function/BiFunction;Ljava/util/function/BiFunction;)V 18 <appendix> member <vmtarget> ; # reactor/util/retry/RetrySpec$$Lambda+0x000000003d5d6dd8
instanceKlass  @bci reactor/util/retry/Retry indefinitely ()Lreactor/util/retry/RetrySpec; 10 <appendix> argL0 ; # reactor/util/retry/Retry$$Lambda+0x000000003d5d6b80
instanceKlass  @bci reactor/util/retry/RetrySpec <clinit> ()V 25 <appendix> argL0 ; # reactor/util/retry/RetrySpec$$Lambda+0x000000003d5d6948
instanceKlass  @bci reactor/util/retry/RetrySpec <clinit> ()V 17 <appendix> argL0 ; # reactor/util/retry/RetrySpec$$Lambda+0x000000003d5d6710
instanceKlass  @bci reactor/util/retry/RetrySpec <clinit> ()V 9 <appendix> argL0 ; # reactor/util/retry/RetrySpec$$Lambda+0x000000003d5d64d8
instanceKlass reactor/util/retry/Retry$RetrySignal
instanceKlass reactor/core/publisher/OperatorDisposables
instanceKlass  @bci reactor/netty/http/client/HttpClientConnect$MonoHttpConnect subscribe (Lreactor/core/CoreSubscriber;)V 14 <appendix> member <vmtarget> ; # reactor/netty/http/client/HttpClientConnect$MonoHttpConnect$$Lambda+0x000000003d5d5a30
instanceKlass reactor/core/publisher/MonoSink
instanceKlass io/netty/util/NetUtil$SoMaxConnAction
instanceKlass io/netty/util/NetUtilInitializations$NetworkIfaceAndInetAddress
instanceKlass io/netty/util/internal/SocketUtils$11
instanceKlass io/netty/util/internal/SocketUtils
instanceKlass io/netty/util/NetUtilInitializations
instanceKlass io/netty/util/NetUtil
instanceKlass reactor/netty/http/client/UriEndpoint
instanceKlass reactor/netty/http/client/UriEndpointFactory
instanceKlass reactor/core/publisher/MonoFlatMapMany$FlatMapManyMain
instanceKlass reactor/core/publisher/MonoNext$NextSubscriber
instanceKlass reactor/core/publisher/FluxPeek$PeekSubscriber
instanceKlass reactor/core/publisher/FluxMap$MapSubscriber
instanceKlass  @bci org/springframework/web/reactive/function/client/ExchangeFunctions$DefaultExchangeFunction exchange (Lorg/springframework/web/reactive/function/client/ClientRequest;)Lreactor/core/publisher/Mono; 74 <appendix> member <vmtarget> ; # org/springframework/web/reactive/function/client/ExchangeFunctions$DefaultExchangeFunction$$Lambda+0x000000003d5ce788
instanceKlass org/springframework/http/client/reactive/ClientHttpResponse
instanceKlass  @bci reactor/core/publisher/Mono onErrorResume (Ljava/util/function/Predicate;Ljava/util/function/Function;)Lreactor/core/publisher/Mono; 11 <appendix> member <vmtarget> ; # reactor/core/publisher/Mono$$Lambda+0x000000003d5ce330
instanceKlass  @bci org/springframework/web/reactive/function/client/ExchangeFunctions$DefaultExchangeFunction exchange (Lorg/springframework/web/reactive/function/client/ClientRequest;)Lreactor/core/publisher/Mono; 62 <appendix> member <vmtarget> ; # org/springframework/web/reactive/function/client/ExchangeFunctions$DefaultExchangeFunction$$Lambda+0x000000003d5ce0e0
instanceKlass  @bci org/springframework/web/reactive/function/client/ExchangeFunctions$DefaultExchangeFunction exchange (Lorg/springframework/web/reactive/function/client/ClientRequest;)Lreactor/core/publisher/Mono; 49 <appendix> member <vmtarget> ; # org/springframework/web/reactive/function/client/ExchangeFunctions$DefaultExchangeFunction$$Lambda+0x000000003d5cdeb0
instanceKlass  @bci org/springframework/web/reactive/function/client/ExchangeFunctions$DefaultExchangeFunction exchange (Lorg/springframework/web/reactive/function/client/ClientRequest;)Lreactor/core/publisher/Mono; 40 <appendix> member <vmtarget> ; # org/springframework/web/reactive/function/client/ExchangeFunctions$DefaultExchangeFunction$$Lambda+0x000000003d5cdc70
instanceKlass  @cpi org/springframework/web/reactive/function/client/ExchangeFunctions$DefaultExchangeFunction 349 form vmentry <vmtarget> ; # java/lang/invoke/LambdaForm$DMH+0x000000003d5d0000
instanceKlass java/util/function/LongConsumer
instanceKlass  @bci org/springframework/http/client/reactive/ReactorClientHttpConnector connect (Lorg/springframework/http/HttpMethod;Ljava/net/URI;Ljava/util/function/Function;)Lreactor/core/publisher/Mono; 192 <appendix> member <vmtarget> ; # org/springframework/http/client/reactive/ReactorClientHttpConnector$$Lambda+0x000000003d5cda40
instanceKlass  @bci reactor/netty/http/client/HttpClientFinalizer responseConnection (Ljava/util/function/BiFunction;)Lreactor/core/publisher/Flux; 5 <appendix> member <vmtarget> ; # reactor/netty/http/client/HttpClientFinalizer$$Lambda+0x000000003d5cd7f0
instanceKlass reactor/util/retry/Retry
instanceKlass  @bci org/springframework/http/client/reactive/ReactorClientHttpConnector connect (Lorg/springframework/http/HttpMethod;Ljava/net/URI;Ljava/util/function/Function;)Lreactor/core/publisher/Mono; 176 <appendix> member <vmtarget> ; # org/springframework/http/client/reactive/ReactorClientHttpConnector$$Lambda+0x000000003d5cd160
instanceKlass  @bci org/springframework/http/client/reactive/ReactorClientHttpConnector connect (Lorg/springframework/http/HttpMethod;Ljava/net/URI;Ljava/util/function/Function;)Lreactor/core/publisher/Mono; 164 <appendix> member <vmtarget> ; # org/springframework/http/client/reactive/ReactorClientHttpConnector$$Lambda+0x000000003d5ccf20
instanceKlass  @bci reactor/netty/http/client/HttpClientFinalizer <clinit> ()V 8 <appendix> argL0 ; # reactor/netty/http/client/HttpClientFinalizer$$Lambda+0x000000003d5cccd8
instanceKlass  @bci reactor/netty/http/client/HttpClientFinalizer <clinit> ()V 0 <appendix> argL0 ; # reactor/netty/http/client/HttpClientFinalizer$$Lambda+0x000000003d5cca90
instanceKlass  @bci org/springframework/web/reactive/function/client/ExchangeFunctions$DefaultExchangeFunction exchange (Lorg/springframework/web/reactive/function/client/ClientRequest;)Lreactor/core/publisher/Mono; 28 <appendix> member <vmtarget> ; # org/springframework/web/reactive/function/client/ExchangeFunctions$DefaultExchangeFunction$$Lambda+0x000000003d5cbf28
instanceKlass  @bci org/springframework/web/reactive/function/client/ExchangeFilterFunction apply (Lorg/springframework/web/reactive/function/client/ExchangeFunction;)Lorg/springframework/web/reactive/function/client/ExchangeFunction; 8 <appendix> member <vmtarget> ; # org/springframework/web/reactive/function/client/ExchangeFilterFunction$$Lambda+0x000000003d5cbce8
instanceKlass reactor/core/publisher/FluxOnAssembly$OnAssemblySubscriber
instanceKlass java/util/concurrent/atomic/AtomicLongFieldUpdater
instanceKlass reactor/core/publisher/Operators$MultiSubscriptionSubscriber
instanceKlass reactor/core/publisher/FluxPeekFuseable$PeekConditionalSubscriber
instanceKlass reactor/core/publisher/MonoPeekTerminal$MonoTerminalPeekSubscriber
instanceKlass java/util/concurrent/atomic/AtomicIntegerFieldUpdater
instanceKlass reactor/core/publisher/FluxDoFinally$DoFinallySubscriber
instanceKlass reactor/core/publisher/FluxContextWrite$ContextWriteSubscriber
instanceKlass reactor/util/context/Context1
instanceKlass  @bci org/springframework/web/reactive/function/client/DefaultWebClient$DefaultRequestBodyUriSpec lambda$exchange$0 (Lorg/springframework/web/reactive/function/client/ClientRequest$Builder;Lreactor/util/context/ContextView;)Lreactor/core/publisher/Mono; 271 <appendix> member <vmtarget> ; # org/springframework/web/reactive/function/client/DefaultWebClient$DefaultRequestBodyUriSpec$$Lambda+0x000000003d5c8918
instanceKlass  @bci org/springframework/web/reactive/function/client/DefaultWebClient$DefaultRequestBodyUriSpec lambda$exchange$0 (Lorg/springframework/web/reactive/function/client/ClientRequest$Builder;Lreactor/util/context/ContextView;)Lreactor/core/publisher/Mono; 262 <appendix> member <vmtarget> ; # org/springframework/web/reactive/function/client/DefaultWebClient$DefaultRequestBodyUriSpec$$Lambda+0x000000003d5c86d8
instanceKlass  @bci org/springframework/web/reactive/function/client/DefaultWebClient$DefaultRequestBodyUriSpec lambda$exchange$0 (Lorg/springframework/web/reactive/function/client/ClientRequest$Builder;Lreactor/util/context/ContextView;)Lreactor/core/publisher/Mono; 251 <appendix> member <vmtarget> ; # org/springframework/web/reactive/function/client/DefaultWebClient$DefaultRequestBodyUriSpec$$Lambda+0x000000003d5c8498
instanceKlass  @bci org/springframework/web/reactive/function/client/DefaultWebClient$DefaultRequestBodyUriSpec lambda$exchange$0 (Lorg/springframework/web/reactive/function/client/ClientRequest$Builder;Lreactor/util/context/ContextView;)Lreactor/core/publisher/Mono; 237 <appendix> member <vmtarget> ; # org/springframework/web/reactive/function/client/DefaultWebClient$DefaultRequestBodyUriSpec$$Lambda+0x000000003d5c8258
instanceKlass  @bci org/springframework/web/reactive/function/client/WebClientUtils <clinit> ()V 0 <appendix> argL0 ; # org/springframework/web/reactive/function/client/WebClientUtils$$Lambda+0x000000003d5c8000
instanceKlass org/springframework/web/reactive/function/client/WebClientUtils
instanceKlass  @bci org/springframework/web/reactive/function/client/DefaultWebClient$DefaultRequestBodyUriSpec lambda$exchange$0 (Lorg/springframework/web/reactive/function/client/ClientRequest$Builder;Lreactor/util/context/ContextView;)Lreactor/core/publisher/Mono; 183 <appendix> member <vmtarget> ; # org/springframework/web/reactive/function/client/DefaultWebClient$DefaultRequestBodyUriSpec$$Lambda+0x000000003d5c7aa0
instanceKlass  @bci org/springframework/web/reactive/function/client/DefaultClientRequestBuilder$BodyInserterRequest <init> (Lorg/springframework/http/HttpMethod;Ljava/net/URI;Lorg/springframework/http/HttpHeaders;Lorg/springframework/util/MultiValueMap;Lorg/springframework/web/reactive/function/BodyInserter;Ljava/util/Map;Ljava/util/function/Consumer;)V 58 <appendix> member <vmtarget> ; # org/springframework/web/reactive/function/client/DefaultClientRequestBuilder$BodyInserterRequest$$Lambda+0x000000003d5c7850
instanceKlass org/springframework/web/reactive/function/client/DefaultClientRequestBuilder$BodyInserterRequest
instanceKlass  @bci org/springframework/web/reactive/function/client/DefaultWebClient$DefaultRequestBodyUriSpec lambda$exchange$0 (Lorg/springframework/web/reactive/function/client/ClientRequest$Builder;Lreactor/util/context/ContextView;)Lreactor/core/publisher/Mono; 106 <appendix> member <vmtarget> ; # org/springframework/web/reactive/function/client/DefaultWebClient$DefaultRequestBodyUriSpec$$Lambda+0x000000003d5c7348
instanceKlass org/springframework/web/reactive/function/client/DefaultWebClient$ObservationFilterFunction
instanceKlass io/micrometer/observation/Observation$Scope
instanceKlass io/micrometer/observation/NoopButScopeHandlingObservation
instanceKlass io/micrometer/observation/Observation$1
instanceKlass  @bci org/springframework/web/reactive/function/client/DefaultWebClient$DefaultRequestBodyUriSpec lambda$exchange$0 (Lorg/springframework/web/reactive/function/client/ClientRequest$Builder;Lreactor/util/context/ContextView;)Lreactor/core/publisher/Mono; 14 <appendix> member <vmtarget> ; # org/springframework/web/reactive/function/client/DefaultWebClient$DefaultRequestBodyUriSpec$$Lambda+0x000000003d5c60f8
instanceKlass io/micrometer/observation/Observation$Event
instanceKlass reactor/core/publisher/MonoFlatMap$FlatMapInner
instanceKlass reactor/core/publisher/InnerOperator$1
instanceKlass reactor/core/publisher/MonoFlatMap$FlatMapMain
instanceKlass reactor/core/publisher/Operators$1
instanceKlass reactor/core/Fuseable$ConditionalSubscriber
instanceKlass reactor/core/publisher/Operators
instanceKlass reactor/core/Scannable$Attr
instanceKlass reactor/core/publisher/ContextPropagationSupport
instanceKlass  @bci org/springframework/web/reactive/function/client/DefaultWebClient$DefaultResponseSpec bodyToMono (Ljava/lang/Class;)Lreactor/core/publisher/Mono; 12 <appendix> member <vmtarget> ; # org/springframework/web/reactive/function/client/DefaultWebClient$DefaultResponseSpec$$Lambda+0x000000003d5c25b8
instanceKlass  @bci org/springframework/web/reactive/function/client/DefaultWebClient$DefaultRequestBodyUriSpec exchange ()Lreactor/core/publisher/Mono; 7 <appendix> member <vmtarget> ; # org/springframework/web/reactive/function/client/DefaultWebClient$DefaultRequestBodyUriSpec$$Lambda+0x000000003d5c2368
instanceKlass  @bci org/springframework/web/reactive/function/client/DefaultWebClient$DefaultRequestBodyUriSpec initRequestBuilder ()Lorg/springframework/web/reactive/function/client/ClientRequest$Builder; 34 <appendix> member <vmtarget> ; # org/springframework/web/reactive/function/client/DefaultWebClient$DefaultRequestBodyUriSpec$$Lambda+0x000000003d5c2128
instanceKlass  @bci org/springframework/web/reactive/function/client/DefaultWebClient$DefaultRequestBodyUriSpec initRequestBuilder ()Lorg/springframework/web/reactive/function/client/ClientRequest$Builder; 23 <appendix> member <vmtarget> ; # org/springframework/web/reactive/function/client/DefaultWebClient$DefaultRequestBodyUriSpec$$Lambda+0x000000003d5c1ee8
instanceKlass org/springframework/http/HttpHeaders$CaseInsensitiveEntrySet$CaseInsensitiveEntry
instanceKlass org/springframework/http/HttpHeaders$CaseInsensitiveEntrySet$CaseInsensitiveIterator
instanceKlass  @bci org/springframework/http/HttpHeaders forEach (Ljava/util/function/BiConsumer;)V 5 <appendix> member <vmtarget> ; # org/springframework/http/HttpHeaders$$Lambda+0x000000003d5c1808
instanceKlass  @bci org/springframework/http/HttpHeaders putAll (Lorg/springframework/http/HttpHeaders;)V 2 <appendix> member <vmtarget> ; # org/springframework/http/HttpHeaders$$Lambda+0x000000003d5c11b0
instanceKlass  @bci org/springframework/web/reactive/function/client/DefaultWebClient$DefaultRequestBodyUriSpec initRequestBuilder ()Lorg/springframework/web/reactive/function/client/ClientRequest$Builder; 12 <appendix> member <vmtarget> ; # org/springframework/web/reactive/function/client/DefaultWebClient$DefaultRequestBodyUriSpec$$Lambda+0x000000003d5c0f70
instanceKlass org/springframework/web/reactive/function/client/DefaultClientRequestBuilder
instanceKlass org/springframework/web/reactive/function/client/ClientRequest$Builder
instanceKlass org/springframework/web/reactive/function/client/ClientRequest
instanceKlass  @bci org/springframework/web/reactive/function/client/DefaultWebClient$DefaultResponseSpec <clinit> ()V 9 <appendix> argL0 ; # org/springframework/web/reactive/function/client/DefaultWebClient$DefaultResponseSpec$$Lambda+0x000000003d5c0688
instanceKlass org/springframework/web/reactive/function/client/ClientResponse$Builder
instanceKlass  @bci org/springframework/web/reactive/function/client/DefaultWebClient$DefaultResponseSpec <clinit> ()V 4 <appendix> argL0 ; # org/springframework/web/reactive/function/client/DefaultWebClient$DefaultResponseSpec$$Lambda+0x000000003d5c0228
instanceKlass org/springframework/web/reactive/function/client/DefaultWebClient$DefaultResponseSpec$StatusHandler
instanceKlass org/springframework/web/reactive/function/client/DefaultWebClient$DefaultResponseSpec
instanceKlass  @bci org/springframework/web/reactive/function/BodyInserters fromValue (Ljava/lang/Object;)Lorg/springframework/web/reactive/function/BodyInserter; 22 <appendix> member <vmtarget> ; # org/springframework/web/reactive/function/BodyInserters$$Lambda+0x000000003d5bfa58
instanceKlass  @bci org/springframework/web/reactive/function/BodyInserters <clinit> ()V 67 <appendix> argL0 ; # org/springframework/web/reactive/function/BodyInserters$$Lambda+0x000000003d5bf830
instanceKlass org/springframework/web/reactive/function/BodyInserter$Context
instanceKlass org/springframework/web/reactive/function/BodyInserter
instanceKlass org/springframework/http/codec/ServerSentEvent
instanceKlass org/springframework/web/reactive/function/BodyInserters
instanceKlass  @bci org/springframework/web/util/HierarchicalUriComponents expandQueryParams (Lorg/springframework/web/util/UriComponents$UriTemplateVariables;)Lorg/springframework/util/MultiValueMap; 37 <appendix> member <vmtarget> ; # org/springframework/web/util/HierarchicalUriComponents$$Lambda+0x000000003d5beb20
instanceKlass org/springframework/web/util/HierarchicalUriComponents$QueryUriTemplateVariables
instanceKlass org/springframework/web/util/UriComponents$VarArgsTemplateVariables
instanceKlass  @bci org/springframework/util/UnmodifiableMultiValueMap forEach (Ljava/util/function/BiConsumer;)V 5 <appendix> member <vmtarget> ; # org/springframework/util/UnmodifiableMultiValueMap$$Lambda+0x000000003d5be470
instanceKlass  @bci org/springframework/web/util/HierarchicalUriComponents encodeQueryParams (Ljava/util/function/BiFunction;)Lorg/springframework/util/MultiValueMap; 25 <appendix> member <vmtarget> ; # org/springframework/web/util/HierarchicalUriComponents$$Lambda+0x000000003d5be230
instanceKlass org/springframework/web/util/HierarchicalUriComponents$UriTemplateEncoder
instanceKlass  @bci org/springframework/web/util/HierarchicalUriComponents encodeTemplate (Ljava/nio/charset/Charset;)Lorg/springframework/web/util/HierarchicalUriComponents; 14 <appendix> member <vmtarget> ; # org/springframework/web/util/HierarchicalUriComponents$$Lambda+0x000000003d5bdd78
instanceKlass org/springframework/web/util/HierarchicalUriComponents$FullPathComponent
instanceKlass org/springframework/web/util/UriComponentsBuilder$FullPathComponentBuilder
instanceKlass org/springframework/web/util/UriComponentsBuilder$PathSegmentComponentBuilder
instanceKlass org/springframework/web/util/DefaultUriBuilderFactory$DefaultUriBuilder
instanceKlass org/springframework/web/reactive/function/client/ExchangeFilterFunction
instanceKlass org/springframework/web/reactive/function/client/WebClient$ResponseSpec
instanceKlass org/springframework/web/reactive/function/client/DefaultWebClient$DefaultRequestBodyUriSpec
instanceKlass org/springframework/util/FileCopyUtils
instanceKlass java/util/Base64$Encoder
instanceKlass java/util/Base64
instanceKlass org/springframework/web/bind/support/BindParamNameResolver
instanceKlass  @bci org/springframework/web/servlet/support/ExtendedServletRequestDataBinder <init> (Ljava/lang/Object;Ljava/lang/String;)V 7 <appendix> argL0 ; # org/springframework/web/servlet/support/ExtendedServletRequestDataBinder$$Lambda+0x000000003d5bc2f0
instanceKlass org/springframework/validation/DefaultBindingErrorProcessor
instanceKlass org/springframework/web/bind/ServletRequestDataBinder$ServletRequestValueResolver
instanceKlass org/springframework/validation/DataBinder$ValueResolver
instanceKlass org/springframework/validation/AbstractErrors
instanceKlass org/springframework/validation/BindingErrorProcessor
instanceKlass org/springframework/web/multipart/support/MultipartResolutionDelegate
instanceKlass  @bci org/springframework/ui/ModelMap mergeAttributes (Ljava/util/Map;)Lorg/springframework/ui/ModelMap; 6 <appendix> member <vmtarget> ; # org/springframework/ui/ModelMap$$Lambda+0x000000003d5b90e8
instanceKlass org/springframework/web/servlet/support/RequestContextUtils
instanceKlass org/springframework/web/bind/support/SimpleSessionStatus
instanceKlass  @bci org/springframework/web/servlet/mvc/method/annotation/RequestMappingHandlerAdapter getModelFactory (Lorg/springframework/web/method/HandlerMethod;Lorg/springframework/web/bind/support/WebDataBinderFactory;)Lorg/springframework/web/method/annotation/ModelFactory; 76 <appendix> member <vmtarget> ; # org/springframework/web/servlet/mvc/method/annotation/RequestMappingHandlerAdapter$$Lambda+0x000000003d5b7470
instanceKlass org/springframework/web/bind/annotation/SessionAttributes
instanceKlass  @bci org/springframework/web/servlet/mvc/method/annotation/RequestMappingHandlerAdapter getSessionAttributesHandler (Lorg/springframework/web/method/HandlerMethod;)Lorg/springframework/web/method/annotation/SessionAttributesHandler; 9 <appendix> member <vmtarget> ; # org/springframework/web/servlet/mvc/method/annotation/RequestMappingHandlerAdapter$$Lambda+0x000000003d5b7018
instanceKlass org/springframework/validation/DataBinder$NameResolver
instanceKlass  @bci org/springframework/web/servlet/mvc/method/annotation/RequestMappingHandlerAdapter getDataBinderFactory (Lorg/springframework/web/method/HandlerMethod;)Lorg/springframework/web/bind/support/WebDataBinderFactory; 60 <appendix> member <vmtarget> ; # org/springframework/web/servlet/mvc/method/annotation/RequestMappingHandlerAdapter$$Lambda+0x000000003d5b5ca0
instanceKlass  @bci org/springframework/web/context/request/async/WebAsyncManager setAsyncWebRequest (Lorg/springframework/web/context/request/async/AsyncWebRequest;)V 16 <appendix> member <vmtarget> ; # org/springframework/web/context/request/async/WebAsyncManager$$Lambda+0x000000003d5b5a70
instanceKlass jakarta/servlet/ServletResponseWrapper
instanceKlass org/apache/coyote/Constants
instanceKlass org/springframework/http/HttpHeaders$HeaderNamesIterator
instanceKlass org/springframework/util/LinkedCaseInsensitiveMap$EntryIterator
instanceKlass org/apache/tomcat/util/http/NamesEnumerator
instanceKlass org/springframework/http/server/ServletRequestHeadersAdapter$HeaderNamesIterator
instanceKlass  @bci org/springframework/util/MimeType appendTo (Ljava/util/Map;Ljava/lang/StringBuilder;)V 2 <appendix> member <vmtarget> ; # org/springframework/util/MimeType$$Lambda+0x000000003d5b1b08
instanceKlass  @bci org/springframework/util/LinkedCaseInsensitiveMap putAll (Ljava/util/Map;)V 12 <appendix> member <vmtarget> ; # org/springframework/util/LinkedCaseInsensitiveMap$$Lambda+0x000000003d5b18c8
instanceKlass org/springframework/http/server/ServletRequestHeadersAdapter$RequestHeaderOverrideWrapper
instanceKlass org/springframework/http/server/ServletRequestHeadersAdapter
instanceKlass org/springframework/http/server/ServletResponseHeadersAdapter
instanceKlass org/springframework/http/server/ServletServerHttpResponse
instanceKlass org/springframework/http/server/ServerHttpAsyncRequestControl
instanceKlass org/springframework/http/server/ServletServerHttpRequest
instanceKlass org/springframework/web/util/HierarchicalUriComponents$1
instanceKlass org/springframework/web/util/UriComponents$UriTemplateVariables
instanceKlass org/springframework/web/servlet/handler/AbstractHandlerMapping$CorsInterceptor
instanceKlass  @bci org/springframework/web/servlet/mvc/method/RequestMappingInfoHandlerMapping extractMatchDetails (Lorg/springframework/web/servlet/mvc/condition/PathPatternsRequestCondition;Ljava/lang/String;Ljakarta/servlet/http/HttpServletRequest;)V 102 <appendix> member <vmtarget> ; # org/springframework/web/servlet/mvc/method/RequestMappingInfoHandlerMapping$$Lambda+0x000000003d5ae970
instanceKlass  @bci java/util/stream/Collectors toUnmodifiableSet ()Ljava/util/stream/Collector; 19 <appendix> argL0 ; # java/util/stream/Collectors$$Lambda+0x000000003d3ea520
instanceKlass  @bci java/util/stream/Collectors toUnmodifiableSet ()Ljava/util/stream/Collector; 14 <appendix> argL0 ; # java/util/stream/Collectors$$Lambda+0x000000003d3ea2d0
instanceKlass  @bci java/util/stream/Collectors toUnmodifiableSet ()Ljava/util/stream/Collector; 9 <appendix> argL0 ; # java/util/stream/Collectors$$Lambda+0x000000003d3ea098
instanceKlass  @bci java/util/stream/Collectors toUnmodifiableSet ()Ljava/util/stream/Collector; 4 <appendix> argL0 ; # java/util/stream/Collectors$$Lambda+0x000000003d3e9e70
instanceKlass  @bci org/springframework/http/server/observation/DefaultServerRequestObservationConvention <clinit> ()V 116 <appendix> argL0 ; # org/springframework/http/server/observation/DefaultServerRequestObservationConvention$$Lambda+0x000000003d5ae728
instanceKlass org/springframework/http/server/observation/DefaultServerRequestObservationConvention
instanceKlass org/springframework/http/server/observation/ServerRequestObservationConvention
instanceKlass  @bci org/springframework/web/servlet/mvc/method/RequestMappingInfoHandlerMapping extractMatchDetails (Lorg/springframework/web/servlet/mvc/condition/PathPatternsRequestCondition;Ljava/lang/String;Ljakarta/servlet/http/HttpServletRequest;)V 53 <appendix> member <vmtarget> ; # org/springframework/web/servlet/mvc/method/RequestMappingInfoHandlerMapping$$Lambda+0x000000003d5abfe8
instanceKlass org/springframework/web/util/pattern/PathPattern$PathMatchInfo
instanceKlass org/springframework/web/servlet/handler/AbstractHandlerMethodMapping$Match
instanceKlass org/springframework/web/cors/CorsUtils
instanceKlass  @bci org/springframework/web/util/ServletRequestPathUtils getParsedRequestPath (Ljakarta/servlet/ServletRequest;)Lorg/springframework/http/server/RequestPath; 14 <appendix> argL0 ; # org/springframework/web/util/ServletRequestPathUtils$$Lambda+0x000000003d5ab760
instanceKlass org/springframework/web/multipart/support/StandardMultipartHttpServletRequest$StandardMultipartFile
instanceKlass org/springframework/http/ContentDisposition$Builder
instanceKlass org/springframework/http/ContentDisposition
instanceKlass org/apache/catalina/core/ApplicationPart
instanceKlass jakarta/servlet/http/Part
instanceKlass java/io/FileOutputStream$1
instanceKlass org/apache/tomcat/util/http/fileupload/FileUtils
instanceKlass jdk/internal/util/ByteArrayLittleEndian
instanceKlass java/util/UUID$Holder
instanceKlass org/apache/tomcat/util/http/fileupload/disk/DiskFileItem
instanceKlass org/apache/tomcat/util/http/fileupload/impl/FileItemStreamImpl
instanceKlass  @bci org/apache/tomcat/util/http/fileupload/util/FileItemHeadersImpl addHeader (Ljava/lang/String;Ljava/lang/String;)V 13 <appendix> argL0 ; # org/apache/tomcat/util/http/fileupload/util/FileItemHeadersImpl$$Lambda+0x000000003d5a9388
instanceKlass org/apache/tomcat/util/http/fileupload/util/FileItemHeadersImpl
instanceKlass org/apache/tomcat/util/http/fileupload/util/Streams
instanceKlass org/apache/tomcat/util/http/fileupload/MultipartStream
instanceKlass org/apache/tomcat/util/http/fileupload/MultipartStream$ProgressNotifier
instanceKlass org/apache/tomcat/util/http/fileupload/util/mime/MimeUtility
instanceKlass org/apache/tomcat/util/http/fileupload/RFC2231Utility
instanceKlass org/apache/tomcat/util/http/fileupload/ParameterParser
instanceKlass org/apache/tomcat/util/http/fileupload/util/Closeable
instanceKlass org/apache/tomcat/util/http/fileupload/FileItemStream
instanceKlass org/apache/tomcat/util/http/fileupload/impl/FileItemIteratorImpl
instanceKlass org/apache/tomcat/util/http/fileupload/servlet/ServletRequestContext
instanceKlass org/apache/tomcat/util/http/fileupload/UploadContext
instanceKlass org/apache/tomcat/util/http/fileupload/FileItemIterator
instanceKlass org/apache/tomcat/util/http/fileupload/FileItemHeaders
instanceKlass org/apache/tomcat/util/http/fileupload/FileUploadBase
instanceKlass org/apache/tomcat/util/http/fileupload/FileItem
instanceKlass org/apache/tomcat/util/http/fileupload/FileItemHeadersSupport
instanceKlass org/apache/tomcat/util/http/fileupload/disk/DiskFileItemFactory
instanceKlass jakarta/servlet/ServletRequestWrapper
instanceKlass org/springframework/http/server/DefaultRequestPath
instanceKlass org/apache/catalina/core/ApplicationMapping$1
instanceKlass org/springframework/web/util/ServletRequestPathUtils$ServletRequestPath
instanceKlass org/springframework/web/util/ServletRequestPathUtils
instanceKlass org/springframework/web/util/WebUtils
instanceKlass org/springframework/core/log/LogFormatUtils
instanceKlass  @bci org/springframework/web/servlet/DispatcherServlet logRequest (Ljakarta/servlet/http/HttpServletRequest;)V 6 <appendix> member <vmtarget> ; # org/springframework/web/servlet/DispatcherServlet$$Lambda+0x000000003d5a1258
instanceKlass org/springframework/web/servlet/FrameworkServlet$RequestBindingInterceptor
instanceKlass org/springframework/web/context/request/async/TimeoutDeferredResultProcessingInterceptor
instanceKlass org/springframework/web/context/request/async/TimeoutCallableProcessingInterceptor
instanceKlass org/springframework/web/context/request/async/AsyncWebRequest
instanceKlass org/springframework/web/context/request/async/WebAsyncUtils
instanceKlass  @bci org/springframework/web/servlet/DispatcherServlet buildLocaleContext (Ljakarta/servlet/http/HttpServletRequest;)Lorg/springframework/context/i18n/LocaleContext; 27 <appendix> member <vmtarget> ; # org/springframework/web/servlet/DispatcherServlet$$Lambda+0x000000003d59fca0
instanceKlass org/springframework/web/servlet/LocaleContextResolver
instanceKlass org/springframework/context/i18n/SimpleLocaleContext
instanceKlass org/springframework/context/i18n/LocaleContextHolder
instanceKlass  @bci org/apache/catalina/connector/Request parseLocalesHeader (Ljava/lang/String;Ljava/util/TreeMap;)V 62 <appendix> argL0 ; # org/apache/catalina/connector/Request$$Lambda+0x000000003d59f190
instanceKlass org/apache/tomcat/util/http/parser/AcceptLanguage
instanceKlass org/apache/catalina/util/TLSUtil
instanceKlass org/apache/catalina/connector/ResponseFacade
instanceKlass org/apache/catalina/core/ApplicationFilterFactory$1
instanceKlass org/apache/catalina/util/FilterUtil
instanceKlass org/apache/catalina/core/ApplicationFilterChain
instanceKlass org/apache/catalina/core/ApplicationFilterFactory
instanceKlass org/apache/coyote/AbstractProcessor$1
instanceKlass jakarta/security/auth/message/config/AuthConfigProvider
instanceKlass jakarta/security/auth/message/config/AuthConfigFactory
instanceKlass org/apache/catalina/connector/RequestFacade
instanceKlass org/apache/catalina/util/SessionConfig
instanceKlass org/apache/tomcat/util/buf/UEncoder
instanceKlass org/apache/tomcat/util/collections/ConcurrentCache
instanceKlass org/apache/tomcat/util/http/parser/MediaTypeCache
instanceKlass org/apache/catalina/connector/Response
instanceKlass org/apache/tomcat/util/buf/ByteChunk$ByteInputChannel
instanceKlass org/apache/catalina/core/ApplicationMapping
instanceKlass org/apache/catalina/mapper/MappingData
instanceKlass org/apache/catalina/util/ParameterMap
instanceKlass org/apache/catalina/connector/Request$6
instanceKlass org/apache/catalina/connector/Request$5
instanceKlass org/apache/catalina/connector/Request$4
instanceKlass org/apache/catalina/connector/Request$3
instanceKlass org/apache/catalina/connector/Request$2
instanceKlass org/apache/catalina/connector/Request$1
instanceKlass org/apache/catalina/connector/Request$SpecialAttributeAdapter
instanceKlass jakarta/servlet/AsyncContext
instanceKlass org/apache/tomcat/util/http/fileupload/RequestContext
instanceKlass org/apache/tomcat/util/http/fileupload/FileItemFactory
instanceKlass jakarta/servlet/http/HttpServletMapping
instanceKlass org/apache/catalina/connector/Request
instanceKlass org/apache/tomcat/util/http/parser/Host
instanceKlass sun/nio/cs/ThreadLocalCoders$Cache
instanceKlass sun/nio/cs/ThreadLocalCoders
instanceKlass org/apache/tomcat/util/http/parser/TokenList
instanceKlass org/apache/tomcat/util/http/ValuesEnumerator
instanceKlass org/apache/tomcat/util/buf/Ascii
instanceKlass org/apache/tomcat/util/http/Method
instanceKlass  @bci org/apache/coyote/AbstractProtocol$ConnectionHandler register (Lorg/apache/coyote/Processor;)V 68 <adapter> ; # java/lang/invoke/LambdaForm$MH+0x000000003d595400
instanceKlass  @bci org/apache/coyote/AbstractProtocol$ConnectionHandler register (Lorg/apache/coyote/Processor;)V 68 <appendix> form vmentry <vmtarget> ; # java/lang/invoke/LambdaForm$MH+0x000000003d595000
# instanceKlass java/lang/invoke/LambdaForm$BMH+0x000000003d594c00
instanceKlass  @bci org/apache/coyote/AbstractProtocol$ConnectionHandler register (Lorg/apache/coyote/Processor;)V 68 <appendix> form names 7 function resolvedHandle form vmentry <vmtarget> ; # java/lang/invoke/LambdaForm$DMH+0x000000003d594800
instanceKlass  @bci org/apache/coyote/AbstractProtocol$ConnectionHandler register (Lorg/apache/coyote/Processor;)V 68 <appendix> argL0 form vmentry <vmtarget> ; # java/lang/invoke/LambdaForm$DMH+0x000000003d594400
instanceKlass org/apache/coyote/http11/filters/GzipOutputFilter
instanceKlass org/apache/coyote/http11/filters/BufferedInputFilter
instanceKlass org/apache/coyote/http11/filters/VoidOutputFilter
instanceKlass org/apache/coyote/http11/filters/VoidInputFilter
instanceKlass org/apache/coyote/http11/filters/ChunkedOutputFilter
instanceKlass org/apache/coyote/http11/filters/ChunkedInputFilter
instanceKlass org/apache/coyote/http11/filters/IdentityOutputFilter
instanceKlass org/apache/coyote/http11/filters/IdentityInputFilter
instanceKlass org/apache/coyote/http11/Http11OutputBuffer$SocketOutputBuffer
instanceKlass org/apache/coyote/http11/Http11OutputBuffer
instanceKlass org/apache/coyote/http11/Http11InputBuffer$SocketInputBuffer
instanceKlass org/apache/tomcat/util/http/parser/HttpHeaderParser$HeaderParseData
instanceKlass org/apache/tomcat/util/http/parser/HttpHeaderParser
instanceKlass org/apache/coyote/http11/Http11InputBuffer
instanceKlass org/apache/tomcat/util/http/parser/HttpHeaderParser$HeaderDataSource
instanceKlass org/apache/tomcat/util/log/UserDataHelper
instanceKlass org/apache/coyote/AsyncStateMachine
instanceKlass org/apache/tomcat/util/buf/CharsetHolder
instanceKlass org/apache/coyote/RequestInfo
instanceKlass org/apache/tomcat/util/http/Parameters
instanceKlass org/apache/tomcat/util/http/ServerCookie
instanceKlass org/apache/tomcat/util/http/ServerCookies
instanceKlass org/apache/tomcat/util/http/MimeHeaderField
instanceKlass org/apache/tomcat/util/http/MimeHeaders
instanceKlass org/apache/tomcat/util/buf/MessageBytes$MessageBytesFactory
instanceKlass org/apache/tomcat/util/buf/MessageBytes
instanceKlass org/apache/tomcat/util/net/ApplicationBufferHandler
instanceKlass jakarta/servlet/http/HttpUpgradeHandler
instanceKlass org/apache/coyote/http11/OutputFilter
instanceKlass org/apache/coyote/http11/HttpOutputBuffer
instanceKlass org/apache/coyote/http11/InputFilter
instanceKlass org/apache/coyote/OutputBuffer
instanceKlass org/apache/coyote/InputBuffer
instanceKlass org/apache/coyote/AbstractProcessorLight
instanceKlass org/apache/coyote/ActionHook
instanceKlass java/lang/invoke/ConstantBootstraps
instanceKlass java/nio/channels/SelectionKey
instanceKlass org/apache/tomcat/util/net/NioEndpoint$PollerEvent
instanceKlass sun/nio/ch/OptionKey
instanceKlass sun/nio/ch/SocketOptionRegistry$LazyInitialization
instanceKlass sun/nio/ch/SocketOptionRegistry$RegistryKey
instanceKlass sun/nio/ch/SocketOptionRegistry
instanceKlass sun/nio/ch/ExtendedSocketOption$1
instanceKlass sun/nio/ch/ExtendedSocketOption
instanceKlass sun/nio/ch/SocketChannelImpl$DefaultOptionsHolder
instanceKlass java/net/StandardSocketOptions$StdSocketOption
instanceKlass java/net/StandardSocketOptions
instanceKlass java/util/concurrent/Semaphore
instanceKlass org/apache/tomcat/util/net/WriteBuffer
instanceKlass  @bci org/apache/tomcat/util/net/SocketWrapperBase <clinit> ()V 43 <appendix> argL0 ; # org/apache/tomcat/util/net/SocketWrapperBase$$Lambda+0x000000003d581d58
instanceKlass  @bci org/apache/tomcat/util/net/SocketWrapperBase <clinit> ()V 35 <appendix> argL0 ; # org/apache/tomcat/util/net/SocketWrapperBase$$Lambda+0x000000003d581b30
instanceKlass  @bci org/apache/tomcat/util/net/SocketWrapperBase <clinit> ()V 27 <appendix> argL0 ; # org/apache/tomcat/util/net/SocketWrapperBase$$Lambda+0x000000003d581908
instanceKlass  @cpi org/apache/tomcat/util/net/SocketWrapperBase 751 form vmentry <vmtarget> ; # java/lang/invoke/LambdaForm$DMH+0x000000003d588400
# instanceKlass java/lang/invoke/LambdaForm$DMH+0x000000003d588000
instanceKlass org/apache/tomcat/util/net/SocketWrapperBase$CompletionCheck
instanceKlass org/apache/tomcat/util/net/SocketWrapperBase$OperationState
instanceKlass org/apache/tomcat/util/net/SendfileDataBase
instanceKlass jakarta/servlet/ServletConnection
instanceKlass org/apache/tomcat/util/net/SocketBufferHandler
instanceKlass org/apache/tomcat/PeriodicEventListener
instanceKlass  @bci org/apache/catalina/webresources/Cache backgroundProcess ()V 4 <appendix> argL0 ; # org/apache/catalina/webresources/Cache$$Lambda+0x000000003d5828e0
instanceKlass  @bci org/springframework/boot/devtools/restart/Restarter clear (Ljava/lang/Class;Ljava/lang/String;)V 55 <appendix> member <vmtarget> ; # org/springframework/boot/devtools/restart/Restarter$$Lambda+0x000000003d582680
instanceKlass com/sun/beans/util/Cache$CacheEntry
instanceKlass com/sun/beans/util/Cache
instanceKlass com/sun/beans/introspect/ClassInfo
instanceKlass java/beans/WeakIdentityMap
instanceKlass java/beans/ThreadGroupContext
instanceKlass  @bci org/springframework/boot/SpringApplicationRunListeners ready (Lorg/springframework/context/ConfigurableApplicationContext;Ljava/time/Duration;)V 5 <appendix> member <vmtarget> ; # org/springframework/boot/SpringApplicationRunListeners$$Lambda+0x000000003d582240
instanceKlass  @bci org/springframework/boot/SpringApplication callRunners (Lorg/springframework/context/ConfigurableApplicationContext;Lorg/springframework/boot/ApplicationArguments;)V 124 <appendix> member <vmtarget> ; # org/springframework/boot/SpringApplication$$Lambda+0x000000003d582000
instanceKlass java/util/IdentityHashMap$IdentityHashMapSpliterator
instanceKlass org/springframework/boot/SpringApplication$FactoryAwareOrderSourceProvider
instanceKlass org/springframework/boot/Runner
instanceKlass  @bci org/springframework/boot/SpringApplicationRunListeners started (Lorg/springframework/context/ConfigurableApplicationContext;Ljava/time/Duration;)V 5 <appendix> member <vmtarget> ; # org/springframework/boot/SpringApplicationRunListeners$$Lambda+0x000000003d586f70
instanceKlass jdk/internal/math/ToDecimal
instanceKlass  @bci org/springframework/web/servlet/resource/ResourceUrlProvider lambda$detectResourceHandlers$0 (Lorg/springframework/web/servlet/handler/AbstractUrlHandlerMapping;)V 5 <appendix> member <vmtarget> ; # org/springframework/web/servlet/resource/ResourceUrlProvider$$Lambda+0x000000003d586d30
instanceKlass  @bci org/springframework/web/servlet/resource/ResourceUrlProvider detectResourceHandlers (Lorg/springframework/context/ApplicationContext;)V 48 <appendix> member <vmtarget> ; # org/springframework/web/servlet/resource/ResourceUrlProvider$$Lambda+0x000000003d586af0
instanceKlass  @bci org/springframework/web/servlet/resource/ResourceUrlProvider detectResourceHandlers (Lorg/springframework/context/ApplicationContext;)V 37 <appendix> member <vmtarget> ; # org/springframework/web/servlet/resource/ResourceUrlProvider$$Lambda+0x000000003d5868a0
instanceKlass  @bci org/springframework/web/servlet/resource/ResourceUrlProvider detectResourceHandlers (Lorg/springframework/context/ApplicationContext;)V 20 <appendix> member <vmtarget> ; # org/springframework/web/servlet/resource/ResourceUrlProvider$$Lambda+0x000000003d586640
instanceKlass org/springframework/boot/devtools/restart/classloader/ClassLoaderFile
instanceKlass  @bci org/springframework/boot/autoconfigure/condition/ConditionEvaluationReport addNoMatchOutcomeToAncestors (Ljava/lang/String;)V 13 <appendix> member <vmtarget> ; # org/springframework/boot/autoconfigure/condition/ConditionEvaluationReport$$Lambda+0x000000003d5861c8
instanceKlass  @bci org/springframework/boot/autoconfigure/condition/ConditionEvaluationReport getConditionAndOutcomesBySource ()Ljava/util/Map; 12 <appendix> member <vmtarget> ; # org/springframework/boot/autoconfigure/condition/ConditionEvaluationReport$$Lambda+0x000000003d585f88
instanceKlass  @bci org/springframework/boot/tomcat/TomcatWebServer getContextPath ()Ljava/lang/String; 70 <appendix> argL0 ; # org/springframework/boot/tomcat/TomcatWebServer$$Lambda+0x000000003d585d40
instanceKlass  @bci org/springframework/boot/tomcat/TomcatWebServer getContextPath ()Ljava/lang/String; 60 <appendix> argL0 ; # org/springframework/boot/tomcat/TomcatWebServer$$Lambda+0x000000003d585af8
instanceKlass  @bci org/springframework/boot/tomcat/TomcatWebServer getContextPath ()Ljava/lang/String; 50 <appendix> member <vmtarget> ; # org/springframework/boot/tomcat/TomcatWebServer$$Lambda+0x000000003d585898
instanceKlass  @bci org/springframework/boot/tomcat/TomcatWebServer getContextPath ()Ljava/lang/String; 39 <appendix> member <vmtarget> ; # org/springframework/boot/tomcat/TomcatWebServer$$Lambda+0x000000003d585648
instanceKlass  @bci org/springframework/boot/tomcat/TomcatWebServer getContextPath ()Ljava/lang/String; 22 <appendix> member <vmtarget> ; # org/springframework/boot/tomcat/TomcatWebServer$$Lambda+0x000000003d5853e8
instanceKlass  @bci org/springframework/boot/tomcat/TomcatEmbeddedContext lambda$deferredLoadOnStartup$0 ()V 9 <appendix> member <vmtarget> ; # org/springframework/boot/tomcat/TomcatEmbeddedContext$$Lambda+0x000000003d5851a8
instanceKlass  @bci org/apache/coyote/AbstractProtocol startAsyncTimeout ()V 77 <appendix> member <vmtarget> ; # org/apache/coyote/AbstractProtocol$$Lambda+0x000000003d584f78
instanceKlass  @bci org/springframework/boot/tomcat/TomcatEmbeddedContext getLoadOnStartupWrappers ([Lorg/apache/catalina/Container;)Ljava/util/stream/Stream; 95 <appendix> argL0 ; # org/springframework/boot/tomcat/TomcatEmbeddedContext$$Lambda+0x000000003d584d30
instanceKlass java/util/TreeMap$TreeMapSpliterator
instanceKlass  @bci org/springframework/boot/tomcat/TomcatEmbeddedContext deferredLoadOnStartup ()V 11 <appendix> member <vmtarget> ; # org/springframework/boot/tomcat/TomcatEmbeddedContext$$Lambda+0x000000003d584b00
instanceKlass  @bci org/apache/coyote/AbstractProtocol start ()V 58 <appendix> member <vmtarget> ; # org/apache/coyote/AbstractProtocol$$Lambda+0x000000003d5848d0
instanceKlass org/apache/tomcat/util/net/Acceptor
instanceKlass java/nio/BufferMismatch
instanceKlass sun/nio/ch/UnixDomainSocketsUtil
instanceKlass sun/nio/ch/UnixDomainSockets
instanceKlass sun/nio/ch/PipeImpl$Initializer$LoopbackConnector
instanceKlass sun/nio/ch/PipeImpl$Initializer
instanceKlass java/nio/channels/Pipe
instanceKlass sun/nio/ch/WEPoll
instanceKlass sun/nio/ch/Util$2
instanceKlass java/nio/channels/spi/AbstractSelector$1
instanceKlass java/nio/channels/Selector
instanceKlass org/apache/tomcat/util/collections/SynchronizedQueue
instanceKlass org/apache/tomcat/util/net/NioEndpoint$Poller
instanceKlass org/apache/tomcat/util/threads/ThreadPoolExecutor$RejectPolicy
instanceKlass org/apache/tomcat/util/threads/ThreadPoolExecutor$RejectedExecutionHandler
instanceKlass org/apache/tomcat/util/threads/RetryableQueue
instanceKlass java/net/ServerSocket
instanceKlass sun/nio/ch/DefaultSelectorProvider
instanceKlass java/nio/channels/spi/SelectorProvider$Holder
instanceKlass java/nio/channels/spi/SelectorProvider
instanceKlass  @bci org/springframework/context/support/DefaultLifecycleProcessor startBeans (Z)V 43 <appendix> argL0 ; # org/springframework/context/support/DefaultLifecycleProcessor$$Lambda+0x000000003d57e118
instanceKlass  @bci org/springframework/context/support/DefaultLifecycleProcessor lambda$startBeans$0 (ZLjava/util/Map;Ljava/util/Map;Ljava/lang/String;Lorg/springframework/context/Lifecycle;)V 32 <appendix> member <vmtarget> ; # org/springframework/context/support/DefaultLifecycleProcessor$$Lambda+0x000000003d57dcb0
instanceKlass  @bci org/springframework/context/support/DefaultLifecycleProcessor startBeans (Z)V 18 <adapter> ; # java/lang/invoke/LambdaForm$MH+0x000000003d580c00
instanceKlass  @bci org/springframework/web/reactive/function/client/WebClientResponseException initMessage (Lorg/springframework/http/HttpStatusCode;Ljava/lang/String;Lorg/springframework/http/HttpRequest;)Ljava/lang/String; 36 <appendix> form names 6 function resolvedHandle form vmentry <vmtarget> ; # java/lang/invoke/LambdaForm$DMH+0x000000003d580800
instanceKlass  @bci org/springframework/context/support/DefaultLifecycleProcessor startBeans (Z)V 18 <appendix> form vmentry <vmtarget> ; # java/lang/invoke/LambdaForm$DMH+0x000000003d580400
instanceKlass  @bci org/springframework/context/support/DefaultLifecycleProcessor startBeans (Z)V 18 <appendix> member <vmtarget> ; # org/springframework/context/support/DefaultLifecycleProcessor$$Lambda+0x000000003d57da70
instanceKlass  @cpi org/springframework/context/support/DefaultLifecycleProcessor 556 form vmentry <vmtarget> ; # java/lang/invoke/LambdaForm$DMH+0x000000003d580000
instanceKlass org/springframework/util/ConcurrentReferenceHashMap$EntryIterator
instanceKlass org/springframework/util/ConcurrentReferenceHashMap$KeyIterator
instanceKlass  @bci org/springframework/beans/CachedIntrospectionResults clearClassLoader (Ljava/lang/ClassLoader;)V 44 <appendix> member <vmtarget> ; # org/springframework/beans/CachedIntrospectionResults$$Lambda+0x000000003d57cf58
instanceKlass  @bci org/springframework/beans/CachedIntrospectionResults clearClassLoader (Ljava/lang/ClassLoader;)V 24 <appendix> member <vmtarget> ; # org/springframework/beans/CachedIntrospectionResults$$Lambda+0x000000003d57ccf8
instanceKlass  @bci org/springframework/beans/CachedIntrospectionResults clearClassLoader (Ljava/lang/ClassLoader;)V 4 <appendix> member <vmtarget> ; # org/springframework/beans/CachedIntrospectionResults$$Lambda+0x000000003d57ca98
instanceKlass jakarta/servlet/descriptor/JspConfigDescriptor
instanceKlass  @bci org/springframework/core/BridgeMethodResolver resolveBridgeMethod (Ljava/lang/reflect/Method;Ljava/lang/Class;)Ljava/lang/reflect/Method; 97 <appendix> member <vmtarget> ; # org/springframework/core/BridgeMethodResolver$$Lambda+0x000000003d57c650
instanceKlass  @bci org/springframework/core/BridgeMethodResolver resolveBridgeMethod (Ljava/lang/reflect/Method;Ljava/lang/Class;)Ljava/lang/reflect/Method; 91 <appendix> member <vmtarget> ; # org/springframework/core/BridgeMethodResolver$$Lambda+0x000000003d57c420
instanceKlass  @bci org/springframework/context/event/EventListenerMethodProcessor processBean (Ljava/lang/String;Ljava/lang/Class;)V 32 <appendix> argL0 ; # org/springframework/context/event/EventListenerMethodProcessor$$Lambda+0x000000003d57c1f8
instanceKlass org/springframework/context/event/EventListener
instanceKlass org/springframework/aop/scope/ScopedObject
instanceKlass org/springframework/aop/RawTargetAccess
instanceKlass org/springframework/web/multipart/MultipartHttpServletRequest
instanceKlass  @bci org/springframework/boot/LazyInitializationExcludeFilter forBeanTypes ([Ljava/lang/Class;)Lorg/springframework/boot/LazyInitializationExcludeFilter; 1 <appendix> member <vmtarget> ; # org/springframework/boot/LazyInitializationExcludeFilter$$Lambda+0x000000003d57b5a8
instanceKlass  @cpi org/springframework/boot/LazyInitializationExcludeFilter 50 form vmentry <vmtarget> ; # java/lang/invoke/LambdaForm$DMH+0x000000003d576c00
instanceKlass org/springframework/boot/http/converter/autoconfigure/DefaultClientHttpMessageConvertersCustomizer
instanceKlass org/springframework/boot/devtools/filewatch/FileSystemWatcher$Watcher
instanceKlass  @bci org/springframework/boot/devtools/filewatch/FileSnapshot <init> (Ljava/io/File;)V 30 <appendix> member <vmtarget> ; # org/springframework/boot/devtools/filewatch/FileSnapshot$$Lambda+0x000000003d57af08
instanceKlass org/springframework/boot/devtools/filewatch/FileSnapshot
instanceKlass  @bci org/springframework/boot/devtools/filewatch/DirectorySnapshot <init> (Ljava/io/File;)V 23 <appendix> member <vmtarget> ; # org/springframework/boot/devtools/filewatch/DirectorySnapshot$$Lambda+0x000000003d57aab8
instanceKlass  @bci org/springframework/boot/devtools/filewatch/FileSystemWatcher createOrRestoreInitialSnapshots ()V 18 <appendix> member <vmtarget> ; # org/springframework/boot/devtools/filewatch/FileSystemWatcher$$Lambda+0x000000003d57a878
instanceKlass org/springframework/boot/devtools/filewatch/DirectorySnapshot
instanceKlass org/springframework/boot/devtools/classpath/ClassPathFileChangeListener
instanceKlass  @bci org/springframework/boot/devtools/filewatch/FileSystemWatcher addSourceDirectory (Ljava/io/File;)V 19 <appendix> member <vmtarget> ; # org/springframework/boot/devtools/filewatch/FileSystemWatcher$$Lambda+0x000000003d57a1e0
instanceKlass  @bci org/springframework/boot/devtools/filewatch/FileSystemWatcher addSourceDirectories (Ljava/lang/Iterable;)V 15 <appendix> member <vmtarget> ; # org/springframework/boot/devtools/filewatch/FileSystemWatcher$$Lambda+0x000000003d579fa0
instanceKlass org/springframework/boot/devtools/classpath/ClassPathDirectories
instanceKlass org/springframework/boot/devtools/filewatch/StaticSnapshotStateRepository
instanceKlass org/springframework/boot/devtools/filewatch/SnapshotStateRepository$1
instanceKlass org/springframework/boot/devtools/filewatch/SnapshotStateRepository
instanceKlass org/springframework/boot/devtools/filewatch/FileChangeListener
instanceKlass org/springframework/boot/devtools/filewatch/ChangedFile
instanceKlass org/springframework/boot/devtools/classpath/PatternClassPathRestartStrategy
instanceKlass  @bci org/springframework/boot/devtools/autoconfigure/LocalDevToolsAutoConfiguration$RestartConfiguration fileSystemWatcherFactory ()Lorg/springframework/boot/devtools/filewatch/FileSystemWatcherFactory; 1 <appendix> member <vmtarget> ; # org/springframework/boot/devtools/autoconfigure/LocalDevToolsAutoConfiguration$RestartConfiguration$$Lambda+0x000000003d578bf0
instanceKlass org/springframework/boot/devtools/autoconfigure/RemoteDevToolsProperties$Proxy
instanceKlass org/springframework/boot/devtools/autoconfigure/RemoteDevToolsProperties$Restart
instanceKlass  @bci org/springframework/boot/task/SimpleAsyncTaskSchedulerBuilder append (Ljava/util/Set;Ljava/lang/Iterable;)Ljava/util/Set; 26 <appendix> member <vmtarget> ; # org/springframework/boot/task/SimpleAsyncTaskSchedulerBuilder$$Lambda+0x000000003d577aa8
instanceKlass  @bci org/springframework/boot/autoconfigure/task/TaskSchedulingConfigurations$SimpleAsyncTaskSchedulerBuilderConfiguration builder ()Lorg/springframework/boot/task/SimpleAsyncTaskSchedulerBuilder; 47 <appendix> member <vmtarget> ; # org/springframework/boot/autoconfigure/task/TaskSchedulingConfigurations$SimpleAsyncTaskSchedulerBuilderConfiguration$$Lambda+0x000000003d577858
instanceKlass org/springframework/boot/task/SimpleAsyncTaskSchedulerCustomizer
instanceKlass  @bci org/springframework/boot/task/ThreadPoolTaskSchedulerBuilder append (Ljava/util/Set;Ljava/lang/Iterable;)Ljava/util/Set; 26 <appendix> member <vmtarget> ; # org/springframework/boot/task/ThreadPoolTaskSchedulerBuilder$$Lambda+0x000000003d577210
instanceKlass org/springframework/boot/autoconfigure/task/TaskSchedulingConfigurations
# instanceKlass java/lang/invoke/LambdaForm$MH+0x000000003d576800
# instanceKlass java/lang/invoke/LambdaForm$MH+0x000000003d576400
instanceKlass org/springframework/boot/task/ThreadPoolTaskSchedulerCustomizer
instanceKlass org/springframework/boot/info/InfoProperties
instanceKlass org/springframework/context/support/DefaultLifecycleProcessor$LifecycleGroup
# instanceKlass java/lang/invoke/LambdaForm$MH+0x000000003d576000
# instanceKlass java/lang/invoke/LambdaForm$DMH+0x000000003d575c00
# instanceKlass java/lang/invoke/LambdaForm$MH+0x000000003d575800
# instanceKlass java/lang/invoke/LambdaForm$MH+0x000000003d575400
# instanceKlass java/lang/invoke/LambdaForm$DMH+0x000000003d575000
# instanceKlass java/lang/invoke/LambdaForm$MH+0x000000003d574c00
# instanceKlass java/lang/invoke/LambdaForm$MH+0x000000003d574800
# instanceKlass java/lang/invoke/LambdaForm$MH+0x000000003d574400
# instanceKlass java/lang/invoke/LambdaForm$MH+0x000000003d574000
# instanceKlass java/lang/invoke/LambdaForm$MH+0x000000003d573c00
# instanceKlass java/lang/invoke/LambdaForm$MH+0x000000003d573800
instanceKlass org/springdoc/core/models/ControllerAdviceInfo
# instanceKlass java/lang/invoke/LambdaForm$MH+0x000000003d573400
# instanceKlass java/lang/invoke/LambdaForm$MH+0x000000003d573000
# instanceKlass java/lang/invoke/LambdaForm$MH+0x000000003d572c00
# instanceKlass java/lang/invoke/LambdaForm$MH+0x000000003d572800
# instanceKlass java/lang/invoke/LambdaForm$MH+0x000000003d572400
instanceKlass org/springdoc/core/models/ParameterId
instanceKlass  @bci org/springdoc/core/service/AbstractRequestService <init> (Lorg/springdoc/core/service/GenericParameterService;Lorg/springdoc/core/service/RequestBodyService;Lorg/springdoc/core/service/OperationService;Ljava/util/Optional;Lorg/springdoc/core/discoverer/SpringDocParameterNameDiscoverer;)V 21 <appendix> argL0 ; # org/springdoc/core/service/AbstractRequestService$$Lambda+0x000000003d56e298
instanceKlass org/springframework/web/bind/annotation/RequestAttribute
instanceKlass org/springframework/web/bind/support/SessionStatus
# instanceKlass java/lang/invoke/LambdaForm$MH+0x000000003d572000
# instanceKlass java/lang/invoke/LambdaForm$MH+0x000000003d571c00
# instanceKlass java/lang/invoke/LambdaForm$MH+0x000000003d571800
# instanceKlass java/lang/invoke/LambdaForm$MH+0x000000003d571400
# instanceKlass java/lang/invoke/LambdaForm$MH+0x000000003d571000
# instanceKlass java/lang/invoke/LambdaForm$MH+0x000000003d570c00
instanceKlass org/springdoc/core/customizers/ParameterCustomizer
instanceKlass  @bci org/springdoc/core/configuration/SpringDocUIConfiguration afterPropertiesSet ()V 4 <appendix> argL0 ; # org/springdoc/core/configuration/SpringDocUIConfiguration$$Lambda+0x000000003d56da48
instanceKlass  @bci org/springdoc/core/customizers/SpringDocCustomizers <init> (Ljava/util/Optional;Ljava/util/Optional;Ljava/util/Optional;Ljava/util/Optional;Ljava/util/Optional;Ljava/util/Optional;Ljava/util/Optional;Ljava/util/Optional;)V 33 <appendix> argL0 ; # org/springdoc/core/customizers/SpringDocCustomizers$$Lambda+0x000000003d56d810
# instanceKlass java/lang/invoke/LambdaForm$MH+0x000000003d570800
# instanceKlass java/lang/invoke/LambdaForm$MH+0x000000003d570400
# instanceKlass java/lang/invoke/LambdaForm$MH+0x000000003d570000
instanceKlass org/springdoc/core/filters/GlobalOpenApiMethodFilter
instanceKlass org/springdoc/core/customizers/GlobalOperationCustomizer
instanceKlass org/springdoc/core/customizers/DataRestRouterOperationCustomizer
instanceKlass org/springdoc/core/customizers/RouterOperationCustomizer
instanceKlass org/springdoc/core/customizers/OperationCustomizer
# instanceKlass java/lang/invoke/LambdaForm$MH+0x000000003d56bc00
# instanceKlass java/lang/invoke/LambdaForm$MH+0x000000003d56b800
# instanceKlass java/lang/invoke/LambdaForm$MH+0x000000003d56b400
# instanceKlass java/lang/invoke/LambdaForm$MH+0x000000003d56b000
# instanceKlass java/lang/invoke/LambdaForm$DMH+0x000000003d56ac00
instanceKlass org/springdoc/core/providers/SecurityOAuth2Provider
instanceKlass org/springdoc/core/configuration/SpringDocConfiguration$1
# instanceKlass java/lang/invoke/LambdaForm$MH+0x000000003d56a800
# instanceKlass java/lang/invoke/LambdaForm$MH+0x000000003d56a400
# instanceKlass java/lang/invoke/LambdaForm$MH+0x000000003d56a000
# instanceKlass java/lang/invoke/LambdaForm$MH+0x000000003d569c00
# instanceKlass java/lang/invoke/LambdaForm$MH+0x000000003d569800
# instanceKlass java/lang/invoke/LambdaForm$MH+0x000000003d569400
# instanceKlass java/lang/invoke/LambdaForm$MH+0x000000003d569000
instanceKlass org/springdoc/core/models/RequestBodyInfo
instanceKlass org/springdoc/core/models/ParameterInfo
instanceKlass org/springframework/web/multipart/MultipartRequest
# instanceKlass java/lang/invoke/LambdaForm$MH+0x000000003d568c00
# instanceKlass java/lang/invoke/LambdaForm$MH+0x000000003d568800
# instanceKlass java/lang/invoke/LambdaForm$MH+0x000000003d568400
# instanceKlass java/lang/invoke/LambdaForm$MH+0x000000003d568000
instanceKlass org/springdoc/core/customizers/DelegatingMethodParameterCustomizer
instanceKlass  @bci org/springdoc/core/converters/ModelConverterRegistrar <init> (Ljava/util/List;Lorg/springdoc/core/properties/SpringDocConfigProperties;)V 61 <appendix> member <vmtarget> ; # org/springdoc/core/converters/ModelConverterRegistrar$$Lambda+0x000000003d567908
instanceKlass  @bci org/springdoc/core/converters/ModelConverterRegistrar getRegisteredConverterSameAs (Lio/swagger/v3/core/converter/ModelConverter;)Ljava/util/Optional; 29 <appendix> member <vmtarget> ; # org/springdoc/core/converters/ModelConverterRegistrar$$Lambda+0x000000003d5676a8
instanceKlass org/apache/commons/lang3/reflect/MemberUtils
instanceKlass org/apache/commons/lang3/Validate
instanceKlass org/apache/commons/lang3/reflect/FieldUtils
instanceKlass io/swagger/v3/core/jackson/TypeNameResolver
instanceKlass io/swagger/v3/core/jackson/AbstractModelConverter
instanceKlass io/swagger/v3/core/converter/ModelConverters
instanceKlass io/swagger/v3/oas/annotations/tags/Tag
instanceKlass io/swagger/v3/oas/annotations/tags/Tags
instanceKlass io/swagger/v3/oas/annotations/OpenAPIDefinition
# instanceKlass java/lang/invoke/LambdaForm$MH+0x000000003d565c00
# instanceKlass java/lang/invoke/LambdaForm$MH+0x000000003d565800
# instanceKlass java/lang/invoke/LambdaForm$MH+0x000000003d565400
# instanceKlass java/lang/invoke/LambdaForm$MH+0x000000003d565000
# instanceKlass java/lang/invoke/LambdaForm$MH+0x000000003d564c00
# instanceKlass java/lang/invoke/LambdaForm$MH+0x000000003d564800
# instanceKlass java/lang/invoke/LambdaForm$DMH+0x000000003d564400
instanceKlass io/swagger/v3/oas/annotations/security/SecurityScheme
instanceKlass io/swagger/v3/oas/annotations/security/OAuthFlows
instanceKlass io/swagger/v3/oas/annotations/security/OAuthFlow
instanceKlass io/swagger/v3/oas/annotations/security/OAuthScope
# instanceKlass java/lang/invoke/LambdaForm$MH+0x000000003d564000
# instanceKlass java/lang/invoke/LambdaForm$MH+0x000000003d558400
instanceKlass org/springdoc/core/providers/JavadocProvider
instanceKlass org/springdoc/core/customizers/ServerBaseUrlCustomizer
instanceKlass org/springdoc/core/customizers/OpenApiBuilderCustomizer
instanceKlass io/swagger/v3/core/converter/ModelConverterContext
instanceKlass io/swagger/v3/core/converter/AnnotatedType
instanceKlass org/springframework/web/servlet/handler/HandlerExceptionResolverComposite
instanceKlass  @bci org/springframework/web/method/annotation/ExceptionHandlerMethodResolver <init> (Ljava/lang/Class;)V 25 <appendix> member <vmtarget> ; # org/springframework/web/method/annotation/ExceptionHandlerMethodResolver$$Lambda+0x000000003d559448
instanceKlass org/springframework/web/method/annotation/ExceptionHandlerMappingInfo
instanceKlass  @bci org/springframework/web/method/annotation/ExceptionHandlerMethodResolver <clinit> ()V 0 <appendix> argL0 ; # org/springframework/web/method/annotation/ExceptionHandlerMethodResolver$$Lambda+0x000000003d55bd48
instanceKlass org/springframework/web/method/annotation/ExceptionHandlerMethodResolver
instanceKlass org/springframework/web/util/DisconnectedClientHelper
instanceKlass org/springframework/web/servlet/function/ServerResponse
instanceKlass org/springframework/web/servlet/function/ServerResponse$Context
instanceKlass  @bci org/springframework/validation/beanvalidation/MethodValidationAdapter initValidatorAdapter (Ljava/util/function/Supplier;)Ljava/util/function/Supplier; 1 <appendix> member <vmtarget> ; # org/springframework/validation/beanvalidation/MethodValidationAdapter$$Lambda+0x000000003d55b020
instanceKlass  @bci org/springframework/validation/beanvalidation/MethodValidationAdapter <init> (Ljakarta/validation/Validator;)V 31 <appendix> member <vmtarget> ; # org/springframework/validation/beanvalidation/MethodValidationAdapter$$Lambda+0x000000003d55adf0
instanceKlass org/springframework/validation/DefaultMessageCodesResolver
instanceKlass org/springframework/validation/beanvalidation/MethodValidationAdapter$ResultComparator
instanceKlass org/springframework/validation/beanvalidation/MethodValidationAdapter$DefaultObjectNameResolver
instanceKlass org/springframework/validation/method/EmptyMethodValidationResult
instanceKlass org/springframework/validation/beanvalidation/MethodValidationAdapter
instanceKlass org/springframework/web/method/annotation/HandlerMethodValidator$WebObjectNameResolver
instanceKlass org/springframework/validation/beanvalidation/MethodValidationAdapter$ObjectNameResolver
instanceKlass org/springframework/web/method/annotation/HandlerMethodValidator
instanceKlass  @bci org/springframework/web/servlet/mvc/method/annotation/RequestMappingHandlerAdapter methodParamPredicate (Ljava/util/List;Ljava/lang/Class;)Ljava/util/function/Predicate; 2 <appendix> member <vmtarget> ; # org/springframework/web/servlet/mvc/method/annotation/RequestMappingHandlerAdapter$$Lambda+0x000000003d55e6e0
instanceKlass org/springframework/web/servlet/mvc/method/annotation/ViewNameMethodReturnValueHandler
instanceKlass org/springframework/web/servlet/mvc/method/annotation/AsyncTaskMethodReturnValueHandler
instanceKlass org/springframework/web/servlet/mvc/method/annotation/DeferredResultMethodReturnValueHandler
instanceKlass org/springframework/web/servlet/mvc/method/annotation/CallableMethodReturnValueHandler
instanceKlass org/springframework/web/servlet/mvc/method/annotation/HttpHeadersReturnValueHandler
instanceKlass org/springframework/web/servlet/mvc/method/annotation/ResponseEntityReturnValueHandler
instanceKlass org/springframework/web/servlet/mvc/method/annotation/StreamingResponseBodyReturnValueHandler
instanceKlass org/springframework/web/servlet/mvc/method/annotation/ViewMethodReturnValueHandler
instanceKlass org/springframework/web/servlet/mvc/method/annotation/ModelAndViewMethodReturnValueHandler
instanceKlass org/springframework/web/servlet/mvc/method/annotation/ResponseBodyEmitter
instanceKlass org/springframework/web/servlet/mvc/method/annotation/ReactiveTypeHandler
instanceKlass org/springframework/core/NestedExceptionUtils
instanceKlass  @bci org/springframework/beans/factory/support/DefaultSingletonBeanRegistry getSingleton (Ljava/lang/String;Lorg/springframework/beans/factory/ObjectFactory;)Ljava/lang/Object; 1250 <appendix> member <vmtarget> ; # org/springframework/beans/factory/support/DefaultSingletonBeanRegistry$$Lambda+0x000000003d55c448
instanceKlass org/springframework/beans/factory/config/NamedBeanHolder
instanceKlass org/springframework/beans/factory/NamedBean
instanceKlass org/springframework/web/servlet/view/ContentNegotiatingViewResolver$1
instanceKlass  @bci org/springframework/web/servlet/view/AbstractCachingViewResolver <clinit> ()V 10 <appendix> argL0 ; # org/springframework/web/servlet/view/AbstractCachingViewResolver$$Lambda+0x000000003d5575d8
instanceKlass  @cpi org/springframework/web/servlet/view/AbstractCachingViewResolver 210 form vmentry <vmtarget> ; # java/lang/invoke/LambdaForm$DMH+0x000000003d558000
instanceKlass org/springframework/web/servlet/view/AbstractCachingViewResolver$CacheFilter
instanceKlass org/springframework/web/servlet/view/AbstractCachingViewResolver$1
instanceKlass org/springframework/web/servlet/SmartView
instanceKlass org/springframework/web/servlet/view/ViewResolverComposite
instanceKlass org/springframework/web/servlet/config/annotation/UrlBasedViewResolverRegistration
instanceKlass org/springframework/web/servlet/mvc/method/annotation/ResponseBodyEmitter$Handler
instanceKlass org/springframework/web/servlet/mvc/method/annotation/ResponseBodyEmitterReturnValueHandler
instanceKlass org/springframework/web/servlet/mvc/method/annotation/PrincipalMethodArgumentResolver
instanceKlass org/springframework/web/servlet/mvc/method/annotation/ApiVersionMethodArgumentResolver
instanceKlass org/springframework/web/servlet/mvc/method/annotation/UriComponentsBuilderMethodArgumentResolver
instanceKlass org/springframework/web/method/annotation/SessionStatusMethodArgumentResolver
instanceKlass org/springframework/web/method/annotation/ErrorsMethodArgumentResolver
instanceKlass org/springframework/web/method/annotation/MapMethodProcessor
instanceKlass org/springframework/web/method/annotation/ModelMethodProcessor
instanceKlass org/springframework/web/servlet/mvc/support/RedirectAttributes
instanceKlass org/springframework/ui/Model
instanceKlass org/springframework/web/servlet/mvc/method/annotation/RedirectAttributesMethodArgumentResolver
instanceKlass org/springframework/web/servlet/mvc/method/annotation/ServletResponseMethodArgumentResolver
instanceKlass org/springframework/web/servlet/mvc/method/annotation/ServletRequestMethodArgumentResolver
instanceKlass org/springframework/web/method/annotation/RequestHeaderMapMethodArgumentResolver
instanceKlass  @bci org/springframework/web/accept/ContentNegotiationManager getAllFileExtensions ()Ljava/util/List; 1 <appendix> argL0 ; # org/springframework/web/accept/ContentNegotiationManager$$Lambda+0x000000003d54f948
instanceKlass org/springframework/web/servlet/mvc/method/annotation/RequestResponseBodyAdviceChain
instanceKlass org/springframework/core/ParameterizedTypeReference
instanceKlass org/springframework/web/servlet/mvc/method/annotation/AbstractMessageConverterMethodArgumentResolver
instanceKlass org/springframework/validation/DataBinder
instanceKlass org/springframework/web/method/annotation/ModelAttributeMethodProcessor
instanceKlass org/springframework/web/servlet/mvc/method/annotation/MatrixVariableMapMethodArgumentResolver
instanceKlass org/springframework/web/servlet/mvc/method/annotation/PathVariableMapMethodArgumentResolver
instanceKlass org/springframework/web/method/annotation/RequestParamMapMethodArgumentResolver
instanceKlass org/springframework/web/method/annotation/AbstractNamedValueMethodArgumentResolver$NamedValueInfo
instanceKlass org/springframework/web/method/annotation/AbstractNamedValueMethodArgumentResolver
instanceKlass org/springframework/web/bind/annotation/InitBinder
instanceKlass org/springframework/web/bind/annotation/ModelAttribute
instanceKlass  @bci org/springframework/core/MethodIntrospector selectMethods (Ljava/lang/Class;Lorg/springframework/util/ReflectionUtils$MethodFilter;)Ljava/util/Set; 2 <appendix> member <vmtarget> ; # org/springframework/core/MethodIntrospector$$Lambda+0x000000003d549410
instanceKlass  @bci org/springframework/web/method/HandlerTypePredicate$Builder basePackageClass ([Ljava/lang/Class;)Lorg/springframework/web/method/HandlerTypePredicate$Builder; 5 <appendix> member <vmtarget> ; # org/springframework/web/method/HandlerTypePredicate$Builder$$Lambda+0x000000003d5491d0
instanceKlass  @bci org/springframework/web/method/HandlerTypePredicate$Builder basePackage ([Ljava/lang/String;)Lorg/springframework/web/method/HandlerTypePredicate$Builder; 15 <appendix> member <vmtarget> ; # org/springframework/web/method/HandlerTypePredicate$Builder$$Lambda+0x000000003d548f90
instanceKlass  @bci org/springframework/web/method/HandlerTypePredicate$Builder basePackage ([Ljava/lang/String;)Lorg/springframework/web/method/HandlerTypePredicate$Builder; 4 <appendix> argL0 ; # org/springframework/web/method/HandlerTypePredicate$Builder$$Lambda+0x000000003d548d38
instanceKlass org/springframework/web/method/HandlerTypePredicate$Builder
instanceKlass org/springframework/web/method/HandlerTypePredicate
instanceKlass  @bci org/springframework/web/method/ControllerAdviceBean <init> (Ljava/lang/String;Lorg/springframework/beans/factory/BeanFactory;Lorg/springframework/web/bind/annotation/ControllerAdvice;)V 25 <appendix> member <vmtarget> ; # org/springframework/web/method/ControllerAdviceBean$$Lambda+0x000000003d548670
instanceKlass org/springframework/validation/method/MethodValidator
instanceKlass org/springframework/web/method/support/HandlerMethodReturnValueHandlerComposite
instanceKlass org/springframework/web/method/support/HandlerMethodReturnValueHandler
instanceKlass org/springframework/web/method/support/HandlerMethodArgumentResolverComposite
instanceKlass org/springframework/web/method/support/HandlerMethodArgumentResolver
instanceKlass org/springframework/web/method/ControllerAdviceBean
instanceKlass org/springframework/web/method/annotation/SessionAttributesHandler
instanceKlass org/springframework/web/method/annotation/ModelFactory
instanceKlass org/springframework/web/method/support/ModelAndViewContainer
instanceKlass org/springframework/web/servlet/mvc/method/annotation/AbstractMappingJacksonResponseBodyAdvice
instanceKlass org/springframework/web/servlet/mvc/method/annotation/ResponseBodyAdvice
instanceKlass org/springframework/web/servlet/mvc/method/annotation/RequestBodyAdviceAdapter
instanceKlass org/springframework/web/servlet/mvc/method/annotation/RequestBodyAdvice
instanceKlass org/springframework/web/bind/support/DefaultSessionAttributeStore
instanceKlass  @bci org/springframework/core/ReactiveAdapterRegistry$ReactorRegistrar registerAdapters (Lorg/springframework/core/ReactiveAdapterRegistry;)V 112 <appendix> argL0 ; # org/springframework/core/ReactiveAdapterRegistry$ReactorRegistrar$$Lambda+0x000000003d545c88
instanceKlass  @bci org/springframework/core/ReactiveAdapterRegistry$ReactorRegistrar registerAdapters (Lorg/springframework/core/ReactiveAdapterRegistry;)V 107 <appendix> argL0 ; # org/springframework/core/ReactiveAdapterRegistry$ReactorRegistrar$$Lambda+0x000000003d545a40
instanceKlass  @bci org/springframework/core/ReactiveAdapterRegistry$ReactorRegistrar registerAdapters (Lorg/springframework/core/ReactiveAdapterRegistry;)V 99 <appendix> argL0 ; # org/springframework/core/ReactiveAdapterRegistry$ReactorRegistrar$$Lambda+0x000000003d545818
instanceKlass  @bci org/springframework/core/ReactiveAdapterRegistry$ReactorRegistrar registerAdapters (Lorg/springframework/core/ReactiveAdapterRegistry;)V 88 <appendix> argL0 ; # org/springframework/core/ReactiveAdapterRegistry$ReactorRegistrar$$Lambda+0x000000003d5455d0
instanceKlass  @bci org/springframework/core/ReactiveAdapterRegistry$ReactorRegistrar registerAdapters (Lorg/springframework/core/ReactiveAdapterRegistry;)V 83 <appendix> argL0 ; # org/springframework/core/ReactiveAdapterRegistry$ReactorRegistrar$$Lambda+0x000000003d545388
instanceKlass  @bci org/springframework/core/ReactiveAdapterRegistry$ReactorRegistrar registerAdapters (Lorg/springframework/core/ReactiveAdapterRegistry;)V 75 <appendix> argL0 ; # org/springframework/core/ReactiveAdapterRegistry$ReactorRegistrar$$Lambda+0x000000003d545160
instanceKlass  @bci org/springframework/core/ReactiveAdapterRegistry$ReactorRegistrar registerAdapters (Lorg/springframework/core/ReactiveAdapterRegistry;)V 64 <appendix> argL0 ; # org/springframework/core/ReactiveAdapterRegistry$ReactorRegistrar$$Lambda+0x000000003d5447d8
instanceKlass  @bci org/springframework/core/ReactiveAdapterRegistry$ReactorRegistrar registerAdapters (Lorg/springframework/core/ReactiveAdapterRegistry;)V 59 <appendix> argL0 ; # org/springframework/core/ReactiveAdapterRegistry$ReactorRegistrar$$Lambda+0x000000003d544590
instanceKlass  @bci org/springframework/core/ReactiveAdapterRegistry$ReactorRegistrar registerAdapters (Lorg/springframework/core/ReactiveAdapterRegistry;)V 51 <appendix> argL0 ; # org/springframework/core/ReactiveAdapterRegistry$ReactorRegistrar$$Lambda+0x000000003d544368
instanceKlass  @bci org/springframework/core/ReactiveAdapterRegistry$ReactorRegistrar registerAdapters (Lorg/springframework/core/ReactiveAdapterRegistry;)V 40 <appendix> argL0 ; # org/springframework/core/ReactiveAdapterRegistry$ReactorRegistrar$$Lambda+0x000000003d544120
instanceKlass  @bci org/springframework/core/ReactiveAdapterRegistry$ReactorRegistrar registerAdapters (Lorg/springframework/core/ReactiveAdapterRegistry;)V 35 <appendix> argL0 ; # org/springframework/core/ReactiveAdapterRegistry$ReactorRegistrar$$Lambda+0x000000003d543ed8
instanceKlass  @bci org/springframework/core/ReactiveAdapterRegistry$ReactorRegistrar registerAdapters (Lorg/springframework/core/ReactiveAdapterRegistry;)V 27 <appendix> argL0 ; # org/springframework/core/ReactiveAdapterRegistry$ReactorRegistrar$$Lambda+0x000000003d543cb0
instanceKlass  @bci org/springframework/core/ReactiveAdapterRegistry$ReactorRegistrar registerAdapters (Lorg/springframework/core/ReactiveAdapterRegistry;)V 16 <appendix> argL0 ; # org/springframework/core/ReactiveAdapterRegistry$ReactorRegistrar$$Lambda+0x000000003d543a68
instanceKlass  @bci org/springframework/core/ReactiveAdapterRegistry$ReactorRegistrar registerAdapters (Lorg/springframework/core/ReactiveAdapterRegistry;)V 11 <appendix> argL0 ; # org/springframework/core/ReactiveAdapterRegistry$ReactorRegistrar$$Lambda+0x000000003d543820
instanceKlass org/springframework/core/ReactiveTypeDescriptor
instanceKlass  @bci org/springframework/core/ReactiveAdapterRegistry$ReactorRegistrar registerAdapters (Lorg/springframework/core/ReactiveAdapterRegistry;)V 3 <appendix> argL0 ; # org/springframework/core/ReactiveAdapterRegistry$ReactorRegistrar$$Lambda+0x000000003d5433e0
instanceKlass reactor/adapter/JdkFlowAdapter$PublisherAsFlowPublisher
instanceKlass java/util/concurrent/Flow$Publisher
instanceKlass reactor/adapter/JdkFlowAdapter
instanceKlass  @bci reactor/core/publisher/Flux <clinit> ()V 32 <appendix> argL0 ; # reactor/core/publisher/Flux$$Lambda+0x000000003d5426a0
instanceKlass  @bci reactor/core/publisher/Flux <clinit> ()V 24 <appendix> argL0 ; # reactor/core/publisher/Flux$$Lambda+0x000000003d542478
instanceKlass  @bci reactor/core/publisher/Flux <clinit> ()V 16 <appendix> argL0 ; # reactor/core/publisher/Flux$$Lambda+0x000000003d542250
instanceKlass  @bci reactor/core/publisher/Flux <clinit> ()V 8 <appendix> argL0 ; # reactor/core/publisher/Flux$$Lambda+0x000000003d542028
instanceKlass  @bci reactor/core/publisher/Flux <clinit> ()V 0 <appendix> argL0 ; # reactor/core/publisher/Flux$$Lambda+0x000000003d541df0
instanceKlass reactor/util/function/Tuple2
instanceKlass reactor/util/function/Tuples
instanceKlass org/springframework/core/ReactiveAdapterRegistry$ReactorRegistrar
instanceKlass org/springframework/core/ReactiveAdapter
instanceKlass org/springframework/core/ReactiveAdapterRegistry
instanceKlass org/springframework/web/context/request/async/DeferredResultProcessingInterceptor
instanceKlass org/springframework/util/ConcurrencyThrottleSupport
instanceKlass  @bci org/springframework/web/servlet/mvc/method/annotation/RequestMappingHandlerAdapter <clinit> ()V 8 <appendix> argL0 ; # org/springframework/web/servlet/mvc/method/annotation/RequestMappingHandlerAdapter$$Lambda+0x000000003d51e308
instanceKlass  @bci org/springframework/web/servlet/mvc/method/annotation/RequestMappingHandlerAdapter <clinit> ()V 0 <appendix> argL0 ; # org/springframework/web/servlet/mvc/method/annotation/RequestMappingHandlerAdapter$$Lambda+0x000000003d51e0d0
instanceKlass org/springframework/web/bind/support/DefaultDataBinderFactory
instanceKlass org/springframework/web/bind/support/WebDataBinderFactory
instanceKlass org/springframework/web/bind/support/SessionAttributeStore
# instanceKlass java/lang/invoke/LambdaForm$MH+0x000000003d520800
# instanceKlass java/lang/invoke/LambdaForm$MH+0x000000003d520400
# instanceKlass java/lang/invoke/LambdaForm$MH+0x000000003d520000
instanceKlass  @bci org/springframework/web/servlet/handler/SimpleUrlHandlerMapping registerHandlers (Ljava/util/Map;)V 32 <appendix> member <vmtarget> ; # org/springframework/web/servlet/handler/SimpleUrlHandlerMapping$$Lambda+0x000000003d51cd70
instanceKlass org/apache/catalina/TrackedWebResource
instanceKlass org/apache/catalina/webresources/AbstractResource
instanceKlass org/springframework/web/servlet/resource/DefaultResourceTransformerChain
instanceKlass org/springframework/web/servlet/resource/DefaultResourceResolverChain
instanceKlass org/springframework/web/servlet/resource/ResourceHandlerUtils
instanceKlass org/springframework/web/HttpRequestHandler
instanceKlass org/springframework/web/servlet/resource/ResourceTransformerSupport
instanceKlass org/springframework/web/servlet/resource/AbstractResourceResolver
instanceKlass org/springframework/cache/Cache
instanceKlass org/springframework/web/servlet/config/annotation/ResourceChainRegistration
instanceKlass  @bci org/springframework/boot/webmvc/autoconfigure/WebMvcAutoConfiguration$WebMvcAutoConfigurationAdapter addResourceHandlers (Lorg/springframework/web/servlet/config/annotation/ResourceHandlerRegistry;)V 54 <appendix> member <vmtarget> ; # org/springframework/boot/webmvc/autoconfigure/WebMvcAutoConfiguration$WebMvcAutoConfigurationAdapter$$Lambda+0x000000003d518f80
instanceKlass  @bci org/springframework/boot/autoconfigure/web/WebProperties$Resources$Cache$Cachecontrol toHttpCacheControl ()Lorg/springframework/http/CacheControl; 193 <appendix> member <vmtarget> ; # org/springframework/boot/autoconfigure/web/WebProperties$Resources$Cache$Cachecontrol$$Lambda+0x000000003d518d40
instanceKlass  @bci org/springframework/boot/autoconfigure/web/WebProperties$Resources$Cache$Cachecontrol toHttpCacheControl ()Lorg/springframework/http/CacheControl; 184 <appendix> member <vmtarget> ; # org/springframework/boot/autoconfigure/web/WebProperties$Resources$Cache$Cachecontrol$$Lambda+0x000000003d518b10
instanceKlass  @bci org/springframework/boot/autoconfigure/web/WebProperties$Resources$Cache$Cachecontrol toHttpCacheControl ()Lorg/springframework/http/CacheControl; 174 <appendix> member <vmtarget> ; # org/springframework/boot/autoconfigure/web/WebProperties$Resources$Cache$Cachecontrol$$Lambda+0x000000003d5188d0
instanceKlass  @bci org/springframework/boot/autoconfigure/web/WebProperties$Resources$Cache$Cachecontrol toHttpCacheControl ()Lorg/springframework/http/CacheControl; 165 <appendix> member <vmtarget> ; # org/springframework/boot/autoconfigure/web/WebProperties$Resources$Cache$Cachecontrol$$Lambda+0x000000003d5186a0
instanceKlass  @bci org/springframework/boot/autoconfigure/web/WebProperties$Resources$Cache$Cachecontrol toHttpCacheControl ()Lorg/springframework/http/CacheControl; 155 <appendix> member <vmtarget> ; # org/springframework/boot/autoconfigure/web/WebProperties$Resources$Cache$Cachecontrol$$Lambda+0x000000003d518460
instanceKlass  @bci org/springframework/boot/autoconfigure/web/WebProperties$Resources$Cache$Cachecontrol toHttpCacheControl ()Lorg/springframework/http/CacheControl; 146 <appendix> member <vmtarget> ; # org/springframework/boot/autoconfigure/web/WebProperties$Resources$Cache$Cachecontrol$$Lambda+0x000000003d518230
instanceKlass  @bci org/springframework/boot/autoconfigure/web/WebProperties$Resources$Cache$Cachecontrol toHttpCacheControl ()Lorg/springframework/http/CacheControl; 136 <appendix> member <vmtarget> ; # org/springframework/boot/autoconfigure/web/WebProperties$Resources$Cache$Cachecontrol$$Lambda+0x000000003d518000
instanceKlass  @bci org/springframework/boot/autoconfigure/web/WebProperties$Resources$Cache$Cachecontrol toHttpCacheControl ()Lorg/springframework/http/CacheControl; 119 <appendix> member <vmtarget> ; # org/springframework/boot/autoconfigure/web/WebProperties$Resources$Cache$Cachecontrol$$Lambda+0x000000003d517400
instanceKlass  @bci org/springframework/boot/autoconfigure/web/WebProperties$Resources$Cache$Cachecontrol toHttpCacheControl ()Lorg/springframework/http/CacheControl; 109 <appendix> member <vmtarget> ; # org/springframework/boot/autoconfigure/web/WebProperties$Resources$Cache$Cachecontrol$$Lambda+0x000000003d517c60
instanceKlass  @bci org/springframework/boot/autoconfigure/web/WebProperties$Resources$Cache$Cachecontrol toHttpCacheControl ()Lorg/springframework/http/CacheControl; 92 <appendix> member <vmtarget> ; # org/springframework/boot/autoconfigure/web/WebProperties$Resources$Cache$Cachecontrol$$Lambda+0x000000003d517a30
instanceKlass  @bci org/springframework/boot/autoconfigure/web/WebProperties$Resources$Cache$Cachecontrol toHttpCacheControl ()Lorg/springframework/http/CacheControl; 82 <appendix> member <vmtarget> ; # org/springframework/boot/autoconfigure/web/WebProperties$Resources$Cache$Cachecontrol$$Lambda+0x000000003d517800
instanceKlass  @bci org/springframework/boot/autoconfigure/web/WebProperties$Resources$Cache$Cachecontrol toHttpCacheControl ()Lorg/springframework/http/CacheControl; 65 <appendix> member <vmtarget> ; # org/springframework/boot/autoconfigure/web/WebProperties$Resources$Cache$Cachecontrol$$Lambda+0x000000003d513c90
instanceKlass  @bci org/springframework/boot/autoconfigure/web/WebProperties$Resources$Cache$Cachecontrol toHttpCacheControl ()Lorg/springframework/http/CacheControl; 55 <appendix> member <vmtarget> ; # org/springframework/boot/autoconfigure/web/WebProperties$Resources$Cache$Cachecontrol$$Lambda+0x000000003d513a60
instanceKlass  @bci org/springframework/boot/autoconfigure/web/WebProperties$Resources$Cache$Cachecontrol toHttpCacheControl ()Lorg/springframework/http/CacheControl; 38 <appendix> member <vmtarget> ; # org/springframework/boot/autoconfigure/web/WebProperties$Resources$Cache$Cachecontrol$$Lambda+0x000000003d513830
instanceKlass  @bci org/springframework/boot/autoconfigure/web/WebProperties$Resources$Cache$Cachecontrol toHttpCacheControl ()Lorg/springframework/http/CacheControl; 28 <appendix> member <vmtarget> ; # org/springframework/boot/autoconfigure/web/WebProperties$Resources$Cache$Cachecontrol$$Lambda+0x000000003d513600
instanceKlass  @bci org/springframework/boot/context/properties/PropertyMapper$Source whenTrue ()Lorg/springframework/boot/context/properties/PropertyMapper$Source; 9 <appendix> member <vmtarget> ; # org/springframework/boot/context/properties/PropertyMapper$Source$$Lambda+0x000000003d5133a0
instanceKlass  @bci org/springframework/boot/autoconfigure/web/WebProperties$Resources$Cache$Cachecontrol toHttpCacheControl ()Lorg/springframework/http/CacheControl; 11 <appendix> member <vmtarget> ; # org/springframework/boot/autoconfigure/web/WebProperties$Resources$Cache$Cachecontrol$$Lambda+0x000000003d513170
instanceKlass org/springframework/http/CacheControl
instanceKlass  @bci org/springframework/boot/webmvc/autoconfigure/WebMvcAutoConfiguration$WebMvcAutoConfigurationAdapter addResourceHandler (Lorg/springframework/web/servlet/config/annotation/ResourceHandlerRegistry;Ljava/lang/String;[Ljava/lang/String;)V 4 <appendix> member <vmtarget> ; # org/springframework/boot/webmvc/autoconfigure/WebMvcAutoConfiguration$WebMvcAutoConfigurationAdapter$$Lambda+0x000000003d512cb0
instanceKlass  @bci org/springframework/web/servlet/function/support/RouterFunctionMapping initRouterFunctions ()V 95 <appendix> argL0 ; # org/springframework/web/servlet/function/support/RouterFunctionMapping$$Lambda+0x000000003d512a60
instanceKlass  @bci org/springframework/web/servlet/function/support/RouterFunctionMapping initRouterFunctions ()V 16 <appendix> argL0 ; # org/springframework/web/servlet/function/support/RouterFunctionMapping$$Lambda+0x000000003d512818
instanceKlass org/springframework/web/servlet/function/HandlerFunction
instanceKlass org/springframework/web/servlet/function/ServerRequest
instanceKlass org/springframework/web/servlet/function/RouterFunctions$Visitor
# instanceKlass java/lang/invoke/LambdaForm$MH+0x000000003d517000
# instanceKlass java/lang/invoke/LambdaForm$MH+0x000000003d516c00
# instanceKlass java/lang/invoke/LambdaForm$MH+0x000000003d516800
# instanceKlass java/lang/invoke/LambdaForm$MH+0x000000003d516400
instanceKlass  @bci org/springframework/web/servlet/handler/AbstractHandlerMethodMapping getHandlerMethods ()Ljava/util/Map; 29 <appendix> argL0 ; # org/springframework/web/servlet/handler/AbstractHandlerMethodMapping$$Lambda+0x000000003d511fb8
instanceKlass  @bci org/springframework/web/servlet/handler/AbstractHandlerMethodMapping getHandlerMethods ()Ljava/util/Map; 24 <appendix> argL0 ; # org/springframework/web/servlet/handler/AbstractHandlerMethodMapping$$Lambda+0x000000003d511d70
instanceKlass org/springframework/expression/common/CompositeStringExpression
instanceKlass org/springframework/expression/spel/support/ReflectivePropertyAccessor$OptimalPropertyAccessor
# instanceKlass java/lang/invoke/LambdaForm$MH+0x000000003d516000
# instanceKlass java/lang/invoke/LambdaForm$MH+0x000000003d515c00
instanceKlass  @bci org/springframework/expression/spel/support/ReflectivePropertyAccessor$PropertyCacheKey equals (Ljava/lang/Object;)Z 2 <appendix> form vmentry <vmtarget> ; # java/lang/invoke/LambdaForm$MH+0x000000003d515800
instanceKlass java/lang/classfile/CodeBuilder$1
instanceKlass  @bci org/springframework/expression/spel/support/ReflectivePropertyAccessor$PropertyCacheKey equals (Ljava/lang/Object;)Z 2 <appendix> argL1 form vmentry <vmtarget> ; # java/lang/invoke/LambdaForm$MH+0x000000003d515400
instanceKlass java/lang/invoke/MethodHandleImpl$Makers$2
instanceKlass java/lang/invoke/MethodHandleImpl$Makers$1
instanceKlass java/lang/invoke/MethodHandleImpl$Makers
# instanceKlass java/lang/invoke/LambdaForm$MH+0x000000003d515000
# instanceKlass java/lang/invoke/LambdaForm$MH+0x000000003d514c00
# instanceKlass java/lang/invoke/LambdaForm$MH+0x000000003d514800
# instanceKlass java/lang/invoke/LambdaForm$MH+0x000000003d514400
instanceKlass  @bci org/springframework/core/convert/TypeDescriptor <init> (Ljava/lang/reflect/Field;)V 29 <appendix> member <vmtarget> ; # org/springframework/core/convert/TypeDescriptor$$Lambda+0x000000003d5112a0
instanceKlass  @bci org/springframework/expression/spel/support/ReflectivePropertyAccessor lambda$getSortedMethods$0 (Ljava/lang/Class;)[Ljava/lang/reflect/Method; 6 <appendix> argL0 ; # org/springframework/expression/spel/support/ReflectivePropertyAccessor$$Lambda+0x000000003d511000
instanceKlass  @bci org/springframework/expression/spel/support/ReflectivePropertyAccessor getSortedMethods (Ljava/lang/Class;)[Ljava/lang/reflect/Method; 5 <appendix> argL0 ; # org/springframework/expression/spel/support/ReflectivePropertyAccessor$$Lambda+0x000000003d510db8
instanceKlass  @bci org/springframework/expression/spel/support/ReflectivePropertyAccessor$PropertyCacheKey hashCode ()I 1 <appendix> argL1 form vmentry <vmtarget> ; # java/lang/invoke/LambdaForm$MH+0x000000003d514000
instanceKlass org/springframework/expression/spel/ast/AccessorUtils
instanceKlass org/springframework/expression/spel/ast/PropertyOrFieldReference$AccessorValueRef
instanceKlass org/springdoc/core/utils/Constants
instanceKlass org/springframework/expression/spel/ast/ValueRef
instanceKlass io/swagger/v3/core/filter/OpenAPISpecFilter
instanceKlass org/springdoc/core/customizers/OpenApiLocaleCustomizer
instanceKlass org/springdoc/core/providers/CloudFunctionProvider
instanceKlass org/springdoc/core/filters/OpenApiMethodFilter
instanceKlass org/springdoc/core/models/MethodAttributes
instanceKlass org/springdoc/core/fn/RouterFunctionData
instanceKlass org/springdoc/core/annotations/RouterOperation
instanceKlass org/springdoc/core/fn/RouterOperation
instanceKlass org/springdoc/core/fn/AbstractRouterFunctionVisitor
instanceKlass org/springdoc/core/providers/RepositoryRestResourceProvider
instanceKlass org/springframework/web/bind/annotation/RequestBody
instanceKlass org/springframework/web/servlet/handler/AbstractHandlerMethodMapping$MappingRegistration
instanceKlass java/lang/reflect/AnnotatedParameterizedType
instanceKlass org/springframework/web/bind/annotation/RequestParam
instanceKlass  @bci org/springframework/core/annotation/MergedAnnotationPredicates typeIn ([Ljava/lang/String;)Ljava/util/function/Predicate; 1 <appendix> member <vmtarget> ; # org/springframework/core/annotation/MergedAnnotationPredicates$$Lambda+0x000000003d50cb78
instanceKlass org/springframework/web/method/HandlerMethod$MethodValidationInitializer
instanceKlass  @bci org/springframework/web/cors/CorsConfiguration addAllowedOrigin (Ljava/lang/String;)V 56 <appendix> member <vmtarget> ; # org/springframework/web/cors/CorsConfiguration$$Lambda+0x000000003d50c728
instanceKlass  @bci org/springframework/web/servlet/handler/AbstractHandlerMethodMapping detectHandlerMethods (Ljava/lang/Object;)V 116 <appendix> member <vmtarget> ; # org/springframework/web/servlet/handler/AbstractHandlerMethodMapping$$Lambda+0x000000003d50c4e8
instanceKlass org/springframework/web/util/pattern/PathPattern$MatchingContext
instanceKlass org/springframework/util/UnmodifiableMultiValueMap
instanceKlass org/springframework/http/server/DefaultPathContainer$DefaultPathSegment
instanceKlass  @bci org/springframework/web/servlet/mvc/method/annotation/RequestMappingHandlerMapping createRequestMappingInfo (Ljava/lang/reflect/AnnotatedElement;)Lorg/springframework/web/servlet/mvc/method/RequestMappingInfo; 177 <appendix> argL0 ; # org/springframework/web/servlet/mvc/method/annotation/RequestMappingHandlerMapping$$Lambda+0x000000003d50ba50
instanceKlass org/springframework/web/servlet/mvc/method/RequestMappingInfo$DefaultBuilder
instanceKlass  @bci org/springframework/http/MediaType <init> (Lorg/springframework/util/MimeType;)V 10 <appendix> member <vmtarget> ; # org/springframework/http/MediaType$$Lambda+0x000000003d50acd8
instanceKlass org/springframework/util/ConcurrentLruCache$AddTask
instanceKlass org/springframework/web/servlet/mvc/condition/AbstractMediaTypeExpression
instanceKlass org/springframework/web/servlet/mvc/condition/MediaTypeExpression
instanceKlass java/util/Comparators$NullComparator
instanceKlass  @bci org/springframework/web/util/pattern/PathPattern <clinit> ()V 36 <appendix> argL0 ; # org/springframework/web/util/pattern/PathPattern$$Lambda+0x000000003d508cd8
instanceKlass  @bci org/springframework/web/util/pattern/PathPattern <clinit> ()V 26 <appendix> argL0 ; # org/springframework/web/util/pattern/PathPattern$$Lambda+0x000000003d508ab0
instanceKlass  @bci java/util/Comparator thenComparing (Ljava/util/Comparator;)Ljava/util/Comparator; 7 <appendix> member <vmtarget> ; # java/util/Comparator$$Lambda+0x000000003d3dc848
instanceKlass  @bci org/springframework/web/util/pattern/PathPattern <clinit> ()V 16 <appendix> argL0 ; # org/springframework/web/util/pattern/PathPattern$$Lambda+0x000000003d508888
instanceKlass  @bci org/springframework/web/util/pattern/PathPattern <clinit> ()V 8 <appendix> argL0 ; # org/springframework/web/util/pattern/PathPattern$$Lambda+0x000000003d508660
instanceKlass org/springframework/http/server/DefaultPathContainer$DefaultSeparator
instanceKlass org/springframework/http/server/PathContainer$Separator
instanceKlass org/springframework/http/server/PathContainer$PathSegment
instanceKlass org/springframework/http/server/PathContainer$Element
instanceKlass org/springframework/http/server/DefaultPathContainer
instanceKlass org/springframework/web/util/pattern/PathElement
instanceKlass org/springframework/web/util/pattern/InternalPathPatternParser
instanceKlass org/springframework/web/servlet/mvc/method/RequestMappingInfo$Builder
instanceKlass  @bci org/springframework/web/servlet/mvc/method/annotation/RequestMappingHandlerMapping createRequestMappingInfo (Ljava/lang/reflect/AnnotatedElement;)Lorg/springframework/web/servlet/mvc/method/RequestMappingInfo; 113 <appendix> argL0 ; # org/springframework/web/servlet/mvc/method/annotation/RequestMappingHandlerMapping$$Lambda+0x000000003d503230
instanceKlass  @bci org/springframework/web/servlet/mvc/method/annotation/RequestMappingHandlerMapping createRequestMappingInfo (Ljava/lang/reflect/AnnotatedElement;)Lorg/springframework/web/servlet/mvc/method/RequestMappingInfo; 52 <appendix> argL0 ; # org/springframework/web/servlet/mvc/method/annotation/RequestMappingHandlerMapping$$Lambda+0x000000003d502fe8
instanceKlass org/springframework/core/annotation/MergedAnnotationPredicates$FirstRunOfPredicate
instanceKlass  @bci org/springframework/web/servlet/mvc/method/annotation/RequestMappingHandlerMapping createRequestMappingInfo (Ljava/lang/reflect/AnnotatedElement;)Lorg/springframework/web/servlet/mvc/method/RequestMappingInfo; 39 <appendix> argL0 ; # org/springframework/web/servlet/mvc/method/annotation/RequestMappingHandlerMapping$$Lambda+0x000000003d502b30
instanceKlass  @bci org/springframework/core/MethodIntrospector selectMethods (Ljava/lang/Class;Lorg/springframework/core/MethodIntrospector$MetadataLookup;)Ljava/util/Map; 102 <appendix> member <vmtarget> ; # org/springframework/core/MethodIntrospector$$Lambda+0x000000003d502900
instanceKlass org/springframework/core/MethodIntrospector
instanceKlass  @bci org/springframework/web/servlet/handler/AbstractHandlerMethodMapping detectHandlerMethods (Ljava/lang/Object;)V 42 <appendix> member <vmtarget> ; # org/springframework/web/servlet/handler/AbstractHandlerMethodMapping$$Lambda+0x000000003d5024c0
instanceKlass org/springframework/core/MethodIntrospector$MetadataLookup
instanceKlass org/springframework/web/util/pattern/PathPattern
instanceKlass org/springframework/web/servlet/mvc/condition/AbstractRequestCondition
instanceKlass org/springframework/web/servlet/mvc/method/annotation/RequestMappingHandlerMapping$AnnotationDescriptor
instanceKlass org/springframework/web/service/annotation/HttpExchange
instanceKlass org/springframework/web/servlet/mvc/method/RequestMappingInfo
instanceKlass org/springframework/web/servlet/mvc/condition/RequestCondition
instanceKlass org/springframework/web/servlet/mvc/method/RequestMappingInfo$BuilderConfiguration
instanceKlass org/springframework/web/servlet/mvc/method/RequestMappingInfoHandlerMethodMappingNamingStrategy
instanceKlass org/springframework/web/servlet/handler/AbstractHandlerMethodMapping$MappingRegistry
instanceKlass org/springframework/http/HttpHeaders
instanceKlass org/springframework/web/servlet/mvc/method/RequestMappingInfoHandlerMapping$HttpOptionsHandler
instanceKlass  @bci org/springframework/web/cors/CorsConfiguration addAllowedOriginPattern (Ljava/lang/String;)V 26 <appendix> member <vmtarget> ; # org/springframework/web/cors/CorsConfiguration$$Lambda+0x000000003d505a18
instanceKlass org/springframework/web/cors/CorsConfiguration$OriginPattern
instanceKlass  @bci org/springframework/core/annotation/AnnotatedElementUtils findMergedAnnotation (Ljava/lang/reflect/AnnotatedElement;Ljava/lang/Class;)Ljava/lang/annotation/Annotation; 41 <appendix> argL0 ; # org/springframework/core/annotation/AnnotatedElementUtils$$Lambda+0x000000003d505398
instanceKlass  @bci org/springframework/core/annotation/AnnotatedMethod getMethodAnnotation (Ljava/lang/Class;)Ljava/lang/annotation/Annotation; 7 <appendix> member <vmtarget> ; # org/springframework/core/annotation/AnnotatedMethod$$Lambda+0x000000003d505148
instanceKlass org/springframework/web/servlet/handler/AbstractHandlerMethodMapping$EmptyHandler
instanceKlass org/springframework/web/servlet/handler/HandlerMethodMappingNamingStrategy
# instanceKlass java/lang/invoke/LambdaForm$MH+0x000000003d500400
# instanceKlass java/lang/invoke/LambdaForm$MH+0x000000003d500000
# instanceKlass java/lang/invoke/LambdaForm$MH+0x000000003d4fcc00
# instanceKlass java/lang/invoke/LambdaForm$MH+0x000000003d4fc800
# instanceKlass java/lang/invoke/LambdaForm$MH+0x000000003d4fc400
instanceKlass org/jspecify/annotations/Nullable
instanceKlass sun/reflect/annotation/TypeAnnotation$TypeAnnotationTargetInfo
instanceKlass sun/reflect/annotation/TypeAnnotation$LocationInfo$Location
instanceKlass sun/reflect/annotation/TypeAnnotation$LocationInfo
instanceKlass sun/reflect/annotation/AnnotatedTypeFactory$AnnotatedTypeBaseImpl
instanceKlass sun/reflect/annotation/AnnotatedTypeFactory
instanceKlass sun/reflect/annotation/TypeAnnotation
instanceKlass sun/reflect/annotation/TypeAnnotationParser
instanceKlass  @bci org/springframework/boot/webmvc/autoconfigure/WebMvcAutoConfiguration$WebMvcAutoConfigurationAdapter configureApiVersioning (Lorg/springframework/web/servlet/config/annotation/ApiVersionConfigurer;)V 191 <appendix> member <vmtarget> ; # org/springframework/boot/webmvc/autoconfigure/WebMvcAutoConfiguration$WebMvcAutoConfigurationAdapter$$Lambda+0x000000003d4fed70
instanceKlass  @bci org/springframework/boot/webmvc/autoconfigure/WebMvcAutoConfiguration$WebMvcAutoConfigurationAdapter configureApiVersioning (Lorg/springframework/web/servlet/config/annotation/ApiVersionConfigurer;)V 171 <appendix> member <vmtarget> ; # org/springframework/boot/webmvc/autoconfigure/WebMvcAutoConfiguration$WebMvcAutoConfigurationAdapter$$Lambda+0x000000003d4feb30
instanceKlass  @bci org/springframework/boot/webmvc/autoconfigure/WebMvcAutoConfiguration$WebMvcAutoConfigurationAdapter configureApiVersioning (Lorg/springframework/web/servlet/config/annotation/ApiVersionConfigurer;)V 151 <appendix> member <vmtarget> ; # org/springframework/boot/webmvc/autoconfigure/WebMvcAutoConfiguration$WebMvcAutoConfigurationAdapter$$Lambda+0x000000003d4fe8f0
instanceKlass  @bci org/springframework/boot/webmvc/autoconfigure/WebMvcAutoConfiguration$WebMvcAutoConfigurationAdapter configureApiVersioningUse (Lorg/springframework/web/servlet/config/annotation/ApiVersionConfigurer;Lorg/springframework/boot/webmvc/autoconfigure/WebMvcProperties$Apiversion$Use;)V 109 <appendix> member <vmtarget> ; # org/springframework/boot/webmvc/autoconfigure/WebMvcAutoConfiguration$WebMvcAutoConfigurationAdapter$$Lambda+0x000000003d4fe6b0
instanceKlass  @bci org/springframework/boot/webmvc/autoconfigure/WebMvcAutoConfiguration$WebMvcAutoConfigurationAdapter configureApiVersioningUse (Lorg/springframework/web/servlet/config/annotation/ApiVersionConfigurer;Lorg/springframework/boot/webmvc/autoconfigure/WebMvcProperties$Apiversion$Use;)V 95 <appendix> member <vmtarget> ; # org/springframework/boot/webmvc/autoconfigure/WebMvcAutoConfiguration$WebMvcAutoConfigurationAdapter$$Lambda+0x000000003d4fe480
instanceKlass  @bci org/springframework/boot/webmvc/autoconfigure/WebMvcAutoConfiguration$WebMvcAutoConfigurationAdapter configureApiVersioningUse (Lorg/springframework/web/servlet/config/annotation/ApiVersionConfigurer;Lorg/springframework/boot/webmvc/autoconfigure/WebMvcProperties$Apiversion$Use;)V 78 <appendix> member <vmtarget> ; # org/springframework/boot/webmvc/autoconfigure/WebMvcAutoConfiguration$WebMvcAutoConfigurationAdapter$$Lambda+0x000000003d4fe240
instanceKlass  @bci org/springframework/boot/webmvc/autoconfigure/WebMvcAutoConfiguration$WebMvcAutoConfigurationAdapter configureApiVersioningUse (Lorg/springframework/web/servlet/config/annotation/ApiVersionConfigurer;Lorg/springframework/boot/webmvc/autoconfigure/WebMvcProperties$Apiversion$Use;)V 60 <appendix> member <vmtarget> ; # org/springframework/boot/webmvc/autoconfigure/WebMvcAutoConfiguration$WebMvcAutoConfigurationAdapter$$Lambda+0x000000003d4fe000
instanceKlass  @bci org/springframework/boot/webmvc/autoconfigure/WebMvcAutoConfiguration$WebMvcAutoConfigurationAdapter configureApiVersioningUse (Lorg/springframework/web/servlet/config/annotation/ApiVersionConfigurer;Lorg/springframework/boot/webmvc/autoconfigure/WebMvcProperties$Apiversion$Use;)V 43 <appendix> member <vmtarget> ; # org/springframework/boot/webmvc/autoconfigure/WebMvcAutoConfiguration$WebMvcAutoConfigurationAdapter$$Lambda+0x000000003d4fbce0
instanceKlass  @bci org/springframework/boot/webmvc/autoconfigure/WebMvcAutoConfiguration$WebMvcAutoConfigurationAdapter configureApiVersioningUse (Lorg/springframework/web/servlet/config/annotation/ApiVersionConfigurer;Lorg/springframework/boot/webmvc/autoconfigure/WebMvcProperties$Apiversion$Use;)V 28 <appendix> member <vmtarget> ; # org/springframework/boot/webmvc/autoconfigure/WebMvcAutoConfiguration$WebMvcAutoConfigurationAdapter$$Lambda+0x000000003d4fbaa0
instanceKlass  @bci org/springframework/boot/webmvc/autoconfigure/WebMvcAutoConfiguration$WebMvcAutoConfigurationAdapter configureApiVersioningUse (Lorg/springframework/web/servlet/config/annotation/ApiVersionConfigurer;Lorg/springframework/boot/webmvc/autoconfigure/WebMvcProperties$Apiversion$Use;)V 11 <appendix> member <vmtarget> ; # org/springframework/boot/webmvc/autoconfigure/WebMvcAutoConfiguration$WebMvcAutoConfigurationAdapter$$Lambda+0x000000003d4fb870
instanceKlass  @bci org/springframework/boot/webmvc/autoconfigure/WebMvcAutoConfiguration$WebMvcAutoConfigurationAdapter configureApiVersioning (Lorg/springframework/web/servlet/config/annotation/ApiVersionConfigurer;)V 115 <appendix> member <vmtarget> ; # org/springframework/boot/webmvc/autoconfigure/WebMvcAutoConfiguration$WebMvcAutoConfigurationAdapter$$Lambda+0x000000003d4fb630
instanceKlass  @bci org/springframework/boot/webmvc/autoconfigure/WebMvcAutoConfiguration$WebMvcAutoConfigurationAdapter configureApiVersioning (Lorg/springframework/web/servlet/config/annotation/ApiVersionConfigurer;)V 101 <appendix> member <vmtarget> ; # org/springframework/boot/webmvc/autoconfigure/WebMvcAutoConfiguration$WebMvcAutoConfigurationAdapter$$Lambda+0x000000003d4fb400
instanceKlass  @bci org/springframework/boot/webmvc/autoconfigure/WebMvcAutoConfiguration$WebMvcAutoConfigurationAdapter configureApiVersioning (Lorg/springframework/web/servlet/config/annotation/ApiVersionConfigurer;)V 86 <appendix> member <vmtarget> ; # org/springframework/boot/webmvc/autoconfigure/WebMvcAutoConfiguration$WebMvcAutoConfigurationAdapter$$Lambda+0x000000003d4fb1c0
instanceKlass  @bci org/springframework/boot/webmvc/autoconfigure/WebMvcAutoConfiguration$WebMvcAutoConfigurationAdapter configureApiVersioning (Lorg/springframework/web/servlet/config/annotation/ApiVersionConfigurer;)V 77 <appendix> member <vmtarget> ; # org/springframework/boot/webmvc/autoconfigure/WebMvcAutoConfiguration$WebMvcAutoConfigurationAdapter$$Lambda+0x000000003d4faf90
instanceKlass  @bci org/springframework/boot/webmvc/autoconfigure/WebMvcAutoConfiguration$WebMvcAutoConfigurationAdapter configureApiVersioning (Lorg/springframework/web/servlet/config/annotation/ApiVersionConfigurer;)V 62 <appendix> member <vmtarget> ; # org/springframework/boot/webmvc/autoconfigure/WebMvcAutoConfiguration$WebMvcAutoConfigurationAdapter$$Lambda+0x000000003d4fad50
instanceKlass  @bci org/springframework/boot/webmvc/autoconfigure/WebMvcAutoConfiguration$WebMvcAutoConfigurationAdapter configureApiVersioning (Lorg/springframework/web/servlet/config/annotation/ApiVersionConfigurer;)V 48 <appendix> member <vmtarget> ; # org/springframework/boot/webmvc/autoconfigure/WebMvcAutoConfiguration$WebMvcAutoConfigurationAdapter$$Lambda+0x000000003d4fab20
instanceKlass  @bci org/springframework/boot/webmvc/autoconfigure/WebMvcAutoConfiguration$WebMvcAutoConfigurationAdapter configureApiVersioning (Lorg/springframework/web/servlet/config/annotation/ApiVersionConfigurer;)V 33 <appendix> member <vmtarget> ; # org/springframework/boot/webmvc/autoconfigure/WebMvcAutoConfiguration$WebMvcAutoConfigurationAdapter$$Lambda+0x000000003d4fa8e0
instanceKlass  @cpi org/springframework/boot/webmvc/autoconfigure/WebMvcAutoConfiguration$WebMvcAutoConfigurationAdapter 756 form vmentry <vmtarget> ; # java/lang/invoke/LambdaForm$DMH+0x000000003d4fc000
instanceKlass  @bci org/springframework/boot/webmvc/autoconfigure/WebMvcAutoConfiguration$WebMvcAutoConfigurationAdapter configureApiVersioning (Lorg/springframework/web/servlet/config/annotation/ApiVersionConfigurer;)V 19 <appendix> member <vmtarget> ; # org/springframework/boot/webmvc/autoconfigure/WebMvcAutoConfiguration$WebMvcAutoConfigurationAdapter$$Lambda+0x000000003d4fa6b0
instanceKlass org/springframework/web/context/request/NativeWebRequest
instanceKlass  @bci org/springframework/web/accept/MappingMediaTypeFileExtensionResolver addFileExtension (Lorg/springframework/http/MediaType;Ljava/lang/String;)V 5 <appendix> argL0 ; # org/springframework/web/accept/MappingMediaTypeFileExtensionResolver$$Lambda+0x000000003d4fa260
instanceKlass  @bci org/springframework/web/accept/MappingMediaTypeFileExtensionResolver <init> (Ljava/util/Map;)V 58 <appendix> member <vmtarget> ; # org/springframework/web/accept/MappingMediaTypeFileExtensionResolver$$Lambda+0x000000003d4fa020
instanceKlass org/springframework/web/accept/MappingMediaTypeFileExtensionResolver
instanceKlass org/springframework/web/accept/HeaderContentNegotiationStrategy
instanceKlass  @bci org/springframework/web/accept/ContentNegotiationManagerFactoryBean addMediaTypes (Ljava/util/Map;)V 6 <appendix> member <vmtarget> ; # org/springframework/web/accept/ContentNegotiationManagerFactoryBean$$Lambda+0x000000003d4f9748
instanceKlass  @bci org/springframework/boot/webmvc/autoconfigure/WebMvcAutoConfiguration$WebMvcAutoConfigurationAdapter configureContentNegotiation (Lorg/springframework/web/servlet/config/annotation/ContentNegotiationConfigurer;)V 45 <appendix> member <vmtarget> ; # org/springframework/boot/webmvc/autoconfigure/WebMvcAutoConfiguration$WebMvcAutoConfigurationAdapter$$Lambda+0x000000003d4f9508
instanceKlass  @bci org/springframework/web/servlet/config/annotation/WebMvcConfigurationSupport getDefaultMediaTypes ()Ljava/util/Map; 20 <appendix> argL0 ; # org/springframework/web/servlet/config/annotation/WebMvcConfigurationSupport$$Lambda+0x000000003d4f92c0
instanceKlass  @bci org/springframework/web/servlet/config/annotation/WebMvcConfigurationSupport addDefaultHttpMessageConverters (Ljava/util/List;)V 12 <appendix> member <vmtarget> ; # org/springframework/web/servlet/config/annotation/WebMvcConfigurationSupport$$Lambda+0x000000003d4f9080
instanceKlass  @bci org/springframework/boot/http/converter/autoconfigure/DefaultServerHttpMessageConvertersCustomizer customize (Lorg/springframework/http/converter/HttpMessageConverters$ServerBuilder;)V 40 <appendix> member <vmtarget> ; # org/springframework/boot/http/converter/autoconfigure/DefaultServerHttpMessageConvertersCustomizer$$Lambda+0x000000003d4f8ae0
instanceKlass  @bci org/springframework/boot/webmvc/autoconfigure/WebMvcAutoConfiguration$WebMvcAutoConfigurationAdapter configureMessageConverters (Lorg/springframework/http/converter/HttpMessageConverters$ServerBuilder;)V 10 <appendix> member <vmtarget> ; # org/springframework/boot/webmvc/autoconfigure/WebMvcAutoConfiguration$WebMvcAutoConfigurationAdapter$$Lambda+0x000000003d4f88a0
instanceKlass org/springframework/boot/http/converter/autoconfigure/DefaultServerHttpMessageConvertersCustomizer
instanceKlass org/springframework/boot/http/converter/autoconfigure/HttpMessageConverters
instanceKlass org/springframework/web/accept/ContentNegotiationManagerFactoryBean
instanceKlass  @bci org/springframework/core/annotation/AnnotationUtils getAnnotationAttributes (Ljava/lang/reflect/AnnotatedElement;Ljava/lang/annotation/Annotation;ZZ)Lorg/springframework/core/annotation/AnnotationAttributes; 17 <appendix> argL0 ; # org/springframework/core/annotation/AnnotationUtils$$Lambda+0x000000003d4f0c80
instanceKlass  @bci org/springframework/core/annotation/TypeMappedAnnotation from (Ljava/lang/Object;Ljava/lang/annotation/Annotation;)Lorg/springframework/core/annotation/MergedAnnotation; 29 <appendix> argL0 ; # org/springframework/core/annotation/TypeMappedAnnotation$$Lambda+0x000000003d4f0a58
instanceKlass  @bci org/springframework/core/annotation/AnnotationUtils getAnnotation (Ljava/lang/reflect/AnnotatedElement;Ljava/lang/Class;)Ljava/lang/annotation/Annotation; 48 <appendix> argL0 ; # org/springframework/core/annotation/AnnotationUtils$$Lambda+0x000000003d4f0800
instanceKlass jakarta/validation/spi/ValidationProvider
instanceKlass jakarta/validation/Validation$GetValidationProviderListAction
instanceKlass jakarta/validation/Validation$DefaultValidationProviderResolver
instanceKlass jakarta/validation/Validation$GenericBootstrapImpl
instanceKlass jakarta/validation/spi/BootstrapState
instanceKlass jakarta/validation/bootstrap/ProviderSpecificBootstrap
instanceKlass jakarta/validation/Validation
instanceKlass jakarta/validation/executable/ExecutableValidator
instanceKlass jakarta/validation/metadata/BeanDescriptor
instanceKlass jakarta/validation/metadata/ElementDescriptor
instanceKlass jakarta/validation/ConstraintViolation
instanceKlass jakarta/validation/metadata/ConstraintDescriptor
instanceKlass jakarta/validation/ValidationProviderResolver
instanceKlass jakarta/validation/ClockProvider
instanceKlass jakarta/validation/ValidatorContext
instanceKlass jakarta/validation/Configuration
instanceKlass jakarta/validation/TraversableResolver
instanceKlass jakarta/validation/ParameterNameProvider
instanceKlass jakarta/validation/ConstraintValidatorFactory
instanceKlass jakarta/validation/MessageInterpolator
instanceKlass org/springframework/context/support/DefaultMessageSourceResolvable
instanceKlass org/springframework/context/MessageSourceResolvable
instanceKlass org/springframework/validation/beanvalidation/SpringValidatorAdapter
instanceKlass org/springframework/validation/SmartValidator
instanceKlass org/springframework/web/servlet/view/DefaultRequestToViewNameTranslator
instanceKlass org/springframework/web/servlet/support/AbstractFlashMapManager
instanceKlass org/springframework/web/servlet/i18n/AbstractLocaleResolver
instanceKlass  @bci org/springframework/boot/webmvc/autoconfigure/WebMvcAutoConfiguration$EnableWebMvcConfiguration welcomePageNotAcceptableHandlerMapping (Lorg/springframework/context/ApplicationContext;Lorg/springframework/format/support/FormattingConversionService;Lorg/springframework/web/servlet/resource/ResourceUrlProvider;)Lorg/springframework/boot/webmvc/autoconfigure/WelcomePageNotAcceptableHandlerMapping; 4 <appendix> argL0 ; # org/springframework/boot/webmvc/autoconfigure/WebMvcAutoConfiguration$EnableWebMvcConfiguration$$Lambda+0x000000003d4f4b60
instanceKlass org/springframework/web/servlet/handler/MappedInterceptor
instanceKlass org/springframework/web/accept/ApiVersionHolder
instanceKlass org/springframework/web/cors/CorsConfiguration
instanceKlass io/micrometer/observation/transport/ResponseContext
instanceKlass org/springframework/http/server/RequestPath
instanceKlass org/springframework/web/servlet/handler/RequestMatchResult
instanceKlass  @bci org/springframework/web/servlet/config/annotation/InterceptorRegistry lambda$static$0 (Ljava/lang/Object;)Ljava/lang/Object; 18 <appendix> member <vmtarget> ; # org/springframework/web/servlet/config/annotation/InterceptorRegistry$$Lambda+0x000000003d4eebb8
instanceKlass  @bci org/springframework/web/servlet/config/annotation/InterceptorRegistry getInterceptors ()Ljava/util/List; 17 <appendix> argL0 ; # org/springframework/web/servlet/config/annotation/InterceptorRegistry$$Lambda+0x000000003d4ee970
instanceKlass org/springframework/web/servlet/resource/ResourceUrlProviderExposingInterceptor
instanceKlass org/springframework/web/servlet/config/annotation/InterceptorRegistration
instanceKlass org/springframework/web/servlet/handler/ConversionServiceExposingInterceptor
instanceKlass  @bci org/springframework/web/servlet/config/annotation/InterceptorRegistry <clinit> ()V 3 <appendix> argL0 ; # org/springframework/web/servlet/config/annotation/InterceptorRegistry$$Lambda+0x000000003d4edaa8
instanceKlass org/springframework/boot/webmvc/autoconfigure/WelcomePage
instanceKlass org/springframework/http/server/ServerHttpResponse
instanceKlass org/springframework/web/cors/DefaultCorsProcessor
instanceKlass org/springframework/http/server/PathContainer$Options
instanceKlass  @bci org/springframework/boot/webmvc/autoconfigure/WebMvcAutoConfiguration$EnableWebMvcConfiguration welcomePageHandlerMapping (Lorg/springframework/context/ApplicationContext;Lorg/springframework/format/support/FormattingConversionService;Lorg/springframework/web/servlet/resource/ResourceUrlProvider;)Lorg/springframework/boot/webmvc/autoconfigure/WelcomePageHandlerMapping; 4 <appendix> argL0 ; # org/springframework/boot/webmvc/autoconfigure/WebMvcAutoConfiguration$EnableWebMvcConfiguration$$Lambda+0x000000003d4ecda0
instanceKlass org/springframework/http/server/PathContainer
instanceKlass org/springframework/web/cors/CorsProcessor
# instanceKlass java/lang/invoke/LambdaForm$MH+0x000000003d4f0000
# instanceKlass java/lang/invoke/LambdaForm$MH+0x000000003d4ebc00
# instanceKlass java/lang/invoke/LambdaForm$MH+0x000000003d4eb800
# instanceKlass java/lang/invoke/LambdaForm$MH+0x000000003d4eb400
instanceKlass org/springframework/boot/autoconfigure/web/format/DateTimeFormatters
# instanceKlass java/lang/invoke/LambdaForm$MH+0x000000003d4eb000
# instanceKlass java/lang/invoke/LambdaForm$MH+0x000000003d4eac00
# instanceKlass java/lang/invoke/LambdaForm$MH+0x000000003d4ea800
# instanceKlass java/lang/invoke/LambdaForm$MH+0x000000003d4ea400
# instanceKlass java/lang/invoke/LambdaForm$MH+0x000000003d4ea000
instanceKlass org/springframework/lang/Nullable
instanceKlass org/springframework/web/servlet/resource/ResourceResolverChain
instanceKlass org/springframework/web/servlet/resource/ResourceTransformerChain
instanceKlass org/springdoc/ui/AbstractSwaggerIndexTransformer
# instanceKlass java/lang/invoke/LambdaForm$MH+0x000000003d4e9c00
# instanceKlass java/lang/invoke/LambdaForm$MH+0x000000003d4e9800
# instanceKlass java/lang/invoke/LambdaForm$MH+0x000000003d4e9400
# instanceKlass java/lang/invoke/LambdaForm$MH+0x000000003d4e9000
# instanceKlass java/lang/invoke/LambdaForm$MH+0x000000003d4e8c00
# instanceKlass java/lang/invoke/LambdaForm$MH+0x000000003d4e8800
# instanceKlass java/lang/invoke/LambdaForm$MH+0x000000003d4e8400
# instanceKlass java/lang/invoke/LambdaForm$DMH+0x000000003d4e8000
instanceKlass io/swagger/v3/core/util/Yaml
instanceKlass io/swagger/v3/core/jackson/mixin/DiscriminatorMixin
instanceKlass io/swagger/v3/oas/models/media/Discriminator
instanceKlass io/swagger/v3/core/jackson/mixin/OpenAPIMixin
instanceKlass io/swagger/v3/core/jackson/mixin/LicenseMixin
instanceKlass io/swagger/v3/oas/models/info/License
instanceKlass io/swagger/v3/core/jackson/mixin/InfoMixin
instanceKlass io/swagger/v3/oas/models/info/Info
instanceKlass io/swagger/v3/core/jackson/mixin/ComponentsMixin
instanceKlass io/swagger/v3/oas/models/Components
instanceKlass io/swagger/v3/core/jackson/mixin/DateSchemaMixin
instanceKlass io/swagger/v3/core/jackson/mixin/SchemaMixin
instanceKlass io/swagger/v3/oas/models/headers/Header
instanceKlass io/swagger/v3/oas/models/parameters/RequestBody
instanceKlass io/swagger/v3/oas/models/responses/ApiResponse
instanceKlass io/swagger/v3/oas/models/media/XML
instanceKlass io/swagger/v3/oas/models/tags/Tag
instanceKlass io/swagger/v3/oas/models/servers/ServerVariable
instanceKlass io/swagger/v3/oas/models/servers/Server
instanceKlass io/swagger/v3/oas/models/PathItem
instanceKlass io/swagger/v3/core/jackson/mixin/OperationMixin
instanceKlass io/swagger/v3/oas/models/Operation
instanceKlass io/swagger/v3/oas/models/security/OAuthFlows
instanceKlass io/swagger/v3/oas/models/security/OAuthFlow
instanceKlass io/swagger/v3/core/jackson/mixin/MediaTypeMixin
instanceKlass io/swagger/v3/oas/models/media/MediaType
instanceKlass io/swagger/v3/oas/models/links/LinkParameter
instanceKlass io/swagger/v3/oas/models/links/Link
instanceKlass io/swagger/v3/oas/models/ExternalDocumentation
instanceKlass io/swagger/v3/core/jackson/mixin/ExampleMixin
instanceKlass io/swagger/v3/oas/models/examples/Example
instanceKlass io/swagger/v3/oas/models/media/EncodingProperty
instanceKlass io/swagger/v3/oas/models/media/Encoding
instanceKlass io/swagger/v3/oas/models/info/Contact
instanceKlass io/swagger/v3/core/jackson/mixin/ExtensionsMixin
instanceKlass io/swagger/v3/oas/models/security/SecurityScheme
instanceKlass io/swagger/v3/oas/models/parameters/Parameter
instanceKlass io/swagger/v3/core/util/Json
instanceKlass org/springdoc/core/converters/ConverterUtils
instanceKlass org/springframework/web/context/request/async/DeferredResult
instanceKlass io/swagger/v3/oas/annotations/security/SecurityRequirements
instanceKlass io/swagger/v3/oas/annotations/responses/ApiResponses
instanceKlass io/swagger/v3/oas/annotations/servers/Servers
instanceKlass io/swagger/v3/oas/annotations/servers/ServerVariable
instanceKlass io/swagger/v3/oas/annotations/links/LinkParameter
instanceKlass io/swagger/v3/oas/annotations/links/Link
instanceKlass io/swagger/v3/oas/annotations/Parameters
instanceKlass io/swagger/v3/oas/annotations/media/SchemaProperties
instanceKlass io/swagger/v3/oas/annotations/headers/Header
instanceKlass io/swagger/v3/oas/annotations/media/DependentSchemas
instanceKlass io/swagger/v3/oas/annotations/media/DependentSchema
instanceKlass io/swagger/v3/oas/annotations/media/SchemaProperty
instanceKlass io/swagger/v3/oas/annotations/media/Encoding
instanceKlass io/swagger/v3/oas/annotations/media/DependentRequiredMap
instanceKlass io/swagger/v3/oas/annotations/OpenAPI31
instanceKlass io/swagger/v3/oas/annotations/media/DependentRequired
instanceKlass io/swagger/v3/oas/annotations/media/DiscriminatorMapping
instanceKlass io/swagger/v3/oas/annotations/StringToClassMapItem
instanceKlass io/swagger/v3/oas/annotations/media/ExampleObject
instanceKlass io/swagger/v3/oas/annotations/media/Schema
instanceKlass io/swagger/v3/oas/annotations/media/ArraySchema
instanceKlass io/swagger/v3/oas/annotations/extensions/Extensions
instanceKlass io/swagger/v3/oas/annotations/extensions/ExtensionProperty
# instanceKlass java/lang/invoke/LambdaForm$MH+0x000000003d4d1400
instanceKlass org/springframework/web/bind/annotation/GetMapping
instanceKlass io/swagger/v3/oas/annotations/media/Content
instanceKlass io/swagger/v3/oas/annotations/parameters/RequestBody
instanceKlass io/swagger/v3/oas/annotations/ExternalDocumentation
instanceKlass io/swagger/v3/oas/annotations/responses/ApiResponse
instanceKlass io/swagger/v3/oas/annotations/servers/Server
instanceKlass io/swagger/v3/oas/annotations/security/SecurityRequirement
instanceKlass io/swagger/v3/oas/annotations/extensions/Extension
instanceKlass io/swagger/v3/oas/annotations/Parameter
instanceKlass io/swagger/v3/oas/annotations/Operation
# instanceKlass java/lang/invoke/LambdaForm$MH+0x000000003d4d1000
# instanceKlass java/lang/invoke/LambdaForm$MH+0x000000003d4d0c00
# instanceKlass java/lang/invoke/LambdaForm$MH+0x000000003d4d0800
# instanceKlass java/lang/invoke/LambdaForm$MH+0x000000003d4d0400
# instanceKlass java/lang/invoke/LambdaForm$MH+0x000000003d4d0000
# instanceKlass java/lang/invoke/LambdaForm$MH+0x000000003d4cbc00
instanceKlass org/springframework/core/annotation/AnnotatedMethod
instanceKlass org/springframework/web/servlet/mvc/method/annotation/ResponseEntityExceptionHandler
instanceKlass org/springdoc/core/utils/SpringDocUtils
instanceKlass org/springdoc/core/properties/SpringDocConfigProperties$ModelConverters$PolymorphicConverter
instanceKlass org/springdoc/core/properties/SpringDocConfigProperties$ModelConverters$PageableConverter
instanceKlass org/springdoc/core/properties/SpringDocConfigProperties$ModelConverters$DeprecatingConverter
instanceKlass org/springdoc/core/properties/SpringDocConfigProperties$Groups
instanceKlass org/apache/commons/lang3/StringUtils
instanceKlass org/springdoc/core/properties/SwaggerUiConfigProperties$SyntaxHighlight
instanceKlass org/springdoc/core/properties/SwaggerUiConfigProperties$Csrf
instanceKlass org/springdoc/core/properties/AbstractSwaggerUiConfigProperties$SwaggerUrl
instanceKlass org/springdoc/core/providers/ActuatorProvider
# instanceKlass java/lang/invoke/LambdaForm$MH+0x000000003d4cb800
instanceKlass java/lang/invoke/MethodHandle$1
# instanceKlass java/lang/invoke/LambdaForm$MH+0x000000003d4cb400
# instanceKlass java/lang/invoke/LambdaForm$MH+0x000000003d4cb000
# instanceKlass java/lang/invoke/LambdaForm$MH+0x000000003d4cac00
# instanceKlass java/lang/invoke/LambdaForm$MH+0x000000003d4ca800
# instanceKlass java/lang/invoke/LambdaForm$MH+0x000000003d4ca400
# instanceKlass java/lang/invoke/LambdaForm$DMH+0x000000003d4ca000
instanceKlass org/springframework/web/accept/ApiVersionDeprecationHandler
instanceKlass org/springframework/web/accept/ApiVersionParser
instanceKlass org/springframework/web/servlet/config/annotation/WebMvcConfigurerComposite
# instanceKlass java/lang/invoke/LambdaForm$MH+0x000000003d4c9c00
# instanceKlass java/lang/invoke/LambdaForm$MH+0x000000003d4c9800
# instanceKlass java/lang/invoke/LambdaForm$MH+0x000000003d4c9400
# instanceKlass java/lang/invoke/LambdaForm$MH+0x000000003d4c9000
# instanceKlass java/lang/invoke/LambdaForm$MH+0x000000003d4c8c00
instanceKlass org/springframework/boot/webmvc/autoconfigure/WebMvcAutoConfiguration$ResourceHandlerRegistrationCustomizer
instanceKlass org/springframework/boot/webmvc/autoconfigure/WebMvcRegistrations
instanceKlass org/springframework/http/HttpEntity
# instanceKlass java/lang/invoke/LambdaForm$MH+0x000000003d4c8800
# instanceKlass java/lang/invoke/LambdaForm$MH+0x000000003d4c8400
# instanceKlass java/lang/invoke/LambdaForm$MH+0x000000003d4c8000
instanceKlass org/springframework/boot/web/error/ErrorAttributeOptions
instanceKlass org/springframework/validation/BindingResult
instanceKlass org/springframework/validation/method/MethodValidationResult
instanceKlass org/springframework/context/support/MessageSourceAccessor
instanceKlass org/springframework/boot/webmvc/autoconfigure/error/ErrorMvcAutoConfiguration$StaticView
instanceKlass org/springframework/aop/interceptor/AsyncUncaughtExceptionHandler
instanceKlass  @bci org/springframework/boot/task/SimpleAsyncTaskExecutorBuilder append (Ljava/util/Set;Ljava/lang/Iterable;)Ljava/util/Set; 26 <appendix> member <vmtarget> ; # org/springframework/boot/task/SimpleAsyncTaskExecutorBuilder$$Lambda+0x000000003d4c4580
instanceKlass  @bci org/springframework/boot/autoconfigure/task/TaskExecutorConfigurations$SimpleAsyncTaskExecutorBuilderConfiguration builder ()Lorg/springframework/boot/task/SimpleAsyncTaskExecutorBuilder; 35 <appendix> member <vmtarget> ; # org/springframework/boot/autoconfigure/task/TaskExecutorConfigurations$SimpleAsyncTaskExecutorBuilderConfiguration$$Lambda+0x000000003d4c4330
# instanceKlass java/lang/invoke/LambdaForm$MH+0x000000003d4b9c00
instanceKlass org/springframework/boot/task/SimpleAsyncTaskExecutorCustomizer
instanceKlass  @bci org/springframework/boot/http/codec/autoconfigure/CodecsAutoConfiguration$JacksonJsonCodecConfiguration jacksonCodecCustomizer (Ltools/jackson/databind/json/JsonMapper;)Lorg/springframework/boot/http/codec/CodecCustomizer; 1 <appendix> member <vmtarget> ; # org/springframework/boot/http/codec/autoconfigure/CodecsAutoConfiguration$JacksonJsonCodecConfiguration$$Lambda+0x000000003d4c3ef8
instanceKlass tools/jackson/databind/jsonFormatVisitors/JsonFormatVisitorWrapper
instanceKlass tools/jackson/databind/jsonFormatVisitors/WithSettableSerializationContext
instanceKlass tools/jackson/databind/jsonFormatVisitors/WithGettableSerializationContext
instanceKlass tools/jackson/databind/MappingIterator
instanceKlass tools/jackson/core/type/TypeReference
instanceKlass tools/jackson/databind/ObjectWriter
instanceKlass tools/jackson/core/io/CharacterEscapes
instanceKlass tools/jackson/core/FormatSchema
instanceKlass tools/jackson/databind/ObjectReader
instanceKlass  @bci tools/jackson/databind/cfg/MapperBuilder saveStateApplyModules ()Ltools/jackson/databind/cfg/MapperBuilderState; 44 <appendix> member <vmtarget> ; # tools/jackson/databind/cfg/MapperBuilder$$Lambda+0x000000003d4bba68
instanceKlass tools/jackson/databind/util/LinkedNode
instanceKlass tools/jackson/databind/InjectableValues
instanceKlass tools/jackson/databind/cfg/HandlerInstantiator
instanceKlass tools/jackson/databind/type/TypeModifier
instanceKlass tools/jackson/databind/EnumNamingStrategy
instanceKlass tools/jackson/databind/deser/DeserializationProblemHandler
instanceKlass  @bci org/springframework/boot/jackson/autoconfigure/JacksonAutoConfiguration$JacksonJsonMapperBuilderCustomizerConfiguration$StandardJsonMapperBuilderCustomizer customize (Ltools/jackson/databind/json/JsonMapper$Builder;)V 49 <appendix> member <vmtarget> ; # org/springframework/boot/jackson/autoconfigure/JacksonAutoConfiguration$JacksonJsonMapperBuilderCustomizerConfiguration$StandardJsonMapperBuilderCustomizer$$Lambda+0x000000003d4ba240
instanceKlass  @bci org/springframework/boot/jackson/autoconfigure/JacksonAutoConfiguration$JacksonJsonMapperBuilderCustomizerConfiguration$StandardJsonMapperBuilderCustomizer customize (Ltools/jackson/databind/json/JsonMapper$Builder;)V 23 <appendix> member <vmtarget> ; # org/springframework/boot/jackson/autoconfigure/JacksonAutoConfiguration$JacksonJsonMapperBuilderCustomizerConfiguration$StandardJsonMapperBuilderCustomizer$$Lambda+0x000000003d4ba000
instanceKlass tools/jackson/databind/cfg/ConstructorDetector
instanceKlass org/springframework/boot/jackson/autoconfigure/JacksonAutoConfiguration$1
instanceKlass  @bci org/springframework/boot/jackson/autoconfigure/JacksonAutoConfiguration$AbstractMapperBuilderCustomizer customize (Ltools/jackson/databind/cfg/MapperBuilder;)V 278 <appendix> member <vmtarget> ; # org/springframework/boot/jackson/autoconfigure/JacksonAutoConfiguration$AbstractMapperBuilderCustomizer$$Lambda+0x000000003d4bf4d0
instanceKlass  @bci org/springframework/boot/jackson/autoconfigure/JacksonAutoConfiguration$AbstractMapperBuilderCustomizer customize (Ltools/jackson/databind/cfg/MapperBuilder;)V 252 <appendix> member <vmtarget> ; # org/springframework/boot/jackson/autoconfigure/JacksonAutoConfiguration$AbstractMapperBuilderCustomizer$$Lambda+0x000000003d4bf290
instanceKlass  @bci org/springframework/boot/jackson/autoconfigure/JacksonAutoConfiguration$AbstractMapperBuilderCustomizer customize (Ltools/jackson/databind/cfg/MapperBuilder;)V 226 <appendix> member <vmtarget> ; # org/springframework/boot/jackson/autoconfigure/JacksonAutoConfiguration$AbstractMapperBuilderCustomizer$$Lambda+0x000000003d4bf050
instanceKlass  @bci org/springframework/boot/jackson/autoconfigure/JacksonAutoConfiguration$AbstractMapperBuilderCustomizer customize (Ltools/jackson/databind/cfg/MapperBuilder;)V 200 <appendix> member <vmtarget> ; # org/springframework/boot/jackson/autoconfigure/JacksonAutoConfiguration$AbstractMapperBuilderCustomizer$$Lambda+0x000000003d4bee10
instanceKlass  @bci org/springframework/boot/jackson/autoconfigure/JacksonAutoConfiguration$AbstractMapperBuilderCustomizer customize (Ltools/jackson/databind/cfg/MapperBuilder;)V 177 <appendix> member <vmtarget> ; # org/springframework/boot/jackson/autoconfigure/JacksonAutoConfiguration$AbstractMapperBuilderCustomizer$$Lambda+0x000000003d4bebd0
instanceKlass  @bci org/springframework/boot/jackson/autoconfigure/JacksonAutoConfiguration$AbstractMapperBuilderCustomizer configureFeatures (Ltools/jackson/databind/cfg/MapperBuilder;Ljava/util/Map;Ljava/util/function/BiConsumer;)V 2 <appendix> member <vmtarget> ; # org/springframework/boot/jackson/autoconfigure/JacksonAutoConfiguration$AbstractMapperBuilderCustomizer$$Lambda+0x000000003d4be990
instanceKlass  @bci org/springframework/boot/jackson/autoconfigure/JacksonAutoConfiguration$AbstractMapperBuilderCustomizer customize (Ltools/jackson/databind/cfg/MapperBuilder;)V 154 <appendix> member <vmtarget> ; # org/springframework/boot/jackson/autoconfigure/JacksonAutoConfiguration$AbstractMapperBuilderCustomizer$$Lambda+0x000000003d4be750
instanceKlass  @cpi org/springframework/boot/jackson/autoconfigure/JacksonAutoConfiguration$AbstractMapperBuilderCustomizer 490 form vmentry <vmtarget> ; # java/lang/invoke/LambdaForm$DMH+0x000000003d4b9800
instanceKlass java/util/EnumMap$EnumMapIterator
instanceKlass  @bci org/springframework/boot/jackson/autoconfigure/JacksonAutoConfiguration$AbstractMapperBuilderCustomizer configureVisibility (Ltools/jackson/databind/cfg/MapperBuilder;Ljava/util/Map;)V 2 <appendix> member <vmtarget> ; # org/springframework/boot/jackson/autoconfigure/JacksonAutoConfiguration$AbstractMapperBuilderCustomizer$$Lambda+0x000000003d4be4e8
instanceKlass org/springframework/boot/jackson/JacksonComponent
instanceKlass tools/jackson/databind/deser/ValueInstantiator
instanceKlass tools/jackson/databind/PropertyNamingStrategy
instanceKlass tools/jackson/databind/jsontype/NamedType
instanceKlass  @bci org/springframework/boot/jackson/JacksonMixinModuleEntries doWithEntry (Ljava/lang/ClassLoader;Ljava/util/function/BiConsumer;)V 7 <appendix> member <vmtarget> ; # org/springframework/boot/jackson/JacksonMixinModuleEntries$$Lambda+0x000000003d4bc8f8
instanceKlass  @bci org/springframework/boot/jackson/JacksonMixinModule registerEntries (Lorg/springframework/boot/jackson/JacksonMixinModuleEntries;Ljava/lang/ClassLoader;)V 3 <appendix> member <vmtarget> ; # org/springframework/boot/jackson/JacksonMixinModule$$Lambda+0x000000003d4bc6b8
instanceKlass tools/jackson/core/Version
# instanceKlass java/lang/invoke/LambdaForm$MH+0x000000003d4b9400
# instanceKlass java/lang/invoke/LambdaForm$MH+0x000000003d4b9000
# instanceKlass java/lang/invoke/LambdaForm$MH+0x000000003d4b8c00
instanceKlass org/springframework/boot/jackson/JacksonMixin
instanceKlass  @bci org/springframework/boot/jackson/JacksonMixinModuleEntries scan (Lorg/springframework/context/ApplicationContext;Ljava/util/Collection;)Lorg/springframework/boot/jackson/JacksonMixinModuleEntries; 2 <appendix> member <vmtarget> ; # org/springframework/boot/jackson/JacksonMixinModuleEntries$$Lambda+0x000000003d4b7930
instanceKlass org/springframework/boot/jackson/JacksonMixinModuleEntries$Builder
instanceKlass  @bci org/springframework/boot/validation/beanvalidation/MethodValidationExcludeFilter byAnnotation (Ljava/lang/Class;Lorg/springframework/core/annotation/MergedAnnotations$SearchStrategy;)Lorg/springframework/boot/validation/beanvalidation/MethodValidationExcludeFilter; 2 <appendix> member <vmtarget> ; # org/springframework/boot/validation/beanvalidation/MethodValidationExcludeFilter$$Lambda+0x000000003d4b70d0
# instanceKlass java/lang/invoke/LambdaForm$MH+0x000000003d4b8800
# instanceKlass java/lang/invoke/LambdaForm$MH+0x000000003d4b8400
instanceKlass  @bci org/springframework/core/convert/TypeDescriptor <init> (Lorg/springframework/core/MethodParameter;)V 29 <appendix> member <vmtarget> ; # org/springframework/core/convert/TypeDescriptor$$Lambda+0x000000003d4b6c28
instanceKlass  @bci jdk/internal/reflect/MethodHandleObjectFieldAccessorImpl set (Ljava/lang/Object;Ljava/lang/Object;)V 41 <adapter> ; # java/lang/invoke/LambdaForm$MH+0x000000003d4b8000
instanceKlass org/springframework/core/SerializableTypeWrapper$FieldTypeProvider
instanceKlass  @bci org/springframework/core/annotation/AnnotationUtils findAnnotation (Ljava/lang/Class;Ljava/lang/Class;)Ljava/lang/annotation/Annotation; 81 <appendix> argL0 ; # org/springframework/core/annotation/AnnotationUtils$$Lambda+0x000000003d4b6270
instanceKlass org/springframework/beans/factory/annotation/InjectionMetadata$InjectedElement
instanceKlass org/springframework/web/util/RfcUriParser$InternalParser
instanceKlass org/springframework/web/util/RfcUriParser
instanceKlass org/springframework/web/util/HierarchicalUriComponents$PathComponent
instanceKlass org/springframework/web/util/UriComponentsBuilder$CompositePathComponentBuilder
instanceKlass org/springframework/web/util/UriComponentsBuilder$PathComponentBuilder
instanceKlass org/springframework/web/util/UriComponents
instanceKlass org/springframework/web/util/UriComponentsBuilder
instanceKlass org/springframework/web/util/UriBuilder
instanceKlass org/springframework/web/util/DefaultUriBuilderFactory
instanceKlass io/micrometer/common/ImmutableKeyValue
instanceKlass io/micrometer/common/KeyValue
instanceKlass io/micrometer/observation/docs/ObservationDocumentation
instanceKlass  @bci io/micrometer/observation/ObservationConvention <clinit> ()V 0 <appendix> argL0 ; # io/micrometer/observation/ObservationConvention$$Lambda+0x000000003d4ac748
instanceKlass io/micrometer/observation/Observation$Context
instanceKlass io/micrometer/observation/Observation$ContextView
instanceKlass io/micrometer/common/docs/KeyName
instanceKlass org/springframework/web/reactive/function/client/DefaultClientRequestObservationConvention
instanceKlass org/springframework/web/reactive/function/client/ClientRequestObservationConvention
instanceKlass io/micrometer/observation/ObservationConvention
instanceKlass io/micrometer/observation/KeyValuesConvention
instanceKlass  @bci org/springframework/web/reactive/function/client/DefaultWebClient <clinit> ()V 13 <appendix> argL0 ; # org/springframework/web/reactive/function/client/DefaultWebClient$$Lambda+0x000000003d4ab488
instanceKlass org/springframework/web/reactive/function/client/WebClient$RequestBodyUriSpec
instanceKlass org/springframework/web/reactive/function/client/WebClient$RequestBodySpec
instanceKlass org/springframework/web/reactive/function/client/WebClient$RequestHeadersUriSpec
instanceKlass org/springframework/web/reactive/function/client/WebClient$RequestHeadersSpec
instanceKlass org/springframework/web/reactive/function/client/WebClient$UriSpec
instanceKlass org/springframework/web/reactive/function/client/DefaultWebClient
instanceKlass  @bci org/springframework/web/reactive/function/client/ExchangeFunctions$DefaultExchangeFunction <init> (Lorg/springframework/http/client/reactive/ClientHttpConnector;Lorg/springframework/web/reactive/function/client/ExchangeStrategies;)V 55 <appendix> member <vmtarget> ; # org/springframework/web/reactive/function/client/ExchangeFunctions$DefaultExchangeFunction$$Lambda+0x000000003d4aa5b0
instanceKlass  @bci org/springframework/web/reactive/function/client/ExchangeFunctions$DefaultExchangeFunction <init> (Lorg/springframework/http/client/reactive/ClientHttpConnector;Lorg/springframework/web/reactive/function/client/ExchangeStrategies;)V 44 <appendix> member <vmtarget> ; # org/springframework/web/reactive/function/client/ExchangeFunctions$DefaultExchangeFunction$$Lambda+0x000000003d4aa350
instanceKlass org/springframework/web/reactive/function/client/ClientResponse
instanceKlass org/springframework/web/reactive/function/client/ExchangeFunctions$DefaultExchangeFunction
instanceKlass org/springframework/web/reactive/function/client/ExchangeFunction
instanceKlass org/springframework/web/reactive/function/client/ExchangeFunctions
instanceKlass  @bci org/springframework/http/codec/support/BaseDefaultCodecs applyDefaultConfig (Lorg/springframework/http/codec/support/BaseCodecConfigurer$DefaultCustomCodecs;)V 37 <appendix> member <vmtarget> ; # org/springframework/http/codec/support/BaseDefaultCodecs$$Lambda+0x000000003d4a9390
instanceKlass  @bci org/springframework/http/codec/support/BaseDefaultCodecs applyDefaultConfig (Ljava/util/Map;)V 32 <appendix> member <vmtarget> ; # org/springframework/http/codec/support/BaseDefaultCodecs$$Lambda+0x000000003d4a9150
instanceKlass  @bci org/springframework/http/codec/support/BaseDefaultCodecs applyDefaultConfig (Ljava/util/Map;)V 21 <appendix> argL0 ; # org/springframework/http/codec/support/BaseDefaultCodecs$$Lambda+0x000000003d4a8f08
instanceKlass  @bci org/springframework/http/codec/support/BaseDefaultCodecs applyDefaultConfig (Ljava/util/Map;)V 11 <appendix> argL0 ; # org/springframework/http/codec/support/BaseDefaultCodecs$$Lambda+0x000000003d4a8cb0
instanceKlass org/springframework/web/reactive/function/client/DefaultExchangeStrategiesBuilder$DefaultExchangeStrategies
instanceKlass  @bci org/springframework/http/codec/support/BaseCodecConfigurer <init> (Lorg/springframework/http/codec/support/BaseDefaultCodecs;)V 31 <appendix> member <vmtarget> ; # org/springframework/http/codec/support/BaseCodecConfigurer$$Lambda+0x000000003d4a8828
instanceKlass org/springframework/http/codec/support/BaseCodecConfigurer$DefaultCustomCodecs
instanceKlass org/springframework/http/codec/HttpMessageEncoder
instanceKlass  @bci org/springframework/http/codec/support/BaseDefaultCodecs getBaseTypedWriters ()Ljava/util/List; 177 <appendix> member <vmtarget> ; # org/springframework/http/codec/support/BaseDefaultCodecs$$Lambda+0x000000003d4a6e08
instanceKlass org/springframework/core/codec/Hints
instanceKlass org/springframework/core/io/support/ResourceRegion
instanceKlass org/springframework/http/codec/ResourceHttpMessageWriter
instanceKlass  @bci org/springframework/http/codec/EncoderHttpMessageWriter initDefaultMediaType (Ljava/util/List;)Lorg/springframework/http/MediaType; 6 <appendix> argL0 ; # org/springframework/http/codec/EncoderHttpMessageWriter$$Lambda+0x000000003d4a5088
instanceKlass org/springframework/core/codec/AbstractEncoder
instanceKlass org/springframework/http/codec/xml/JaxbContextContainer
instanceKlass com/sun/xml/internal/stream/StaxEntityResolverWrapper
instanceKlass  @bci javax/xml/stream/FactoryFinder newInstance (Ljava/lang/Class;Ljava/lang/String;Ljava/lang/ClassLoader;ZZ)Ljava/lang/Object; 80 <appendix> member <vmtarget> ; # javax/xml/stream/FactoryFinder$$Lambda+0x000000003d3d8300
instanceKlass  @bci javax/xml/catalog/CatalogFeatures setProperties (Ljavax/xml/catalog/CatalogFeatures$Builder;)V 5 <appendix> member <vmtarget> ; # javax/xml/catalog/CatalogFeatures$$Lambda+0x000000003d3d80c0
instanceKlass javax/xml/catalog/CatalogMessages
instanceKlass javax/xml/catalog/Util
instanceKlass jdk/xml/internal/JdkXmlUtils
instanceKlass com/sun/org/apache/xerces/internal/impl/PropertyManager
instanceKlass  @bci javax/xml/stream/FactoryFinder find (Ljava/lang/Class;Ljava/lang/String;Ljava/lang/ClassLoader;Ljava/lang/String;)Ljava/lang/Object; 147 <appendix> member <vmtarget> ; # javax/xml/stream/FactoryFinder$$Lambda+0x000000003d3d6aa0
instanceKlass  @bci javax/xml/stream/FactoryFinder find (Ljava/lang/Class;Ljava/lang/String;Ljava/lang/ClassLoader;Ljava/lang/String;)Ljava/lang/Object; 1 <appendix> member <vmtarget> ; # javax/xml/stream/FactoryFinder$$Lambda+0x000000003d3d6870
instanceKlass javax/xml/stream/FactoryFinder
instanceKlass  @bci org/springframework/util/xml/StaxUtils createDefensiveInputFactory ()Ljavax/xml/stream/XMLInputFactory; 0 <appendix> argL0 ; # org/springframework/util/xml/StaxUtils$$Lambda+0x000000003d4a4488
instanceKlass javax/xml/stream/XMLInputFactory
instanceKlass  @bci org/springframework/util/xml/StaxUtils <clinit> ()V 0 <appendix> argL0 ; # org/springframework/util/xml/StaxUtils$$Lambda+0x000000003d4a4260
instanceKlass javax/xml/stream/XMLResolver
instanceKlass javax/xml/stream/XMLStreamWriter
instanceKlass org/xml/sax/XMLReader
instanceKlass javax/xml/stream/XMLStreamReader
instanceKlass javax/xml/stream/XMLStreamConstants
instanceKlass javax/xml/stream/XMLEventReader
instanceKlass org/xml/sax/ContentHandler
instanceKlass org/springframework/util/xml/StaxUtils
instanceKlass org/springframework/core/io/buffer/DataBuffer
instanceKlass org/springframework/http/codec/JacksonCodecSupport
instanceKlass org/springframework/http/codec/HttpMessageDecoder
instanceKlass org/springframework/http/codec/multipart/PartEvent
instanceKlass org/springframework/http/codec/multipart/Part
instanceKlass reactor/core/Disposables$AlwaysDisposable
instanceKlass reactor/core/Disposable$Composite
instanceKlass reactor/core/Disposable$Swap
instanceKlass reactor/core/Disposables
instanceKlass reactor/core/scheduler/Scheduler$Worker
instanceKlass reactor/core/scheduler/ImmediateScheduler
instanceKlass reactor/core/scheduler/Schedulers$1
instanceKlass  @bci reactor/core/scheduler/Schedulers <clinit> ()V 214 <appendix> argL0 ; # reactor/core/scheduler/Schedulers$$Lambda+0x000000003d4a11e0
instanceKlass  @bci reactor/core/scheduler/Schedulers <clinit> ()V 206 <appendix> argL0 ; # reactor/core/scheduler/Schedulers$$Lambda+0x000000003d4a0fb8
instanceKlass reactor/core/scheduler/BoundedElasticSchedulerSupplier
instanceKlass  @bci reactor/core/scheduler/Schedulers <clinit> ()V 152 <appendix> argL0 ; # reactor/core/scheduler/Schedulers$$Lambda+0x000000003d4a0b28
instanceKlass  @bci reactor/core/scheduler/Schedulers <clinit> ()V 128 <appendix> argL0 ; # reactor/core/scheduler/Schedulers$$Lambda+0x000000003d4a08e0
instanceKlass  @bci reactor/core/scheduler/Schedulers <clinit> ()V 93 <appendix> argL0 ; # reactor/core/scheduler/Schedulers$$Lambda+0x000000003d4a0698
instanceKlass  @bci reactor/core/scheduler/Schedulers <clinit> ()V 67 <appendix> argL0 ; # reactor/core/scheduler/Schedulers$$Lambda+0x000000003d4a0470
instanceKlass  @bci reactor/core/scheduler/Schedulers <clinit> ()V 59 <appendix> argL0 ; # reactor/core/scheduler/Schedulers$$Lambda+0x000000003d4a0228
instanceKlass  @bci reactor/core/scheduler/Schedulers <clinit> ()V 33 <appendix> argL0 ; # reactor/core/scheduler/Schedulers$$Lambda+0x000000003d4a0000
instanceKlass  @bci reactor/core/scheduler/Schedulers <clinit> ()V 25 <appendix> argL0 ; # reactor/core/scheduler/Schedulers$$Lambda+0x000000003d49c400
instanceKlass reactor/core/scheduler/Schedulers$Factory
instanceKlass reactor/core/scheduler/Schedulers
instanceKlass  @bci reactor/core/publisher/MonoCacheTime <init> (Lreactor/core/publisher/Mono;)V 2 <appendix> argL0 ; # reactor/core/publisher/MonoCacheTime$$Lambda+0x000000003d49c800
instanceKlass reactor/util/context/Context0
instanceKlass reactor/util/context/CoreContext
instanceKlass reactor/util/context/Context
instanceKlass reactor/core/publisher/ImmutableSignal
instanceKlass sun/reflect/misc/ReflectUtil
instanceKlass java/util/concurrent/atomic/AtomicReferenceFieldUpdater
instanceKlass reactor/core/publisher/Operators$MonoSubscriber
instanceKlass reactor/core/Fuseable$QueueSubscription
instanceKlass reactor/core/publisher/InnerOperator
instanceKlass reactor/core/publisher/InnerProducer
instanceKlass reactor/core/publisher/InnerConsumer
instanceKlass reactor/core/publisher/Signal
instanceKlass reactor/core/publisher/OnNextFailureStrategy
instanceKlass  @bci reactor/core/publisher/Mono <clinit> ()V 0 <appendix> argL0 ; # reactor/core/publisher/Mono$$Lambda+0x000000003d49e000
instanceKlass  @cpi org/springframework/core/io/buffer/DataBufferUtils 832 form vmentry <vmtarget> ; # java/lang/invoke/LambdaForm$DMH+0x000000003d49c000
instanceKlass org/reactivestreams/Subscription
instanceKlass org/reactivestreams/Processor
instanceKlass reactor/core/observability/SignalListenerFactory
instanceKlass reactor/core/publisher/AssemblyOp
instanceKlass reactor/core/publisher/FluxOnAssembly$AssemblySnapshot
instanceKlass reactor/core/Fuseable$ScalarCallable
instanceKlass reactor/core/publisher/SourceProducer
instanceKlass reactor/core/Fuseable
instanceKlass reactor/core/publisher/SignalPeek
instanceKlass reactor/core/publisher/OptimizableOperator
instanceKlass reactor/core/Scannable
instanceKlass  @bci org/springframework/http/codec/multipart/FileStorage$TempFileStorage tempDirectory ()Lreactor/core/publisher/Mono; 0 <appendix> argL0 ; # org/springframework/http/codec/multipart/FileStorage$TempFileStorage$$Lambda+0x000000003d484d70
instanceKlass org/springframework/http/codec/multipart/FileStorage
instanceKlass  @bci org/springframework/http/codec/multipart/DefaultPartHttpMessageReader <init> ()V 31 <appendix> member <vmtarget> ; # org/springframework/http/codec/multipart/DefaultPartHttpMessageReader$$Lambda+0x000000003d4844e8
instanceKlass reactor/core/scheduler/Scheduler
instanceKlass org/springframework/http/codec/EncoderHttpMessageWriter
instanceKlass  @bci org/springframework/util/MimeType createParametersMap (Ljava/util/Map;)Ljava/util/Map; 27 <appendix> member <vmtarget> ; # org/springframework/util/MimeType$$Lambda+0x000000003d483b50
instanceKlass org/springframework/util/LinkedCaseInsensitiveMap
instanceKlass org/springframework/http/codec/ServerSentEventHttpMessageWriter
instanceKlass org/springframework/http/codec/ServerSentEventHttpMessageReader
instanceKlass org/springframework/util/ConcurrentLruCache$WriteOperations
instanceKlass org/springframework/util/ConcurrentLruCache$ReadOperations
instanceKlass org/springframework/util/ConcurrentLruCache$EvictionQueue
instanceKlass  @bci org/springframework/util/MimeTypeUtils <clinit> ()V 391 <appendix> argL0 ; # org/springframework/util/MimeTypeUtils$$Lambda+0x000000003d47fc30
instanceKlass org/springframework/util/ConcurrentLruCache
instanceKlass org/springframework/util/MimeTypeUtils
instanceKlass org/springframework/core/codec/AbstractDecoder
instanceKlass org/springframework/http/codec/DecoderHttpMessageReader
instanceKlass org/springframework/http/codec/HttpMessageWriter
instanceKlass org/springframework/http/codec/CodecConfigurer$MultipartCodecs
instanceKlass org/springframework/http/codec/ClientCodecConfigurer$ClientDefaultCodecs
instanceKlass org/springframework/http/codec/support/BaseDefaultCodecs
instanceKlass org/springframework/http/codec/CodecConfigurer$DefaultCodecConfig
instanceKlass org/springframework/http/codec/CodecConfigurer$CustomCodecs
instanceKlass org/springframework/http/codec/ServerCodecConfigurer
instanceKlass org/springframework/http/codec/support/BaseCodecConfigurer
instanceKlass org/springframework/http/codec/CodecConfigurerFactory
instanceKlass org/springframework/http/codec/CodecConfigurer$DefaultCodecs
instanceKlass org/springframework/http/codec/ClientCodecConfigurer
instanceKlass org/springframework/web/reactive/function/client/DefaultExchangeStrategiesBuilder
instanceKlass org/springframework/web/reactive/function/client/ExchangeStrategies$Builder
instanceKlass org/springframework/web/reactive/function/client/ExchangeStrategies
instanceKlass io/netty/handler/codec/compression/Brotli
instanceKlass io/netty/handler/codec/http/HttpHeaderValidationUtil
instanceKlass io/netty/handler/codec/http/HttpHeaderNames
instanceKlass io/netty/handler/codec/http/HttpHeaderValues
instanceKlass io/netty/handler/codec/http/HttpUtil
instanceKlass io/netty/handler/codec/http/HttpMethod
instanceKlass  @bci reactor/netty/http/logging/ReactorNettyHttpMessageLogFactory <clinit> ()V 26 <appendix> argL0 ; # reactor/netty/http/logging/ReactorNettyHttpMessageLogFactory$$Lambda+0x000000003d47a8b8
instanceKlass  @bci reactor/netty/http/logging/ReactorNettyHttpMessageLogFactory <clinit> ()V 18 <appendix> argL0 ; # reactor/netty/http/logging/ReactorNettyHttpMessageLogFactory$$Lambda+0x000000003d47a670
instanceKlass io/netty/handler/codec/DecoderResult
instanceKlass  @bci reactor/netty/http/logging/ReactorNettyHttpMessageLogFactory <clinit> ()V 10 <appendix> argL0 ; # reactor/netty/http/logging/ReactorNettyHttpMessageLogFactory$$Lambda+0x000000003d47a1f0
instanceKlass reactor/netty/http/logging/AbstractHttpMessageLogFactory
instanceKlass io/netty/handler/codec/DefaultHeaders$HeaderEntry
instanceKlass io/netty/handler/codec/CharSequenceValueConverter
instanceKlass io/netty/handler/codec/DefaultHeaders$ValueValidator$1
instanceKlass io/netty/handler/codec/DefaultHeaders$NameValidator$1
instanceKlass io/netty/handler/codec/http/DefaultHttpHeadersFactory$3
instanceKlass io/netty/handler/codec/http/DefaultHttpHeadersFactory$2
instanceKlass io/netty/handler/codec/http/DefaultHttpHeadersFactory$1
instanceKlass io/netty/handler/codec/DefaultHeaders$ValueValidator
instanceKlass io/netty/handler/codec/DefaultHeaders$NameValidator
instanceKlass io/netty/handler/codec/http/DefaultHttpHeadersFactory
instanceKlass io/netty/handler/codec/http/HttpHeadersFactory
instanceKlass  @bci io/netty/handler/codec/http/DefaultHttpHeaders <clinit> ()V 8 <appendix> argL0 ; # io/netty/handler/codec/http/DefaultHttpHeaders$$Lambda+0x000000003d477600
instanceKlass  @bci io/netty/handler/codec/http/DefaultHttpHeaders <clinit> ()V 0 <appendix> argL0 ; # io/netty/handler/codec/http/DefaultHttpHeaders$$Lambda+0x000000003d4773a8
instanceKlass io/netty/handler/codec/http/EmptyHttpHeaders$InstanceInitializer
instanceKlass io/netty/handler/codec/DefaultHeaders
instanceKlass io/netty/handler/codec/Headers
instanceKlass io/netty/handler/codec/ValueConverter
instanceKlass reactor/netty/http/HttpDecoderSpec
instanceKlass io/netty/handler/codec/http/cookie/ClientCookieEncoder$1
instanceKlass io/netty/handler/codec/http/cookie/CookieEncoder
instanceKlass io/netty/handler/codec/http/cookie/CookieDecoder
instanceKlass  @bci reactor/netty/ReactorNetty <clinit> ()V 155 <appendix> argL0 ; # reactor/netty/ReactorNetty$$Lambda+0x000000003d474600
instanceKlass io/netty/buffer/UnpooledByteBufAllocator$UnpooledByteBufAllocatorMetric
instanceKlass io/netty/util/internal/StringUtil
instanceKlass io/netty/util/internal/DirectCleaner
instanceKlass javax/security/cert/Certificate
instanceKlass java/security/DEREncodable
instanceKlass java/security/cert/X509Extension
instanceKlass io/netty/util/internal/EmptyArrays
instanceKlass io/netty/util/ResourceLeakTracker
instanceKlass io/netty/util/ResourceLeak
instanceKlass io/netty/util/ResourceLeakDetector
instanceKlass io/netty/buffer/ByteBufAllocatorMetric
instanceKlass io/netty/buffer/AbstractByteBufAllocator
instanceKlass io/netty/buffer/ByteBufAllocatorMetricProvider
instanceKlass io/netty/buffer/ByteBufAllocator
instanceKlass io/netty/buffer/Unpooled
instanceKlass  @bci reactor/netty/ReactorNetty <clinit> ()V 133 <appendix> argL0 ; # reactor/netty/ReactorNetty$$Lambda+0x000000003d460258
instanceKlass  @bci reactor/netty/ReactorNetty <clinit> ()V 125 <appendix> argL0 ; # reactor/netty/ReactorNetty$$Lambda+0x000000003d460000
instanceKlass io/netty/buffer/ByteBuf
instanceKlass io/netty/buffer/ByteBufConvertible
instanceKlass  @bci reactor/netty/ReactorNetty <clinit> ()V 117 <appendix> argL0 ; # reactor/netty/ReactorNetty$$Lambda+0x000000003d45f2a8
instanceKlass  @bci reactor/netty/ReactorNetty <clinit> ()V 77 <appendix> argL0 ; # reactor/netty/ReactorNetty$$Lambda+0x000000003d45f050
instanceKlass  @bci reactor/netty/ReactorNetty <clinit> ()V 69 <appendix> argL0 ; # reactor/netty/ReactorNetty$$Lambda+0x000000003d45ee18
instanceKlass io/netty/channel/Channel
instanceKlass io/netty/channel/ChannelOutboundInvoker
instanceKlass io/netty/util/AttributeMap
instanceKlass reactor/netty/ReactorNetty$5
instanceKlass reactor/netty/ReactorNetty$4
instanceKlass reactor/netty/ReactorNetty$3
instanceKlass reactor/netty/ReactorNetty$2
instanceKlass reactor/netty/ReactorNetty$1
instanceKlass reactor/netty/ConnectionObserver$State
instanceKlass reactor/netty/ReactorNetty
instanceKlass  @bci reactor/netty/http/client/HttpClientConnect <init> (Lreactor/netty/http/client/HttpConnectionProvider;)V 20 <appendix> argL0 ; # reactor/netty/http/client/HttpClientConnect$$Lambda+0x000000003d45d508
instanceKlass reactor/netty/transport/logging/AdvancedByteBufFormat$1
instanceKlass io/netty/util/concurrent/Promise
instanceKlass io/netty/util/concurrent/Future
instanceKlass io/netty/util/internal/UnpaddedInternalThreadLocalMap
instanceKlass io/netty/util/internal/TypeParameterMatcher
instanceKlass io/netty/handler/codec/http2/Http2StreamFrame
instanceKlass io/netty/handler/codec/http2/Http2Frame
instanceKlass io/netty/handler/codec/http/HttpScheme
instanceKlass io/netty/handler/codec/http/FullHttpMessage
instanceKlass io/netty/handler/codec/http/HttpMessage
instanceKlass io/netty/handler/codec/http/LastHttpContent
instanceKlass io/netty/handler/codec/http/HttpContent
instanceKlass io/netty/buffer/ByteBufHolder
instanceKlass io/netty/util/ReferenceCounted
instanceKlass io/netty/handler/codec/http/HttpObject
instanceKlass io/netty/handler/codec/DecoderResultProvider
instanceKlass  @bci reactor/netty/http/client/HttpClientConfig <clinit> ()V 8 <appendix> argL0 ; # reactor/netty/http/client/HttpClientConfig$$Lambda+0x000000003d456a80
instanceKlass io/netty/channel/EventLoopGroup
instanceKlass io/netty/util/concurrent/EventExecutorGroup
instanceKlass io/netty/resolver/dns/DnsQueryLifecycleObserverFactory
instanceKlass reactor/netty/transport/NameResolverProvider$Build
instanceKlass reactor/netty/transport/NameResolverProvider$NameResolverSpec
instanceKlass reactor/netty/transport/NameResolverProvider
instanceKlass io/netty/channel/ChannelOutboundHandler
instanceKlass io/netty/handler/codec/http/HttpClientUpgradeHandler$SourceCodec
instanceKlass io/netty/handler/codec/http/HttpClientUpgradeHandler$UpgradeCodec
instanceKlass reactor/netty/http/client/HttpClientRequest
instanceKlass reactor/netty/http/client/HttpClientResponse
instanceKlass reactor/netty/http/client/HttpClientInfos
instanceKlass reactor/netty/http/HttpInfos
instanceKlass reactor/netty/channel/ChannelOperations
instanceKlass reactor/netty/ChannelOperationsId
instanceKlass reactor/netty/Connection
instanceKlass reactor/netty/DisposableChannel
instanceKlass reactor/netty/NettyOutbound
instanceKlass reactor/netty/NettyInbound
instanceKlass reactor/netty/channel/ChannelMetricsRecorder
instanceKlass reactor/netty/http/logging/HttpMessageLogFactory
instanceKlass io/netty/handler/codec/http/HttpHeaders
instanceKlass reactor/netty/ChannelPipelineConfigurer
instanceKlass reactor/netty/ConnectionObserver
instanceKlass io/netty/channel/ChannelHandlerAdapter
instanceKlass io/netty/channel/ChannelInboundHandler
instanceKlass io/netty/channel/ChannelHandler
instanceKlass  @bci reactor/netty/http/client/HttpConnectionProvider <clinit> ()V 8 <appendix> argL0 ; # reactor/netty/http/client/HttpConnectionProvider$$Lambda+0x000000003d44eb60
instanceKlass  @bci reactor/netty/http/client/HttpConnectionProvider <clinit> ()V 0 <appendix> argL0 ; # reactor/netty/http/client/HttpConnectionProvider$$Lambda+0x000000003d44e618
instanceKlass reactor/core/CoreSubscriber
instanceKlass org/reactivestreams/Subscriber
instanceKlass reactor/util/context/ContextView
instanceKlass reactor/netty/resources/ConnectionPoolMetrics
instanceKlass reactor/netty/resources/ConnectionProvider$ConnectionPoolSpec
instanceKlass reactor/netty/resources/PooledConnectionProvider
instanceKlass reactor/netty/http/client/HttpConnectionProvider
instanceKlass reactor/netty/resources/ConnectionProvider
instanceKlass  @bci reactor/netty/http/client/HttpClientConnect <clinit> ()V 28 <appendix> argL0 ; # reactor/netty/http/client/HttpClientConnect$$Lambda+0x000000003d446a88
instanceKlass  @cpi reactor/netty/http/client/HttpClientConnect 362 form vmentry <vmtarget> ; # java/lang/invoke/LambdaForm$DMH+0x000000003d44d800
instanceKlass reactor/netty/transport/AddressUtils
instanceKlass io/netty/util/AsciiString$2
instanceKlass io/netty/util/AsciiString$1
instanceKlass io/netty/util/internal/VarHandleFactory
instanceKlass jdk/jfr/internal/Options
instanceKlass jdk/jfr/internal/management/HiddenWait
instanceKlass jdk/jfr/internal/JVM
instanceKlass jdk/jfr/internal/JVMSupport
instanceKlass jdk/jfr/FlightRecorder
instanceKlass  @bci io/netty/util/internal/PlatformDependent processOsReleaseFile (Ljava/lang/String;Ljava/util/Set;)Z 12 <appendix> member <vmtarget> ; # io/netty/util/internal/PlatformDependent$$Lambda+0x000000003d445f98
instanceKlass  @cpi reactor/netty/channel/ChannelOperations 594 form vmentry <vmtarget> ; # java/lang/invoke/LambdaForm$DMH+0x000000003d44d400
# instanceKlass java/lang/invoke/LambdaForm$MH+0x000000003d44d000
# instanceKlass java/lang/invoke/LambdaForm$DMH+0x000000003d44cc00
# instanceKlass java/lang/invoke/LambdaForm$MH+0x000000003d44c800
# instanceKlass java/lang/invoke/LambdaForm$MH+0x000000003d44c400
# instanceKlass java/lang/invoke/LambdaForm$MH+0x000000003d44c000
# instanceKlass java/lang/invoke/LambdaForm$MH+0x000000003d44bc00
# instanceKlass java/lang/invoke/LambdaForm$MH+0x000000003d44b800
# instanceKlass java/lang/invoke/LambdaForm$MH+0x000000003d44b400
# instanceKlass java/lang/invoke/LambdaForm$MH+0x000000003d44b000
# instanceKlass java/lang/invoke/LambdaForm$DMH+0x000000003d44ac00
# instanceKlass java/lang/invoke/LambdaForm$MH+0x000000003d44a800
# instanceKlass java/lang/invoke/LambdaForm$DMH+0x000000003d44a400
# instanceKlass java/lang/invoke/LambdaForm$DMH+0x000000003d44a000
instanceKlass  @bci io/netty/handler/ssl/SslHandler applyHandshakeTimeout ()V 38 <appendix> form vmentry <vmtarget> ; # java/lang/invoke/LambdaForm$DMH+0x000000003d449c00
# instanceKlass java/lang/invoke/LambdaForm$DMH+0x000000003d449800
instanceKlass jdk/internal/foreign/ArenaImpl
instanceKlass jdk/internal/foreign/MemorySessionImpl$ResourceList$ResourceCleanup
instanceKlass jdk/internal/foreign/MemorySessionImpl$ResourceList
instanceKlass io/netty/util/internal/CleanerJava25$CleanableDirectBufferImpl
instanceKlass java/lang/foreign/Arena
instanceKlass io/netty/util/internal/CleanerJava25
instanceKlass io/netty/util/internal/CleanerJava24Linker
instanceKlass io/netty/util/internal/CleanerJava9
instanceKlass io/netty/util/internal/CleanableDirectBuffer
instanceKlass io/netty/util/internal/PlatformDependent$1
# instanceKlass java/lang/invoke/LambdaForm$MH+0x000000003d449400
# instanceKlass java/lang/invoke/LambdaForm$BMH+0x000000003d449000
# instanceKlass java/lang/invoke/LambdaForm$DMH+0x000000003d448c00
instanceKlass  @bci jdk/internal/foreign/MemorySessionImpl <clinit> ()V 47 <appendix> argL0 ; # jdk/internal/foreign/MemorySessionImpl$$Lambda+0x000000003d3cfa20
instanceKlass  @bci jdk/internal/foreign/MemorySessionImpl <clinit> ()V 32 <appendix> argL0 ; # jdk/internal/foreign/MemorySessionImpl$$Lambda+0x000000003d3cf7f8
instanceKlass jdk/internal/foreign/AbstractMemorySegmentImpl
instanceKlass java/lang/foreign/SegmentAllocator
instanceKlass jdk/internal/foreign/SegmentFactories
instanceKlass io/netty/util/internal/PlatformDependent0$12
instanceKlass io/netty/util/internal/PlatformDependent0$11
# instanceKlass java/lang/invoke/LambdaForm$DMH+0x000000003d448800
instanceKlass io/netty/util/internal/PlatformDependent0$10
# instanceKlass java/lang/invoke/LambdaForm$DMH+0x000000003d448400
instanceKlass io/netty/util/internal/PlatformDependent0$9
instanceKlass io/netty/util/internal/PlatformDependent0$8
instanceKlass  @bci io/netty/util/internal/CleanerJava24Linker <clinit> ()V 134 <adapter> ; # java/lang/invoke/LambdaForm$MH+0x000000003d448000
instanceKlass io/netty/util/internal/SystemPropertyUtil
instanceKlass io/netty/util/internal/PlatformDependent0
instanceKlass io/netty/util/internal/logging/AbstractInternalLogger
instanceKlass io/netty/util/internal/logging/Slf4JLoggerFactory$NopInstanceHolder
instanceKlass io/netty/util/internal/logging/InternalLogger
instanceKlass io/netty/util/internal/logging/InternalLoggerFactory
instanceKlass io/netty/util/internal/LongCounter
instanceKlass io/netty/util/internal/Cleaner
instanceKlass io/netty/util/internal/PlatformDependent
instanceKlass io/netty/util/internal/MathUtil
instanceKlass io/netty/util/AsciiString$CharEqualityComparator
instanceKlass io/netty/util/HashingStrategy
instanceKlass io/netty/util/AsciiString
instanceKlass reactor/util/Loggers$Slf4JLogger
instanceKlass reactor/util/Logger
instanceKlass reactor/util/Loggers$Slf4JLoggerFactory
instanceKlass reactor/util/Loggers
instanceKlass reactor/netty/http/client/HttpClient$WebsocketSender
instanceKlass reactor/netty/http/client/HttpClient$WebsocketReceiver
instanceKlass io/netty/handler/codec/http/cookie/Cookie
instanceKlass reactor/netty/http/client/HttpClient$RequestSender
instanceKlass reactor/netty/http/client/HttpClient$ResponseReceiver
instanceKlass reactor/netty/http/client/HttpClient$UriConfiguration
instanceKlass reactor/netty/transport/TransportConfig
instanceKlass io/netty/resolver/AddressResolverGroup
instanceKlass reactor/netty/resources/LoopResources
instanceKlass reactor/core/Disposable
instanceKlass  @bci org/springframework/http/client/reactive/ReactorClientHttpConnector <clinit> ()V 24 <appendix> argL0 ; # org/springframework/http/client/reactive/ReactorClientHttpConnector$$Lambda+0x000000003d43f428
instanceKlass io/netty/util/internal/ObjectUtil
instanceKlass io/netty/util/ConstantPool
instanceKlass io/netty/util/AbstractConstant
instanceKlass io/netty/util/Constant
instanceKlass org/springframework/http/client/reactive/AbstractClientHttpRequest
instanceKlass org/springframework/http/client/reactive/ClientHttpRequest
instanceKlass org/springframework/http/ZeroCopyHttpOutputMessage
instanceKlass org/springframework/http/ReactiveHttpOutputMessage
instanceKlass org/springframework/http/client/reactive/ReactorClientHttpConnector
instanceKlass io/micrometer/observation/ObservationRegistry$ObservationConfig
instanceKlass io/micrometer/observation/ObservationRegistry$1
instanceKlass io/micrometer/observation/ObservationRegistry
instanceKlass org/springframework/web/util/UriBuilderFactory
instanceKlass org/springframework/web/util/UriTemplateHandler
instanceKlass org/springframework/http/client/reactive/ClientHttpConnector
instanceKlass org/springframework/web/reactive/function/client/DefaultWebClientBuilder
instanceKlass org/springframework/web/reactive/function/client/WebClient$Builder
instanceKlass com/fasterxml/jackson/core/type/TypeReference
instanceKlass org/springframework/web/multipart/MultipartFile
instanceKlass org/springframework/context/weaving/LoadTimeWeaverAware
instanceKlass org/springframework/beans/factory/BeanFactoryInitializer
instanceKlass org/springframework/scheduling/concurrent/ExecutorLifecycleDelegate
instanceKlass java/util/concurrent/CompletableFuture
instanceKlass java/util/concurrent/CompletionStage
instanceKlass  @bci org/springframework/boot/task/ThreadPoolTaskExecutorBuilder configure (Lorg/springframework/scheduling/concurrent/ThreadPoolTaskExecutor;)Lorg/springframework/scheduling/concurrent/ThreadPoolTaskExecutor; 235 <appendix> member <vmtarget> ; # org/springframework/boot/task/ThreadPoolTaskExecutorBuilder$$Lambda+0x000000003d438b28
instanceKlass  @bci org/springframework/boot/task/ThreadPoolTaskExecutorBuilder configure (Lorg/springframework/scheduling/concurrent/ThreadPoolTaskExecutor;)Lorg/springframework/scheduling/concurrent/ThreadPoolTaskExecutor; 213 <appendix> member <vmtarget> ; # org/springframework/boot/task/ThreadPoolTaskExecutorBuilder$$Lambda+0x000000003d4388e8
instanceKlass  @bci org/springframework/boot/task/ThreadPoolTaskExecutorBuilder configure (Lorg/springframework/scheduling/concurrent/ThreadPoolTaskExecutor;)Lorg/springframework/scheduling/concurrent/ThreadPoolTaskExecutor; 188 <appendix> member <vmtarget> ; # org/springframework/boot/task/ThreadPoolTaskExecutorBuilder$$Lambda+0x000000003d4386a8
instanceKlass  @cpi org/springframework/boot/task/ThreadPoolTaskExecutorBuilder 292 form vmentry <vmtarget> ; # java/lang/invoke/LambdaForm$DMH+0x000000003d43c000
instanceKlass  @bci org/springframework/boot/task/ThreadPoolTaskExecutorBuilder configure (Lorg/springframework/scheduling/concurrent/ThreadPoolTaskExecutor;)Lorg/springframework/scheduling/concurrent/ThreadPoolTaskExecutor; 174 <appendix> argL0 ; # org/springframework/boot/task/ThreadPoolTaskExecutorBuilder$$Lambda+0x000000003d438480
instanceKlass  @bci org/springframework/boot/task/ThreadPoolTaskExecutorBuilder configure (Lorg/springframework/scheduling/concurrent/ThreadPoolTaskExecutor;)Lorg/springframework/scheduling/concurrent/ThreadPoolTaskExecutor; 158 <appendix> member <vmtarget> ; # org/springframework/boot/task/ThreadPoolTaskExecutorBuilder$$Lambda+0x000000003d438240
instanceKlass  @bci org/springframework/boot/task/ThreadPoolTaskExecutorBuilder configure (Lorg/springframework/scheduling/concurrent/ThreadPoolTaskExecutor;)Lorg/springframework/scheduling/concurrent/ThreadPoolTaskExecutor; 136 <appendix> member <vmtarget> ; # org/springframework/boot/task/ThreadPoolTaskExecutorBuilder$$Lambda+0x000000003d438000
instanceKlass  @bci org/springframework/boot/task/ThreadPoolTaskExecutorBuilder configure (Lorg/springframework/scheduling/concurrent/ThreadPoolTaskExecutor;)Lorg/springframework/scheduling/concurrent/ThreadPoolTaskExecutor; 114 <appendix> member <vmtarget> ; # org/springframework/boot/task/ThreadPoolTaskExecutorBuilder$$Lambda+0x000000003d431c68
instanceKlass  @bci org/springframework/boot/task/ThreadPoolTaskExecutorBuilder configure (Lorg/springframework/scheduling/concurrent/ThreadPoolTaskExecutor;)Lorg/springframework/scheduling/concurrent/ThreadPoolTaskExecutor; 92 <appendix> member <vmtarget> ; # org/springframework/boot/task/ThreadPoolTaskExecutorBuilder$$Lambda+0x000000003d431a28
instanceKlass  @bci org/springframework/boot/task/ThreadPoolTaskExecutorBuilder configure (Lorg/springframework/scheduling/concurrent/ThreadPoolTaskExecutor;)Lorg/springframework/scheduling/concurrent/ThreadPoolTaskExecutor; 78 <appendix> argL0 ; # org/springframework/boot/task/ThreadPoolTaskExecutorBuilder$$Lambda+0x000000003d431800
instanceKlass  @bci org/springframework/boot/task/ThreadPoolTaskExecutorBuilder configure (Lorg/springframework/scheduling/concurrent/ThreadPoolTaskExecutor;)Lorg/springframework/scheduling/concurrent/ThreadPoolTaskExecutor; 62 <appendix> member <vmtarget> ; # org/springframework/boot/task/ThreadPoolTaskExecutorBuilder$$Lambda+0x000000003d433c20
instanceKlass  @bci org/springframework/boot/task/ThreadPoolTaskExecutorBuilder configure (Lorg/springframework/scheduling/concurrent/ThreadPoolTaskExecutor;)Lorg/springframework/scheduling/concurrent/ThreadPoolTaskExecutor; 40 <appendix> member <vmtarget> ; # org/springframework/boot/task/ThreadPoolTaskExecutorBuilder$$Lambda+0x000000003d4339e0
instanceKlass  @bci org/springframework/boot/task/ThreadPoolTaskExecutorBuilder configure (Lorg/springframework/scheduling/concurrent/ThreadPoolTaskExecutor;)Lorg/springframework/scheduling/concurrent/ThreadPoolTaskExecutor; 18 <appendix> member <vmtarget> ; # org/springframework/boot/task/ThreadPoolTaskExecutorBuilder$$Lambda+0x000000003d4337a0
instanceKlass  @bci org/springframework/boot/task/ThreadPoolTaskExecutorBuilder append (Ljava/util/Set;Ljava/lang/Iterable;)Ljava/util/Set; 26 <appendix> member <vmtarget> ; # org/springframework/boot/task/ThreadPoolTaskExecutorBuilder$$Lambda+0x000000003d432cc8
instanceKlass  @bci org/springframework/boot/autoconfigure/task/TaskExecutorConfigurations$ThreadPoolTaskExecutorBuilderConfiguration threadPoolTaskExecutorBuilder (Lorg/springframework/boot/autoconfigure/task/TaskExecutionProperties;Lorg/springframework/beans/factory/ObjectProvider;Lorg/springframework/beans/factory/ObjectProvider;)Lorg/springframework/boot/task/ThreadPoolTaskExecutorBuilder; 144 <appendix> member <vmtarget> ; # org/springframework/boot/autoconfigure/task/TaskExecutorConfigurations$ThreadPoolTaskExecutorBuilderConfiguration$$Lambda+0x000000003d432a78
# instanceKlass java/lang/invoke/LambdaForm$MH+0x000000003d431400
# instanceKlass java/lang/invoke/LambdaForm$MH+0x000000003d431000
# instanceKlass java/lang/invoke/LambdaForm$MH+0x000000003d430c00
instanceKlass org/springframework/boot/autoconfigure/task/TaskExecutionProperties$Pool$Shutdown
instanceKlass org/springframework/core/task/TaskDecorator
instanceKlass org/springframework/boot/task/ThreadPoolTaskExecutorCustomizer
instanceKlass org/springframework/boot/web/server/servlet/context/WebServerStartStopLifecycle
instanceKlass org/springframework/boot/web/server/context/WebServerGracefulShutdownLifecycle
instanceKlass org/apache/naming/ContextAccessController
instanceKlass java/util/concurrent/ForkJoinPool$DefaultForkJoinWorkerThreadFactory
instanceKlass java/util/concurrent/ForkJoinPool$1
instanceKlass jdk/internal/access/JavaUtilConcurrentFJPAccess
instanceKlass java/util/concurrent/ForkJoinTask
instanceKlass java/util/concurrent/ForkJoinPool$WorkQueue
instanceKlass java/util/concurrent/ForkJoinPool$ForkJoinWorkerThreadFactory
instanceKlass org/apache/naming/StringManager
instanceKlass java/util/concurrent/locks/AbstractQueuedSynchronizer$Node
instanceKlass  @bci org/apache/catalina/core/StandardServer startPeriodicLifecycleEvent ()V 76 <appendix> member <vmtarget> ; # org/apache/catalina/core/StandardServer$$Lambda+0x000000003d437310
instanceKlass org/apache/naming/ContextBindings
instanceKlass  @bci org/apache/catalina/core/StandardServer startInternal ()V 108 <appendix> member <vmtarget> ; # org/apache/catalina/core/StandardServer$$Lambda+0x000000003d436ed0
instanceKlass org/apache/catalina/core/ContainerBase$ContainerBackgroundProcessor
instanceKlass org/apache/catalina/mapper/Mapper$ContextList
instanceKlass java/util/concurrent/Executors$RunnableAdapter
instanceKlass org/apache/catalina/core/ContainerBase$ContainerBackgroundProcessorMonitor
instanceKlass  @bci org/springframework/boot/tomcat/TomcatWebServer removeServiceConnectors ()V 2 <appendix> member <vmtarget> ; # org/springframework/boot/tomcat/TomcatWebServer$$Lambda+0x000000003d435950
instanceKlass  @bci org/apache/catalina/core/ApplicationFilterConfig registerJMX ()V 141 <appendix> form vmentry <vmtarget> ; # java/lang/invoke/LambdaForm$MH+0x000000003d430800
instanceKlass jdk/internal/vm/annotation/IntrinsicCandidate
instanceKlass org/apache/catalina/core/ApplicationFilterConfig
instanceKlass java/util/LinkedList$Node
instanceKlass jakarta/servlet/HttpConstraintElement
instanceKlass org/apache/tomcat/websocket/server/WsContextListener
instanceKlass jakarta/servlet/GenericFilter
instanceKlass  @bci java/util/Comparator comparingLong (Ljava/util/function/ToLongFunction;)Ljava/util/Comparator; 6 <appendix> member <vmtarget> ; # java/util/Comparator$$Lambda+0x000000003d3cb650
instanceKlass  @bci org/apache/tomcat/websocket/server/WsWriteTimeout <init> ()V 9 <appendix> argL0 ; # org/apache/tomcat/websocket/server/WsWriteTimeout$$Lambda+0x000000003d42f818
instanceKlass  @cpi jdk/jfr/internal/TypeLibrary 863 form vmentry <vmtarget> ; # java/lang/invoke/LambdaForm$DMH+0x000000003d430000
instanceKlass java/nio/channels/CompletionHandler
instanceKlass jakarta/websocket/SendHandler
instanceKlass org/apache/tomcat/websocket/server/WsWriteTimeout
instanceKlass org/apache/tomcat/websocket/WsExtension
instanceKlass jakarta/websocket/Extension
instanceKlass org/apache/tomcat/websocket/Constants
instanceKlass jakarta/websocket/CloseReason
instanceKlass jakarta/websocket/Session
instanceKlass jakarta/websocket/EndpointConfig
instanceKlass org/apache/tomcat/websocket/WsRemoteEndpointImplBase
instanceKlass jakarta/websocket/RemoteEndpoint
instanceKlass org/apache/tomcat/websocket/AsyncChannelWrapper
instanceKlass org/apache/tomcat/websocket/ClientEndpointHolder
instanceKlass jakarta/websocket/HandshakeResponse
instanceKlass jakarta/websocket/CloseReason$CloseCode
instanceKlass org/apache/tomcat/websocket/WsWebSocketContainer
instanceKlass org/apache/tomcat/websocket/BackgroundProcess
instanceKlass jakarta/websocket/server/ServerContainer
instanceKlass jakarta/websocket/WebSocketContainer
instanceKlass org/apache/catalina/core/ApplicationFilterRegistration
instanceKlass org/apache/tomcat/util/descriptor/web/Constants
instanceKlass org/apache/catalina/core/ApplicationServletRegistration
instanceKlass org/apache/tomcat/util/modeler/Util
instanceKlass org/apache/catalina/core/StandardWrapperFacade
instanceKlass  @bci org/springframework/boot/web/servlet/ServletContextInitializerBeans <init> (Lorg/springframework/beans/factory/ListableBeanFactory;[Ljava/lang/Class;)V 72 <appendix> argL0 ; # org/springframework/boot/web/servlet/ServletContextInitializerBeans$$Lambda+0x000000003d4295c0
instanceKlass org/springframework/boot/web/servlet/ServletContextInitializerBeans$ServletListenerRegistrationBeanAdapter
instanceKlass jakarta/servlet/ServletContextListener
instanceKlass jakarta/servlet/http/HttpSessionListener
instanceKlass jakarta/servlet/http/HttpSessionIdListener
instanceKlass jakarta/servlet/http/HttpSessionAttributeListener
instanceKlass jakarta/servlet/ServletRequestAttributeListener
instanceKlass jakarta/servlet/ServletContextAttributeListener
instanceKlass org/springframework/boot/web/servlet/FilterRegistration
instanceKlass jakarta/servlet/FilterChain
instanceKlass jakarta/servlet/FilterConfig
instanceKlass org/springframework/boot/web/servlet/ServletContextInitializerBeans$FilterRegistrationBeanAdapter
instanceKlass org/springframework/boot/web/servlet/ServletContextInitializerBeans$ServletRegistrationBeanAdapter
instanceKlass  @bci org/springframework/boot/web/servlet/ServletContextInitializerBeans$Seen add (Ljava/lang/Class;Ljava/lang/Object;)Z 16 <appendix> argL0 ; # org/springframework/boot/web/servlet/ServletContextInitializerBeans$Seen$$Lambda+0x000000003d4273b8
instanceKlass  @bci org/springframework/boot/web/servlet/ServletContextInitializerBeans getOrderedBeansOfType (Lorg/springframework/beans/factory/ListableBeanFactory;Ljava/lang/Class;Lorg/springframework/boot/web/servlet/ServletContextInitializerBeans$Seen;)Ljava/util/List; 121 <appendix> argL0 ; # org/springframework/boot/web/servlet/ServletContextInitializerBeans$$Lambda+0x000000003d427118
instanceKlass org/springframework/boot/web/servlet/ServletContextInitializerBeans$Seen
instanceKlass org/apache/catalina/loader/WebappClassLoaderBase$CombinedEnumeration
instanceKlass org/springframework/boot/web/servlet/ServletContextInitializerBeans$RegistrationBeanAdapter
instanceKlass org/springframework/web/context/support/ServletContextScope
instanceKlass  @bci org/apache/coyote/http11/Http11Processor prepareResponse ()V 647 <appendix> form vmentry <vmtarget> ; # java/lang/invoke/LambdaForm$MH+0x000000003d424400
instanceKlass  @bci org/springframework/boot/web/server/servlet/ServletContextInitializers$SessionConfiguringInitializer configureSessionCookie (Ljakarta/servlet/SessionCookieConfig;)V 218 <appendix> member <vmtarget> ; # org/springframework/boot/web/server/servlet/ServletContextInitializers$SessionConfiguringInitializer$$Lambda+0x000000003d426228
instanceKlass  @bci org/springframework/boot/web/server/servlet/ServletContextInitializers$SessionConfiguringInitializer configureSessionCookie (Ljakarta/servlet/SessionCookieConfig;)V 209 <appendix> argL0 ; # org/springframework/boot/web/server/servlet/ServletContextInitializers$SessionConfiguringInitializer$$Lambda+0x000000003d426000
instanceKlass  @bci org/springframework/boot/web/server/servlet/ServletContextInitializers$SessionConfiguringInitializer configureSessionCookie (Ljakarta/servlet/SessionCookieConfig;)V 201 <appendix> member <vmtarget> ; # org/springframework/boot/web/server/servlet/ServletContextInitializers$SessionConfiguringInitializer$$Lambda+0x000000003d423bf8
instanceKlass  @bci org/springframework/boot/web/server/servlet/ServletContextInitializers$SessionConfiguringInitializer configureSessionCookie (Ljakarta/servlet/SessionCookieConfig;)V 186 <appendix> member <vmtarget> ; # org/springframework/boot/web/server/servlet/ServletContextInitializers$SessionConfiguringInitializer$$Lambda+0x000000003d4239b8
instanceKlass  @bci org/springframework/boot/web/server/servlet/ServletContextInitializers$SessionConfiguringInitializer configureSessionCookie (Ljakarta/servlet/SessionCookieConfig;)V 172 <appendix> argL0 ; # org/springframework/boot/web/server/servlet/ServletContextInitializers$SessionConfiguringInitializer$$Lambda+0x000000003d423790
instanceKlass  @bci org/springframework/boot/web/server/servlet/ServletContextInitializers$SessionConfiguringInitializer configureSessionCookie (Ljakarta/servlet/SessionCookieConfig;)V 164 <appendix> member <vmtarget> ; # org/springframework/boot/web/server/servlet/ServletContextInitializers$SessionConfiguringInitializer$$Lambda+0x000000003d423560
instanceKlass  @bci org/springframework/boot/web/server/servlet/ServletContextInitializers$SessionConfiguringInitializer configureSessionCookie (Ljakarta/servlet/SessionCookieConfig;)V 149 <appendix> member <vmtarget> ; # org/springframework/boot/web/server/servlet/ServletContextInitializers$SessionConfiguringInitializer$$Lambda+0x000000003d423320
instanceKlass  @bci org/springframework/boot/web/server/servlet/ServletContextInitializers$SessionConfiguringInitializer configureSessionCookie (Ljakarta/servlet/SessionCookieConfig;)V 135 <appendix> member <vmtarget> ; # org/springframework/boot/web/server/servlet/ServletContextInitializers$SessionConfiguringInitializer$$Lambda+0x000000003d4230f0
instanceKlass  @bci org/springframework/boot/web/server/servlet/ServletContextInitializers$SessionConfiguringInitializer configureSessionCookie (Ljakarta/servlet/SessionCookieConfig;)V 120 <appendix> member <vmtarget> ; # org/springframework/boot/web/server/servlet/ServletContextInitializers$SessionConfiguringInitializer$$Lambda+0x000000003d422eb0
instanceKlass  @bci org/springframework/boot/web/server/servlet/ServletContextInitializers$SessionConfiguringInitializer configureSessionCookie (Ljakarta/servlet/SessionCookieConfig;)V 106 <appendix> member <vmtarget> ; # org/springframework/boot/web/server/servlet/ServletContextInitializers$SessionConfiguringInitializer$$Lambda+0x000000003d422c80
instanceKlass  @bci org/springframework/boot/web/server/servlet/ServletContextInitializers$SessionConfiguringInitializer configureSessionCookie (Ljakarta/servlet/SessionCookieConfig;)V 91 <appendix> member <vmtarget> ; # org/springframework/boot/web/server/servlet/ServletContextInitializers$SessionConfiguringInitializer$$Lambda+0x000000003d422a40
instanceKlass  @bci org/springframework/boot/web/server/servlet/ServletContextInitializers$SessionConfiguringInitializer configureSessionCookie (Ljakarta/servlet/SessionCookieConfig;)V 77 <appendix> member <vmtarget> ; # org/springframework/boot/web/server/servlet/ServletContextInitializers$SessionConfiguringInitializer$$Lambda+0x000000003d422810
instanceKlass  @bci org/springframework/boot/web/server/servlet/ServletContextInitializers$SessionConfiguringInitializer configureSessionCookie (Ljakarta/servlet/SessionCookieConfig;)V 62 <appendix> member <vmtarget> ; # org/springframework/boot/web/server/servlet/ServletContextInitializers$SessionConfiguringInitializer$$Lambda+0x000000003d4225d0
instanceKlass  @bci org/springframework/boot/web/server/servlet/ServletContextInitializers$SessionConfiguringInitializer configureSessionCookie (Ljakarta/servlet/SessionCookieConfig;)V 48 <appendix> member <vmtarget> ; # org/springframework/boot/web/server/servlet/ServletContextInitializers$SessionConfiguringInitializer$$Lambda+0x000000003d4223a0
instanceKlass  @bci org/springframework/boot/web/server/servlet/ServletContextInitializers$SessionConfiguringInitializer configureSessionCookie (Ljakarta/servlet/SessionCookieConfig;)V 33 <appendix> member <vmtarget> ; # org/springframework/boot/web/server/servlet/ServletContextInitializers$SessionConfiguringInitializer$$Lambda+0x000000003d422160
instanceKlass  @bci org/springframework/boot/web/server/servlet/ServletContextInitializers$SessionConfiguringInitializer configureSessionCookie (Ljakarta/servlet/SessionCookieConfig;)V 19 <appendix> member <vmtarget> ; # org/springframework/boot/web/server/servlet/ServletContextInitializers$SessionConfiguringInitializer$$Lambda+0x000000003d421f30
instanceKlass  @bci org/springframework/boot/web/server/servlet/ServletContextInitializers lambda$from$0 (Lorg/springframework/boot/web/server/servlet/ServletWebServerSettings;Ljakarta/servlet/ServletContext;)V 10 <appendix> member <vmtarget> ; # org/springframework/boot/web/server/servlet/ServletContextInitializers$$Lambda+0x000000003d421cf0
instanceKlass  @cpi org/springframework/boot/web/server/servlet/ServletContextInitializers 116 form vmentry <vmtarget> ; # java/lang/invoke/LambdaForm$DMH+0x000000003d424000
instanceKlass org/apache/tomcat/InstanceManagerBindings
instanceKlass org/apache/catalina/core/DefaultInstanceManager
instanceKlass org/apache/tomcat/util/descriptor/web/FilterDef
instanceKlass org/apache/catalina/startup/WebAnnotationSet
instanceKlass  @bci org/apache/catalina/loader/WebappLoader startInternal ()V 202 <appendix> form vmentry <vmtarget> ; # java/lang/invoke/LambdaForm$MH+0x000000003d41c800
instanceKlass org/apache/catalina/webresources/EmptyResource
instanceKlass org/apache/tomcat/util/compat/JrePlatform
instanceKlass org/apache/catalina/webresources/CachedResource
instanceKlass java/util/zip/ZipFile$ZipEntryIterator
instanceKlass org/apache/tomcat/util/http/RequestUtil
instanceKlass org/apache/tomcat/util/concurrent/KeyedReentrantReadWriteLock
instanceKlass org/apache/catalina/WebResourceLockSet
instanceKlass org/apache/tomcat/util/buf/UriUtil
instanceKlass org/apache/catalina/webresources/TomcatURLStreamHandlerFactory
# instanceKlass java/lang/invoke/LambdaForm$MH+0x000000003d41c000
instanceKlass org/apache/catalina/core/ApplicationSessionCookieConfig
instanceKlass org/apache/catalina/core/ApplicationContextFacade
instanceKlass jakarta/servlet/RequestDispatcher
instanceKlass jakarta/servlet/FilterRegistration$Dynamic
instanceKlass jakarta/servlet/FilterRegistration
instanceKlass jakarta/servlet/SessionCookieConfig
instanceKlass org/apache/catalina/core/ApplicationContext
instanceKlass org/apache/catalina/util/ContextName
instanceKlass org/apache/catalina/webresources/StandardRoot$1
instanceKlass org/apache/catalina/webresources/StandardRoot$BaseLocation
instanceKlass  @bci org/springframework/boot/web/server/servlet/StaticResourceJars getUrls ()Ljava/util/List; 58 <appendix> argL0 ; # org/springframework/boot/web/server/servlet/StaticResourceJars$$Lambda+0x000000003d415988
instanceKlass  @bci org/springframework/boot/web/server/servlet/StaticResourceJars getUrls ()Ljava/util/List; 48 <appendix> member <vmtarget> ; # org/springframework/boot/web/server/servlet/StaticResourceJars$$Lambda+0x000000003d415738
instanceKlass java/util/concurrent/FutureTask$WaitNode
instanceKlass java/util/concurrent/FutureTask
instanceKlass org/apache/catalina/realm/X509SubjectDnRetriever
instanceKlass java/util/logging/LogRecord
instanceKlass java/text/StringBufFactory$StringBufferImpl
instanceKlass org/apache/tomcat/util/threads/ScheduledThreadPoolExecutor
instanceKlass java/util/concurrent/RunnableScheduledFuture
instanceKlass java/util/concurrent/ScheduledFuture
instanceKlass java/util/concurrent/Delayed
instanceKlass java/util/concurrent/RunnableFuture
instanceKlass java/util/concurrent/Future
instanceKlass org/apache/tomcat/util/threads/TaskThreadFactory
instanceKlass org/apache/tomcat/util/buf/StringUtils
instanceKlass org/apache/catalina/util/ServerInfo
instanceKlass org/apache/catalina/connector/CoyoteAdapter
instanceKlass org/apache/catalina/Executor
instanceKlass org/apache/catalina/mbeans/MBeanUtils
instanceKlass org/apache/catalina/mbeans/MBeanFactory
instanceKlass org/apache/tomcat/util/buf/StringCache
instanceKlass sun/management/Util
instanceKlass javax/management/ObjectName$Property
instanceKlass org/apache/tomcat/util/net/SocketWrapperBase
instanceKlass org/apache/tomcat/util/net/SSLImplementation
# instanceKlass java/lang/invoke/LambdaForm$MH+0x000000003d414c00
# instanceKlass java/lang/invoke/LambdaForm$MH+0x000000003d414800
# instanceKlass java/lang/invoke/LambdaForm$MH+0x000000003d414400
# instanceKlass java/lang/invoke/LambdaForm$DMH+0x000000003d414000
instanceKlass  @bci org/springframework/boot/tomcat/TomcatWebServer disableBindOnInit ()V 1 <appendix> argL0 ; # org/springframework/boot/tomcat/TomcatWebServer$$Lambda+0x000000003d4127e0
instanceKlass  @bci org/springframework/boot/tomcat/TomcatWebServer initialize ()V 37 <appendix> member <vmtarget> ; # org/springframework/boot/tomcat/TomcatWebServer$$Lambda+0x000000003d4125b0
instanceKlass org/springframework/boot/tomcat/GracefulShutdown
instanceKlass  @bci org/springframework/boot/tomcat/autoconfigure/TomcatWebServerFactoryCustomizer lambda$customizeStaticResources$0 (Lorg/springframework/boot/tomcat/autoconfigure/TomcatServerProperties$Resource;Lorg/apache/catalina/Context;)V 3 <appendix> member <vmtarget> ; # org/springframework/boot/tomcat/autoconfigure/TomcatWebServerFactoryCustomizer$$Lambda+0x000000003d411938
instanceKlass org/springframework/boot/tomcat/DisableReferenceClearingContextCustomizer
instanceKlass  @bci org/springframework/boot/system/ApplicationTemp assertDirectoryOwnership (Ljava/nio/file/attribute/UserPrincipal;Ljava/nio/file/Path;)V 19 <appendix> member <vmtarget> ; # org/springframework/boot/system/ApplicationTemp$$Lambda+0x000000003d4114d8
instanceKlass  @bci org/springframework/boot/system/ApplicationTemp createDirectory (Ljava/nio/file/Path;)Ljava/nio/file/Path; 133 <appendix> member <vmtarget> ; # org/springframework/boot/system/ApplicationTemp$$Lambda+0x000000003d4112a8
instanceKlass  @bci org/springframework/boot/system/ApplicationTemp getTempDirectory ()Ljava/nio/file/Path; 50 <appendix> member <vmtarget> ; # org/springframework/boot/system/ApplicationTemp$$Lambda+0x000000003d411078
instanceKlass  @bci org/springframework/boot/system/ApplicationTemp getTempDirectory ()Ljava/nio/file/Path; 33 <appendix> member <vmtarget> ; # org/springframework/boot/system/ApplicationTemp$$Lambda+0x000000003d410e48
instanceKlass jdk/internal/util/HexDigits
instanceKlass sun/nio/fs/WindowsUserPrincipals$User
instanceKlass java/nio/file/attribute/UserPrincipal
instanceKlass sun/nio/fs/WindowsUserPrincipals
instanceKlass sun/nio/fs/AbstractAclFileAttributeView
instanceKlass sun/nio/fs/FileOwnerAttributeViewImpl
instanceKlass java/nio/file/attribute/AclFileAttributeView
instanceKlass java/nio/file/attribute/DosFileAttributeView
instanceKlass java/nio/file/attribute/FileOwnerAttributeView
instanceKlass sun/nio/fs/WindowsChannelFactory$2
instanceKlass org/springframework/boot/system/ApplicationTemp
instanceKlass  @bci org/springframework/boot/tomcat/servlet/TomcatServletWebServerFactory configurePersistSession (Lorg/apache/catalina/Manager;)V 5 <appendix> member <vmtarget> ; # org/springframework/boot/tomcat/servlet/TomcatServletWebServerFactory$$Lambda+0x000000003d4109f0
instanceKlass java/io/ObjectStreamConstants
instanceKlass java/io/ObjectInput
instanceKlass org/apache/catalina/Session
instanceKlass org/apache/tomcat/util/buf/UDecoder
instanceKlass org/springframework/boot/tomcat/servlet/DeferredServletContainerInitializers
instanceKlass org/apache/catalina/core/StandardHost$MemoryLeakTrackingListener
instanceKlass org/springframework/boot/web/server/servlet/ServletContextInitializers$SessionConfiguringInitializer
instanceKlass  @bci org/springframework/boot/web/server/servlet/ServletContextInitializers from (Lorg/springframework/boot/web/server/servlet/ServletWebServerSettings;[Lorg/springframework/boot/web/servlet/ServletContextInitializer;)Lorg/springframework/boot/web/server/servlet/ServletContextInitializers; 10 <appendix> member <vmtarget> ; # org/springframework/boot/web/server/servlet/ServletContextInitializers$$Lambda+0x000000003d40b5c0
instanceKlass org/springframework/boot/web/server/servlet/ServletContextInitializers
instanceKlass org/springframework/boot/tomcat/servlet/TomcatServletWebServerFactory$StaticResourceConfigurer
instanceKlass org/apache/tomcat/util/collections/ConcurrentLruCache
instanceKlass org/apache/tomcat/util/scan/StandardJarScanner
instanceKlass org/apache/tomcat/util/scan/StandardJarScanFilter
instanceKlass  @bci org/springframework/boot/tomcat/servlet/TomcatServletWebServerFactory addLocaleMappings (Lorg/springframework/boot/tomcat/TomcatEmbeddedContext;)V 8 <appendix> member <vmtarget> ; # org/springframework/boot/tomcat/servlet/TomcatServletWebServerFactory$$Lambda+0x000000003d40fd58
instanceKlass org/apache/catalina/util/CharsetMapper
instanceKlass org/apache/catalina/startup/Tomcat$FixContextListener
instanceKlass org/apache/catalina/util/URLEncoder
instanceKlass  @bci org/springframework/boot/tomcat/servlet/TomcatServletWebServerFactory prepareContext (Lorg/apache/catalina/Host;[Lorg/springframework/boot/web/servlet/ServletContextInitializer;)V 68 <appendix> member <vmtarget> ; # org/springframework/boot/tomcat/servlet/TomcatServletWebServerFactory$$Lambda+0x000000003d40f4b8
instanceKlass java/util/concurrent/ThreadLocalRandom$Access$1
instanceKlass jdk/internal/access/JavaUtilConcurrentTLRAccess
instanceKlass java/util/concurrent/ThreadLocalRandom$Access
instanceKlass org/apache/catalina/WebResource
instanceKlass org/apache/catalina/webresources/Cache
instanceKlass org/apache/catalina/WebResourceSet
instanceKlass  @bci org/springframework/boot/tomcat/TomcatEmbeddedContext$DeferredStartupExceptions <clinit> ()V 0 <appendix> argL0 ; # org/springframework/boot/tomcat/TomcatEmbeddedContext$DeferredStartupExceptions$$Lambda+0x000000003d40e788
instanceKlass jdk/internal/logger/LoggerFinderLoader
instanceKlass jdk/internal/logger/LazyLoggers$LazyLoggerFactories
instanceKlass jdk/internal/logger/LazyLoggers$1
instanceKlass jdk/internal/logger/LazyLoggers
instanceKlass com/sun/jmx/remote/util/ClassLogger
instanceKlass javax/management/NotificationBroadcasterSupport$1
instanceKlass javax/management/NotificationBroadcasterSupport
instanceKlass org/apache/catalina/Globals
instanceKlass org/apache/catalina/core/StandardContext$ContextFilterMaps
instanceKlass org/apache/catalina/util/ErrorPageSupport
instanceKlass org/apache/tomcat/util/descriptor/web/XmlEncodingBase
instanceKlass org/apache/tomcat/util/descriptor/web/ApplicationParameter
instanceKlass org/apache/catalina/core/StandardContext$1
instanceKlass org/apache/tomcat/InstanceManager
instanceKlass org/apache/tomcat/JarScanner
instanceKlass org/apache/catalina/ThreadBindingListener
instanceKlass org/springframework/boot/web/server/servlet/DocumentRoot
instanceKlass org/apache/catalina/realm/RealmBase$AllRolesMode
instanceKlass org/apache/catalina/realm/DigestCredentialHandlerBase
instanceKlass org/apache/catalina/realm/X509UsernameRetriever
instanceKlass org/apache/catalina/CredentialHandler
instanceKlass org/apache/catalina/AccessLog
instanceKlass org/apache/catalina/Pipeline
instanceKlass org/apache/tomcat/util/threads/LimitLatch
instanceKlass org/springframework/boot/tomcat/CompressionConnectorCustomizer
instanceKlass org/apache/tomcat/util/buf/CharsetUtil
instanceKlass org/apache/tomcat/util/buf/CharsetCache
instanceKlass org/apache/tomcat/util/buf/B2CConverter
instanceKlass  @bci org/springframework/boot/tomcat/TomcatWebServerFactory invokeProtocolHandlerCustomizers (Lorg/apache/coyote/ProtocolHandler;)V 16 <appendix> member <vmtarget> ; # org/springframework/boot/tomcat/TomcatWebServerFactory$$Lambda+0x000000003d4006e8
instanceKlass org/apache/tomcat/util/net/SSLHostConfig
instanceKlass org/apache/coyote/Response
instanceKlass org/apache/coyote/Request
instanceKlass org/apache/tomcat/util/http/parser/HttpParser
instanceKlass javax/management/ObjectName
instanceKlass javax/management/QueryExp
instanceKlass org/apache/tomcat/util/XReflectionIntrospectionUtils
instanceKlass org/apache/tomcat/util/IntrospectionUtils
instanceKlass org/apache/catalina/ContainerListener
instanceKlass org/apache/tomcat/util/buf/AbstractChunk
instanceKlass org/apache/catalina/mapper/Mapper$MapElement
instanceKlass org/apache/catalina/mapper/Mapper
instanceKlass org/apache/tomcat/util/file/ConfigFileLoader
instanceKlass org/apache/tomcat/util/file/ConfigurationSource$1
instanceKlass org/apache/catalina/startup/CatalinaBaseConfigurationSource
instanceKlass org/apache/tomcat/util/descriptor/web/ResourceBase
instanceKlass org/apache/tomcat/util/descriptor/web/Injectable
instanceKlass org/apache/tomcat/util/descriptor/web/NamingResources
instanceKlass java/beans/PropertyChangeListener
instanceKlass java/beans/ChangeListenerMap
instanceKlass java/beans/PropertyChangeSupport
instanceKlass org/apache/coyote/CompressionConfig
instanceKlass org/apache/tomcat/util/collections/SynchronizedStack
instanceKlass javax/management/NotificationFilter
instanceKlass org/apache/tomcat/util/modeler/BaseModelMBean
instanceKlass javax/management/modelmbean/ModelMBeanNotificationBroadcaster
instanceKlass org/apache/coyote/AbstractProtocol$ConnectionHandler
instanceKlass org/apache/tomcat/util/net/SocketProperties
instanceKlass org/apache/tomcat/util/net/NioChannel
instanceKlass org/apache/tomcat/util/net/SocketProcessorBase
instanceKlass org/apache/tomcat/util/net/AbstractEndpoint
instanceKlass org/apache/coyote/Adapter
instanceKlass java/io/DeleteOnExitHook$1
instanceKlass java/io/DeleteOnExitHook
instanceKlass sun/nio/fs/WindowsPath$1
instanceKlass sun/security/provider/AbstractDrbg$NonceProvider
instanceKlass  @bci sun/security/provider/AbstractDrbg$SeederHolder <clinit> ()V 42 <appendix> member <vmtarget> ; # sun/security/provider/AbstractDrbg$SeederHolder$$Lambda+0x000000003d27e040
instanceKlass  @cpi sun/security/provider/AbstractDrbg$SeederHolder 91 form vmentry <vmtarget> ; # java/lang/invoke/LambdaForm$DMH+0x000000003d3b1c00
# instanceKlass java/lang/invoke/LambdaForm$DMH+0x000000003d3b1800
instanceKlass java/net/NetworkInterface$1
instanceKlass java/net/DefaultInterface
instanceKlass java/net/InterfaceAddress
instanceKlass java/net/NetworkInterface
instanceKlass sun/security/provider/ByteArrayAccess$BE
instanceKlass sun/security/provider/ByteArrayAccess
instanceKlass sun/security/util/MessageDigestSpi2
instanceKlass sun/security/jca/GetInstance$Instance
instanceKlass sun/security/jca/GetInstance
instanceKlass java/security/MessageDigestSpi
instanceKlass sun/security/provider/SeedGenerator
instanceKlass sun/security/provider/AbstractDrbg$SeederHolder
instanceKlass java/security/DrbgParameters$NextBytes
instanceKlass java/nio/file/TempFileHelper
instanceKlass  @bci org/apache/tomcat/util/threads/TaskThreadFactory newThread (Ljava/lang/Runnable;)Ljava/lang/Thread; 20 <appendix> form vmentry <vmtarget> ; # java/lang/invoke/LambdaForm$MH+0x000000003d3b1400
instanceKlass org/apache/tomcat/util/ExceptionUtils
instanceKlass java/lang/Thread$Builder$OfVirtual
instanceKlass java/lang/Thread$Builder$OfPlatform
instanceKlass java/lang/Thread$Builder
instanceKlass java/security/AlgorithmConstraints
instanceKlass javax/net/ssl/SSLParameters
instanceKlass java/security/PrivilegedExceptionAction
instanceKlass org/apache/tomcat/util/compat/JreCompat
instanceKlass org/apache/catalina/Service
instanceKlass org/apache/tomcat/util/file/ConfigurationSource
instanceKlass org/apache/catalina/Server
instanceKlass org/apache/catalina/Realm
instanceKlass org/apache/catalina/Wrapper
instanceKlass javax/management/MBeanFeatureInfo
instanceKlass javax/management/DescriptorRead
instanceKlass org/apache/tomcat/util/modeler/FeatureInfo
instanceKlass org/apache/tomcat/util/modeler/NoDescriptorRegistry$NoJmxMBeanServer
instanceKlass org/apache/tomcat/util/modeler/ManagedBean
instanceKlass javax/management/MBeanServer
instanceKlass javax/management/MBeanServerConnection
instanceKlass org/apache/tomcat/util/modeler/Registry
instanceKlass org/apache/tomcat/util/modeler/RegistryMBean
instanceKlass  @bci org/springframework/boot/web/server/servlet/context/ServletWebServerApplicationContext getSelfInitializer ()Lorg/springframework/boot/web/servlet/ServletContextInitializer; 8 <appendix> member <vmtarget> ; # org/springframework/boot/web/server/servlet/context/ServletWebServerApplicationContext$$Lambda+0x000000003d3b4220
instanceKlass org/springframework/boot/web/context/servlet/WebApplicationContextInitializer
instanceKlass jakarta/servlet/ServletRegistration$Dynamic
instanceKlass  @bci org/springframework/boot/servlet/autoconfigure/MultipartProperties createMultipartConfig ()Ljakarta/servlet/MultipartConfigElement; 95 <appendix> member <vmtarget> ; # org/springframework/boot/servlet/autoconfigure/MultipartProperties$$Lambda+0x000000003d3afac8
instanceKlass  @bci org/springframework/boot/servlet/autoconfigure/MultipartProperties createMultipartConfig ()Ljakarta/servlet/MultipartConfigElement; 73 <appendix> member <vmtarget> ; # org/springframework/boot/servlet/autoconfigure/MultipartProperties$$Lambda+0x000000003d3af888
instanceKlass  @bci org/springframework/boot/servlet/autoconfigure/MultipartProperties createMultipartConfig ()Ljakarta/servlet/MultipartConfigElement; 51 <appendix> member <vmtarget> ; # org/springframework/boot/servlet/autoconfigure/MultipartProperties$$Lambda+0x000000003d3af648
instanceKlass  @bci org/springframework/boot/servlet/autoconfigure/MultipartProperties createMultipartConfig ()Ljakarta/servlet/MultipartConfigElement; 26 <appendix> member <vmtarget> ; # org/springframework/boot/servlet/autoconfigure/MultipartProperties$$Lambda+0x000000003d3af408
instanceKlass org/springframework/boot/servlet/MultipartConfigFactory
instanceKlass  @bci org/springframework/boot/context/properties/bind/handler/NoUnboundElementsBindHandler collectUnbound (Lorg/springframework/boot/context/properties/source/ConfigurationPropertyName;Ljava/util/Set;Lorg/springframework/boot/context/properties/source/IterableConfigurationPropertySource;)V 3 <appendix> member <vmtarget> ; # org/springframework/boot/context/properties/bind/handler/NoUnboundElementsBindHandler$$Lambda+0x000000003d3aef68
instanceKlass  @bci org/springframework/util/unit/DataSize parse (Ljava/lang/CharSequence;Lorg/springframework/util/unit/DataUnit;)Lorg/springframework/util/unit/DataSize; 24 <appendix> member <vmtarget> ; # org/springframework/util/unit/DataSize$$Lambda+0x000000003d3ae8e8
instanceKlass org/springframework/util/unit/DataSize$DataSizeUtils
instanceKlass org/springframework/boot/convert/DataSizeUnit
instanceKlass org/springframework/boot/context/properties/source/UnboundElementsSourceFilter
instanceKlass  @bci org/springframework/boot/webmvc/autoconfigure/DispatcherServletAutoConfiguration$DispatcherServletRegistrationConfiguration dispatcherServletRegistration (Lorg/springframework/web/servlet/DispatcherServlet;Lorg/springframework/boot/webmvc/autoconfigure/WebMvcProperties;Lorg/springframework/beans/factory/ObjectProvider;)Lorg/springframework/boot/webmvc/autoconfigure/DispatcherServletRegistrationBean; 44 <appendix> member <vmtarget> ; # org/springframework/boot/webmvc/autoconfigure/DispatcherServletAutoConfiguration$DispatcherServletRegistrationConfiguration$$Lambda+0x000000003d3addc0
instanceKlass jakarta/servlet/Registration$Dynamic
# instanceKlass java/lang/invoke/LambdaForm$MH+0x000000003d3b0c00
# instanceKlass java/lang/invoke/LambdaForm$MH+0x000000003d3b0800
# instanceKlass java/lang/invoke/LambdaForm$MH+0x000000003d3b0400
# instanceKlass java/lang/invoke/LambdaForm$DMH+0x000000003d3b0000
instanceKlass org/springframework/web/context/request/async/WebAsyncManager
instanceKlass org/springframework/web/context/request/AbstractRequestAttributes
instanceKlass org/springframework/web/servlet/ModelAndView
instanceKlass org/springframework/web/servlet/HandlerExecutionChain
instanceKlass org/springframework/web/ErrorResponse
instanceKlass org/springframework/web/context/request/async/CallableProcessingInterceptor
instanceKlass org/springframework/context/i18n/LocaleContext
instanceKlass jakarta/servlet/AsyncListener
instanceKlass  @bci org/springframework/boot/tomcat/autoconfigure/WebSocketTomcatWebServerFactoryCustomizer customize (Lorg/springframework/boot/tomcat/ConfigurableTomcatWebServerFactory;)V 7 <appendix> argL0 ; # org/springframework/boot/tomcat/autoconfigure/WebSocketTomcatWebServerFactoryCustomizer$$Lambda+0x000000003d3a4c50
instanceKlass  @bci org/springframework/boot/tomcat/autoconfigure/servlet/TomcatServletWebServerFactoryCustomizer customizeUseRelativeRedirects (Lorg/springframework/boot/tomcat/ConfigurableTomcatWebServerFactory;Z)V 8 <appendix> member <vmtarget> ; # org/springframework/boot/tomcat/autoconfigure/servlet/TomcatServletWebServerFactoryCustomizer$$Lambda+0x000000003d3a4a28
instanceKlass  @bci org/springframework/boot/tomcat/autoconfigure/servlet/TomcatServletWebServerFactoryCustomizer customizeRedirectContextRoot (Lorg/springframework/boot/tomcat/ConfigurableTomcatWebServerFactory;Z)V 8 <appendix> member <vmtarget> ; # org/springframework/boot/tomcat/autoconfigure/servlet/TomcatServletWebServerFactoryCustomizer$$Lambda+0x000000003d3a4800
instanceKlass org/springframework/boot/tomcat/autoconfigure/TomcatWebServerFactoryCustomizer$1
instanceKlass  @bci org/springframework/boot/tomcat/autoconfigure/TomcatWebServerFactoryCustomizer customizeStaticResources (Lorg/springframework/boot/tomcat/ConfigurableTomcatWebServerFactory;)V 16 <appendix> member <vmtarget> ; # org/springframework/boot/tomcat/autoconfigure/TomcatWebServerFactoryCustomizer$$Lambda+0x000000003d3a5b08
instanceKlass  @bci org/springframework/boot/tomcat/autoconfigure/TomcatWebServerFactoryCustomizer customize (Lorg/springframework/boot/tomcat/ConfigurableTomcatWebServerFactory;)V 823 <appendix> member <vmtarget> ; # org/springframework/boot/tomcat/autoconfigure/TomcatWebServerFactoryCustomizer$$Lambda+0x000000003d3a58c8
instanceKlass  @bci org/springframework/boot/tomcat/autoconfigure/TomcatWebServerFactoryCustomizer customize (Lorg/springframework/boot/tomcat/ConfigurableTomcatWebServerFactory;)V 809 <appendix> argL0 ; # org/springframework/boot/tomcat/autoconfigure/TomcatWebServerFactoryCustomizer$$Lambda+0x000000003d3a56a0
instanceKlass  @bci org/springframework/boot/tomcat/autoconfigure/TomcatWebServerFactoryCustomizer customize (Lorg/springframework/boot/tomcat/ConfigurableTomcatWebServerFactory;)V 801 <appendix> member <vmtarget> ; # org/springframework/boot/tomcat/autoconfigure/TomcatWebServerFactoryCustomizer$$Lambda+0x000000003d3a5470
instanceKlass  @bci org/springframework/boot/tomcat/autoconfigure/TomcatWebServerFactoryCustomizer customize (Lorg/springframework/boot/tomcat/ConfigurableTomcatWebServerFactory;)V 780 <appendix> member <vmtarget> ; # org/springframework/boot/tomcat/autoconfigure/TomcatWebServerFactoryCustomizer$$Lambda+0x000000003d3a5230
instanceKlass  @bci org/springframework/boot/tomcat/autoconfigure/TomcatWebServerFactoryCustomizer customize (Lorg/springframework/boot/tomcat/ConfigurableTomcatWebServerFactory;)V 767 <appendix> member <vmtarget> ; # org/springframework/boot/tomcat/autoconfigure/TomcatWebServerFactoryCustomizer$$Lambda+0x000000003d3a5000
instanceKlass  @bci org/springframework/boot/tomcat/autoconfigure/TomcatWebServerFactoryCustomizer customize (Lorg/springframework/boot/tomcat/ConfigurableTomcatWebServerFactory;)V 758 <appendix> member <vmtarget> ; # org/springframework/boot/tomcat/autoconfigure/TomcatWebServerFactoryCustomizer$$Lambda+0x000000003d3a7ce0
instanceKlass  @bci java/util/stream/Collectors joining ()Ljava/util/stream/Collector; 19 <appendix> argL0 ; # java/util/stream/Collectors$$Lambda+0x000000003d278460
instanceKlass  @bci java/util/stream/Collectors joining ()Ljava/util/stream/Collector; 14 <appendix> argL0 ; # java/util/stream/Collectors$$Lambda+0x000000003d278210
instanceKlass  @bci java/util/stream/Collectors joining ()Ljava/util/stream/Collector; 9 <appendix> argL0 ; # java/util/stream/Collectors$$Lambda+0x000000003d277fd8
instanceKlass  @bci java/util/stream/Collectors joining ()Ljava/util/stream/Collector; 4 <appendix> argL0 ; # java/util/stream/Collectors$$Lambda+0x000000003d277db0
instanceKlass  @bci org/springframework/boot/tomcat/autoconfigure/TomcatWebServerFactoryCustomizer joinCharacters (Ljava/util/List;)Ljava/lang/String; 6 <appendix> argL0 ; # org/springframework/boot/tomcat/autoconfigure/TomcatWebServerFactoryCustomizer$$Lambda+0x000000003d3a7a98
instanceKlass  @bci org/springframework/boot/tomcat/autoconfigure/TomcatWebServerFactoryCustomizer customize (Lorg/springframework/boot/tomcat/ConfigurableTomcatWebServerFactory;)V 740 <appendix> member <vmtarget> ; # org/springframework/boot/tomcat/autoconfigure/TomcatWebServerFactoryCustomizer$$Lambda+0x000000003d3a7858
instanceKlass  @bci org/springframework/boot/context/properties/PropertyMapper$Source whenHasText ()Lorg/springframework/boot/context/properties/PropertyMapper$Source; 1 <appendix> argL0 ; # org/springframework/boot/context/properties/PropertyMapper$Source$$Lambda+0x000000003d3a7600
instanceKlass  @bci org/springframework/boot/tomcat/autoconfigure/TomcatWebServerFactoryCustomizer customize (Lorg/springframework/boot/tomcat/ConfigurableTomcatWebServerFactory;)V 727 <appendix> member <vmtarget> ; # org/springframework/boot/tomcat/autoconfigure/TomcatWebServerFactoryCustomizer$$Lambda+0x000000003d3a73d0
instanceKlass  @bci org/springframework/boot/tomcat/autoconfigure/TomcatWebServerFactoryCustomizer customize (Lorg/springframework/boot/tomcat/ConfigurableTomcatWebServerFactory;)V 718 <appendix> member <vmtarget> ; # org/springframework/boot/tomcat/autoconfigure/TomcatWebServerFactoryCustomizer$$Lambda+0x000000003d3a71a0
instanceKlass  @bci org/springframework/boot/tomcat/autoconfigure/TomcatWebServerFactoryCustomizer customizeMaxKeepAliveRequests (Lorg/springframework/boot/tomcat/ConfigurableTomcatWebServerFactory;I)V 5 <appendix> argL0 ; # org/springframework/boot/tomcat/autoconfigure/TomcatWebServerFactoryCustomizer$$Lambda+0x000000003d3a6f78
instanceKlass  @bci org/springframework/boot/tomcat/autoconfigure/TomcatWebServerFactoryCustomizer customize (Lorg/springframework/boot/tomcat/ConfigurableTomcatWebServerFactory;)V 700 <appendix> member <vmtarget> ; # org/springframework/boot/tomcat/autoconfigure/TomcatWebServerFactoryCustomizer$$Lambda+0x000000003d3a6d38
instanceKlass  @bci org/springframework/boot/tomcat/autoconfigure/TomcatWebServerFactoryCustomizer customize (Lorg/springframework/boot/tomcat/ConfigurableTomcatWebServerFactory;)V 690 <appendix> member <vmtarget> ; # org/springframework/boot/tomcat/autoconfigure/TomcatWebServerFactoryCustomizer$$Lambda+0x000000003d3a6b08
instanceKlass  @bci org/springframework/boot/tomcat/autoconfigure/TomcatWebServerFactoryCustomizer customize (Lorg/springframework/boot/tomcat/ConfigurableTomcatWebServerFactory;)V 672 <appendix> member <vmtarget> ; # org/springframework/boot/tomcat/autoconfigure/TomcatWebServerFactoryCustomizer$$Lambda+0x000000003d3a68c8
instanceKlass  @bci org/springframework/boot/tomcat/autoconfigure/TomcatWebServerFactoryCustomizer customize (Lorg/springframework/boot/tomcat/ConfigurableTomcatWebServerFactory;)V 662 <appendix> member <vmtarget> ; # org/springframework/boot/tomcat/autoconfigure/TomcatWebServerFactoryCustomizer$$Lambda+0x000000003d3a6698
instanceKlass  @bci org/springframework/boot/tomcat/autoconfigure/TomcatWebServerFactoryCustomizer customizeProcessorCache (Lorg/springframework/boot/tomcat/ConfigurableTomcatWebServerFactory;I)V 5 <appendix> argL0 ; # org/springframework/boot/tomcat/autoconfigure/TomcatWebServerFactoryCustomizer$$Lambda+0x000000003d3a6470
instanceKlass  @bci org/springframework/boot/tomcat/autoconfigure/TomcatWebServerFactoryCustomizer customize (Lorg/springframework/boot/tomcat/ConfigurableTomcatWebServerFactory;)V 644 <appendix> member <vmtarget> ; # org/springframework/boot/tomcat/autoconfigure/TomcatWebServerFactoryCustomizer$$Lambda+0x000000003d3a6230
instanceKlass  @bci org/springframework/boot/tomcat/autoconfigure/TomcatWebServerFactoryCustomizer customize (Lorg/springframework/boot/tomcat/ConfigurableTomcatWebServerFactory;)V 634 <appendix> member <vmtarget> ; # org/springframework/boot/tomcat/autoconfigure/TomcatWebServerFactoryCustomizer$$Lambda+0x000000003d3a6000
instanceKlass  @bci org/springframework/boot/tomcat/autoconfigure/TomcatWebServerFactoryCustomizer customizeAcceptCount (Lorg/springframework/boot/tomcat/ConfigurableTomcatWebServerFactory;I)V 5 <appendix> argL0 ; # org/springframework/boot/tomcat/autoconfigure/TomcatWebServerFactoryCustomizer$$Lambda+0x000000003d3a3c20
instanceKlass  @bci org/springframework/boot/tomcat/autoconfigure/TomcatWebServerFactoryCustomizer customize (Lorg/springframework/boot/tomcat/ConfigurableTomcatWebServerFactory;)V 616 <appendix> member <vmtarget> ; # org/springframework/boot/tomcat/autoconfigure/TomcatWebServerFactoryCustomizer$$Lambda+0x000000003d3a39e0
instanceKlass  @bci org/springframework/boot/tomcat/autoconfigure/TomcatWebServerFactoryCustomizer customize (Lorg/springframework/boot/tomcat/ConfigurableTomcatWebServerFactory;)V 606 <appendix> member <vmtarget> ; # org/springframework/boot/tomcat/autoconfigure/TomcatWebServerFactoryCustomizer$$Lambda+0x000000003d3a3780
instanceKlass  @bci org/springframework/boot/tomcat/autoconfigure/TomcatWebServerFactoryCustomizer customize (Lorg/springframework/boot/tomcat/ConfigurableTomcatWebServerFactory;)V 597 <appendix> member <vmtarget> ; # org/springframework/boot/tomcat/autoconfigure/TomcatWebServerFactoryCustomizer$$Lambda+0x000000003d3a3550
instanceKlass  @bci org/springframework/boot/tomcat/autoconfigure/TomcatWebServerFactoryCustomizer customizeMaxConnections (Lorg/springframework/boot/tomcat/ConfigurableTomcatWebServerFactory;I)V 5 <appendix> argL0 ; # org/springframework/boot/tomcat/autoconfigure/TomcatWebServerFactoryCustomizer$$Lambda+0x000000003d3a3328
instanceKlass  @bci org/springframework/boot/tomcat/autoconfigure/TomcatWebServerFactoryCustomizer customize (Lorg/springframework/boot/tomcat/ConfigurableTomcatWebServerFactory;)V 579 <appendix> member <vmtarget> ; # org/springframework/boot/tomcat/autoconfigure/TomcatWebServerFactoryCustomizer$$Lambda+0x000000003d3a30e8
instanceKlass  @bci org/springframework/boot/tomcat/autoconfigure/TomcatWebServerFactoryCustomizer customize (Lorg/springframework/boot/tomcat/ConfigurableTomcatWebServerFactory;)V 569 <appendix> member <vmtarget> ; # org/springframework/boot/tomcat/autoconfigure/TomcatWebServerFactoryCustomizer$$Lambda+0x000000003d3a2e88
instanceKlass  @bci org/springframework/boot/tomcat/autoconfigure/TomcatWebServerFactoryCustomizer customize (Lorg/springframework/boot/tomcat/ConfigurableTomcatWebServerFactory;)V 560 <appendix> member <vmtarget> ; # org/springframework/boot/tomcat/autoconfigure/TomcatWebServerFactoryCustomizer$$Lambda+0x000000003d3a2c58
instanceKlass  @bci org/springframework/boot/tomcat/autoconfigure/TomcatWebServerFactoryCustomizer customize (Lorg/springframework/boot/tomcat/ConfigurableTomcatWebServerFactory;)V 542 <appendix> member <vmtarget> ; # org/springframework/boot/tomcat/autoconfigure/TomcatWebServerFactoryCustomizer$$Lambda+0x000000003d3a2a18
instanceKlass  @bci org/springframework/boot/tomcat/autoconfigure/TomcatWebServerFactoryCustomizer customize (Lorg/springframework/boot/tomcat/ConfigurableTomcatWebServerFactory;)V 532 <appendix> member <vmtarget> ; # org/springframework/boot/tomcat/autoconfigure/TomcatWebServerFactoryCustomizer$$Lambda+0x000000003d3a27e8
instanceKlass  @bci org/springframework/boot/tomcat/autoconfigure/TomcatWebServerFactoryCustomizer customize (Lorg/springframework/boot/tomcat/ConfigurableTomcatWebServerFactory;)V 514 <appendix> member <vmtarget> ; # org/springframework/boot/tomcat/autoconfigure/TomcatWebServerFactoryCustomizer$$Lambda+0x000000003d3a25a8
instanceKlass  @bci org/springframework/boot/tomcat/autoconfigure/TomcatWebServerFactoryCustomizer customize (Lorg/springframework/boot/tomcat/ConfigurableTomcatWebServerFactory;)V 500 <appendix> member <vmtarget> ; # org/springframework/boot/tomcat/autoconfigure/TomcatWebServerFactoryCustomizer$$Lambda+0x000000003d3a2378
instanceKlass  @bci org/springframework/boot/tomcat/autoconfigure/TomcatWebServerFactoryCustomizer customize (Lorg/springframework/boot/tomcat/ConfigurableTomcatWebServerFactory;)V 482 <appendix> member <vmtarget> ; # org/springframework/boot/tomcat/autoconfigure/TomcatWebServerFactoryCustomizer$$Lambda+0x000000003d3a2138
instanceKlass  @bci org/springframework/boot/tomcat/autoconfigure/TomcatWebServerFactoryCustomizer customize (Lorg/springframework/boot/tomcat/ConfigurableTomcatWebServerFactory;)V 472 <appendix> argL0 ; # org/springframework/boot/tomcat/autoconfigure/TomcatWebServerFactoryCustomizer$$Lambda+0x000000003d3a1ee0
instanceKlass  @bci org/springframework/boot/tomcat/autoconfigure/TomcatWebServerFactoryCustomizer customize (Lorg/springframework/boot/tomcat/ConfigurableTomcatWebServerFactory;)V 464 <appendix> member <vmtarget> ; # org/springframework/boot/tomcat/autoconfigure/TomcatWebServerFactoryCustomizer$$Lambda+0x000000003d3a1cb0
instanceKlass  @bci org/springframework/boot/tomcat/autoconfigure/TomcatWebServerFactoryCustomizer customizeMaxPartCount (Lorg/springframework/boot/tomcat/ConfigurableTomcatWebServerFactory;I)V 8 <appendix> member <vmtarget> ; # org/springframework/boot/tomcat/autoconfigure/TomcatWebServerFactoryCustomizer$$Lambda+0x000000003d3a1a88
instanceKlass  @bci org/springframework/boot/tomcat/autoconfigure/TomcatWebServerFactoryCustomizer customize (Lorg/springframework/boot/tomcat/ConfigurableTomcatWebServerFactory;)V 446 <appendix> member <vmtarget> ; # org/springframework/boot/tomcat/autoconfigure/TomcatWebServerFactoryCustomizer$$Lambda+0x000000003d3a1848
instanceKlass  @bci org/springframework/boot/tomcat/autoconfigure/TomcatWebServerFactoryCustomizer customize (Lorg/springframework/boot/tomcat/ConfigurableTomcatWebServerFactory;)V 436 <appendix> member <vmtarget> ; # org/springframework/boot/tomcat/autoconfigure/TomcatWebServerFactoryCustomizer$$Lambda+0x000000003d3a1618
instanceKlass  @bci org/springframework/boot/tomcat/autoconfigure/TomcatWebServerFactoryCustomizer customizeMaxPartHeaderSize (Lorg/springframework/boot/tomcat/ConfigurableTomcatWebServerFactory;I)V 8 <appendix> member <vmtarget> ; # org/springframework/boot/tomcat/autoconfigure/TomcatWebServerFactoryCustomizer$$Lambda+0x000000003d3a13f0
instanceKlass  @bci org/springframework/boot/tomcat/autoconfigure/TomcatWebServerFactoryCustomizer customize (Lorg/springframework/boot/tomcat/ConfigurableTomcatWebServerFactory;)V 418 <appendix> member <vmtarget> ; # org/springframework/boot/tomcat/autoconfigure/TomcatWebServerFactoryCustomizer$$Lambda+0x000000003d3a11b0
instanceKlass  @bci org/springframework/boot/tomcat/autoconfigure/TomcatWebServerFactoryCustomizer customize (Lorg/springframework/boot/tomcat/ConfigurableTomcatWebServerFactory;)V 408 <appendix> argL0 ; # org/springframework/boot/tomcat/autoconfigure/TomcatWebServerFactoryCustomizer$$Lambda+0x000000003d3a0f88
instanceKlass  @bci org/springframework/boot/tomcat/autoconfigure/TomcatWebServerFactoryCustomizer customize (Lorg/springframework/boot/tomcat/ConfigurableTomcatWebServerFactory;)V 400 <appendix> member <vmtarget> ; # org/springframework/boot/tomcat/autoconfigure/TomcatWebServerFactoryCustomizer$$Lambda+0x000000003d3a0d58
instanceKlass  @bci org/springframework/boot/tomcat/autoconfigure/TomcatWebServerFactoryCustomizer customizeMaxParameterCount (Lorg/springframework/boot/tomcat/ConfigurableTomcatWebServerFactory;I)V 8 <appendix> member <vmtarget> ; # org/springframework/boot/tomcat/autoconfigure/TomcatWebServerFactoryCustomizer$$Lambda+0x000000003d3a0b30
instanceKlass  @bci org/springframework/boot/tomcat/autoconfigure/TomcatWebServerFactoryCustomizer customize (Lorg/springframework/boot/tomcat/ConfigurableTomcatWebServerFactory;)V 382 <appendix> member <vmtarget> ; # org/springframework/boot/tomcat/autoconfigure/TomcatWebServerFactoryCustomizer$$Lambda+0x000000003d3a08f0
instanceKlass  @bci org/springframework/boot/tomcat/autoconfigure/TomcatWebServerFactoryCustomizer customize (Lorg/springframework/boot/tomcat/ConfigurableTomcatWebServerFactory;)V 372 <appendix> member <vmtarget> ; # org/springframework/boot/tomcat/autoconfigure/TomcatWebServerFactoryCustomizer$$Lambda+0x000000003d3a06c0
instanceKlass  @bci org/springframework/boot/tomcat/autoconfigure/TomcatWebServerFactoryCustomizer customizeMaxHttpFormPostSize (Lorg/springframework/boot/tomcat/ConfigurableTomcatWebServerFactory;I)V 8 <appendix> member <vmtarget> ; # org/springframework/boot/tomcat/autoconfigure/TomcatWebServerFactoryCustomizer$$Lambda+0x000000003d3a0498
instanceKlass  @cpi org/springframework/boot/tomcat/autoconfigure/servlet/TomcatServletWebServerFactoryCustomizer 115 form vmentry <vmtarget> ; # java/lang/invoke/LambdaForm$DMH+0x000000003d3a4000
instanceKlass  @bci org/springframework/boot/tomcat/autoconfigure/TomcatWebServerFactoryCustomizer customize (Lorg/springframework/boot/tomcat/ConfigurableTomcatWebServerFactory;)V 354 <appendix> member <vmtarget> ; # org/springframework/boot/tomcat/autoconfigure/TomcatWebServerFactoryCustomizer$$Lambda+0x000000003d3a0258
instanceKlass  @bci org/springframework/boot/tomcat/autoconfigure/TomcatWebServerFactoryCustomizer customize (Lorg/springframework/boot/tomcat/ConfigurableTomcatWebServerFactory;)V 344 <appendix> argL0 ; # org/springframework/boot/tomcat/autoconfigure/TomcatWebServerFactoryCustomizer$$Lambda+0x000000003d3a0000
instanceKlass  @bci org/springframework/boot/tomcat/autoconfigure/TomcatWebServerFactoryCustomizer customize (Lorg/springframework/boot/tomcat/ConfigurableTomcatWebServerFactory;)V 336 <appendix> argL0 ; # org/springframework/boot/tomcat/autoconfigure/TomcatWebServerFactoryCustomizer$$Lambda+0x000000003d398c58
instanceKlass  @bci org/springframework/boot/tomcat/autoconfigure/TomcatWebServerFactoryCustomizer customize (Lorg/springframework/boot/tomcat/ConfigurableTomcatWebServerFactory;)V 328 <appendix> member <vmtarget> ; # org/springframework/boot/tomcat/autoconfigure/TomcatWebServerFactoryCustomizer$$Lambda+0x000000003d398a28
instanceKlass  @bci org/springframework/boot/tomcat/autoconfigure/TomcatWebServerFactoryCustomizer customizeMaxSwallowSize (Lorg/springframework/boot/tomcat/ConfigurableTomcatWebServerFactory;I)V 5 <appendix> argL0 ; # org/springframework/boot/tomcat/autoconfigure/TomcatWebServerFactoryCustomizer$$Lambda+0x000000003d398800
instanceKlass  @bci org/springframework/boot/tomcat/autoconfigure/TomcatWebServerFactoryCustomizer customize (Lorg/springframework/boot/tomcat/ConfigurableTomcatWebServerFactory;)V 310 <appendix> member <vmtarget> ; # org/springframework/boot/tomcat/autoconfigure/TomcatWebServerFactoryCustomizer$$Lambda+0x000000003d399d48
instanceKlass  @bci org/springframework/boot/tomcat/autoconfigure/TomcatWebServerFactoryCustomizer customize (Lorg/springframework/boot/tomcat/ConfigurableTomcatWebServerFactory;)V 300 <appendix> argL0 ; # org/springframework/boot/tomcat/autoconfigure/TomcatWebServerFactoryCustomizer$$Lambda+0x000000003d399b20
instanceKlass  @bci org/springframework/boot/tomcat/autoconfigure/TomcatWebServerFactoryCustomizer customize (Lorg/springframework/boot/tomcat/ConfigurableTomcatWebServerFactory;)V 292 <appendix> member <vmtarget> ; # org/springframework/boot/tomcat/autoconfigure/TomcatWebServerFactoryCustomizer$$Lambda+0x000000003d3998f0
instanceKlass  @bci org/springframework/boot/tomcat/autoconfigure/TomcatWebServerFactoryCustomizer customizeMaxHttpResponseHeaderSize (Lorg/springframework/boot/tomcat/ConfigurableTomcatWebServerFactory;I)V 5 <appendix> argL0 ; # org/springframework/boot/tomcat/autoconfigure/TomcatWebServerFactoryCustomizer$$Lambda+0x000000003d3996c8
instanceKlass  @bci org/springframework/boot/tomcat/autoconfigure/TomcatWebServerFactoryCustomizer customize (Lorg/springframework/boot/tomcat/ConfigurableTomcatWebServerFactory;)V 274 <appendix> member <vmtarget> ; # org/springframework/boot/tomcat/autoconfigure/TomcatWebServerFactoryCustomizer$$Lambda+0x000000003d399488
instanceKlass  @bci org/springframework/boot/tomcat/autoconfigure/TomcatWebServerFactoryCustomizer customize (Lorg/springframework/boot/tomcat/ConfigurableTomcatWebServerFactory;)V 264 <appendix> member <vmtarget> ; # org/springframework/boot/tomcat/autoconfigure/TomcatWebServerFactoryCustomizer$$Lambda+0x000000003d399228
instanceKlass  @bci org/springframework/boot/tomcat/autoconfigure/TomcatWebServerFactoryCustomizer customize (Lorg/springframework/boot/tomcat/ConfigurableTomcatWebServerFactory;)V 255 <appendix> argL0 ; # org/springframework/boot/tomcat/autoconfigure/TomcatWebServerFactoryCustomizer$$Lambda+0x000000003d399000
instanceKlass  @bci org/springframework/boot/tomcat/autoconfigure/TomcatWebServerFactoryCustomizer customize (Lorg/springframework/boot/tomcat/ConfigurableTomcatWebServerFactory;)V 247 <appendix> member <vmtarget> ; # org/springframework/boot/tomcat/autoconfigure/TomcatWebServerFactoryCustomizer$$Lambda+0x000000003d39bbf8
instanceKlass  @bci org/springframework/boot/tomcat/autoconfigure/TomcatWebServerFactoryCustomizer customizeMaxHttpRequestHeaderSize (Lorg/springframework/boot/tomcat/ConfigurableTomcatWebServerFactory;I)V 5 <appendix> argL0 ; # org/springframework/boot/tomcat/autoconfigure/TomcatWebServerFactoryCustomizer$$Lambda+0x000000003d39b9d0
instanceKlass org/apache/coyote/Processor
instanceKlass  @bci org/springframework/boot/tomcat/autoconfigure/TomcatWebServerFactoryCustomizer customize (Lorg/springframework/boot/tomcat/ConfigurableTomcatWebServerFactory;)V 229 <appendix> member <vmtarget> ; # org/springframework/boot/tomcat/autoconfigure/TomcatWebServerFactoryCustomizer$$Lambda+0x000000003d39ad78
instanceKlass  @bci org/springframework/boot/tomcat/autoconfigure/TomcatWebServerFactoryCustomizer customize (Lorg/springframework/boot/tomcat/ConfigurableTomcatWebServerFactory;)V 219 <appendix> member <vmtarget> ; # org/springframework/boot/tomcat/autoconfigure/TomcatWebServerFactoryCustomizer$$Lambda+0x000000003d39ab18
instanceKlass  @bci org/springframework/boot/context/properties/PropertyMapper$Source asInt (Lorg/springframework/boot/context/properties/PropertyMapper$Source$Adapter;)Lorg/springframework/boot/context/properties/PropertyMapper$Source; 5 <appendix> argL0 ; # org/springframework/boot/context/properties/PropertyMapper$Source$$Lambda+0x000000003d39a8f0
instanceKlass  @bci org/springframework/boot/tomcat/autoconfigure/TomcatWebServerFactoryCustomizer customize (Lorg/springframework/boot/tomcat/ConfigurableTomcatWebServerFactory;)V 210 <appendix> argL0 ; # org/springframework/boot/tomcat/autoconfigure/TomcatWebServerFactoryCustomizer$$Lambda+0x000000003d39a6c8
instanceKlass  @bci org/springframework/boot/tomcat/autoconfigure/TomcatWebServerFactoryCustomizer customizeMaxQueueCapacity (Lorg/springframework/boot/tomcat/ConfigurableTomcatWebServerFactory;I)V 5 <appendix> argL0 ; # org/springframework/boot/tomcat/autoconfigure/TomcatWebServerFactoryCustomizer$$Lambda+0x000000003d39a4a0
instanceKlass  @bci org/springframework/boot/tomcat/autoconfigure/TomcatWebServerFactoryCustomizer customize (Lorg/springframework/boot/tomcat/ConfigurableTomcatWebServerFactory;)V 191 <appendix> member <vmtarget> ; # org/springframework/boot/tomcat/autoconfigure/TomcatWebServerFactoryCustomizer$$Lambda+0x000000003d39a260
instanceKlass  @bci org/springframework/boot/tomcat/autoconfigure/TomcatWebServerFactoryCustomizer customize (Lorg/springframework/boot/tomcat/ConfigurableTomcatWebServerFactory;)V 181 <appendix> member <vmtarget> ; # org/springframework/boot/tomcat/autoconfigure/TomcatWebServerFactoryCustomizer$$Lambda+0x000000003d39a000
instanceKlass  @bci org/springframework/boot/tomcat/autoconfigure/TomcatWebServerFactoryCustomizer customize (Lorg/springframework/boot/tomcat/ConfigurableTomcatWebServerFactory;)V 172 <appendix> member <vmtarget> ; # org/springframework/boot/tomcat/autoconfigure/TomcatWebServerFactoryCustomizer$$Lambda+0x000000003d39fba8
instanceKlass  @bci org/springframework/boot/tomcat/autoconfigure/TomcatWebServerFactoryCustomizer customizeMinThreads (Lorg/springframework/boot/tomcat/ConfigurableTomcatWebServerFactory;I)V 5 <appendix> argL0 ; # org/springframework/boot/tomcat/autoconfigure/TomcatWebServerFactoryCustomizer$$Lambda+0x000000003d39f980
instanceKlass  @bci org/springframework/boot/tomcat/autoconfigure/TomcatWebServerFactoryCustomizer customize (Lorg/springframework/boot/tomcat/ConfigurableTomcatWebServerFactory;)V 157 <appendix> member <vmtarget> ; # org/springframework/boot/tomcat/autoconfigure/TomcatWebServerFactoryCustomizer$$Lambda+0x000000003d39f740
instanceKlass  @bci org/springframework/boot/tomcat/autoconfigure/TomcatWebServerFactoryCustomizer customize (Lorg/springframework/boot/tomcat/ConfigurableTomcatWebServerFactory;)V 147 <appendix> member <vmtarget> ; # org/springframework/boot/tomcat/autoconfigure/TomcatWebServerFactoryCustomizer$$Lambda+0x000000003d39f4e0
instanceKlass  @bci org/springframework/boot/tomcat/autoconfigure/TomcatWebServerFactoryCustomizer customize (Lorg/springframework/boot/tomcat/ConfigurableTomcatWebServerFactory;)V 138 <appendix> member <vmtarget> ; # org/springframework/boot/tomcat/autoconfigure/TomcatWebServerFactoryCustomizer$$Lambda+0x000000003d39f2b0
instanceKlass  @bci org/springframework/boot/tomcat/autoconfigure/TomcatWebServerFactoryCustomizer customizeHandler (Lorg/springframework/boot/tomcat/ConfigurableTomcatWebServerFactory;ILjava/lang/Class;Ljava/util/function/ObjIntConsumer;)V 11 <appendix> member <vmtarget> ; # org/springframework/boot/tomcat/autoconfigure/TomcatWebServerFactoryCustomizer$$Lambda+0x000000003d39f080
instanceKlass  @cpi org/springframework/boot/tomcat/autoconfigure/TomcatWebServerFactoryCustomizer 1155 form vmentry <vmtarget> ; # java/lang/invoke/LambdaForm$DMH+0x000000003d398400
instanceKlass  @bci org/springframework/boot/tomcat/autoconfigure/TomcatWebServerFactoryCustomizer customizeMaxThreads (Lorg/springframework/boot/tomcat/ConfigurableTomcatWebServerFactory;I)V 5 <appendix> argL0 ; # org/springframework/boot/tomcat/autoconfigure/TomcatWebServerFactoryCustomizer$$Lambda+0x000000003d39ee58
instanceKlass org/apache/tomcat/util/net/AbstractEndpoint$Handler
instanceKlass  @bci org/springframework/boot/tomcat/autoconfigure/TomcatWebServerFactoryCustomizer customize (Lorg/springframework/boot/tomcat/ConfigurableTomcatWebServerFactory;)V 123 <appendix> member <vmtarget> ; # org/springframework/boot/tomcat/autoconfigure/TomcatWebServerFactoryCustomizer$$Lambda+0x000000003d39ea10
instanceKlass  @bci org/springframework/boot/tomcat/autoconfigure/TomcatWebServerFactoryCustomizer customize (Lorg/springframework/boot/tomcat/ConfigurableTomcatWebServerFactory;)V 113 <appendix> member <vmtarget> ; # org/springframework/boot/tomcat/autoconfigure/TomcatWebServerFactoryCustomizer$$Lambda+0x000000003d39e7b0
instanceKlass  @bci org/springframework/boot/tomcat/autoconfigure/TomcatWebServerFactoryCustomizer customize (Lorg/springframework/boot/tomcat/ConfigurableTomcatWebServerFactory;)V 104 <appendix> member <vmtarget> ; # org/springframework/boot/tomcat/autoconfigure/TomcatWebServerFactoryCustomizer$$Lambda+0x000000003d39e580
instanceKlass  @bci org/springframework/boot/tomcat/autoconfigure/TomcatWebServerFactoryCustomizer customize (Lorg/springframework/boot/tomcat/ConfigurableTomcatWebServerFactory;)V 76 <appendix> member <vmtarget> ; # org/springframework/boot/tomcat/autoconfigure/TomcatWebServerFactoryCustomizer$$Lambda+0x000000003d39e340
instanceKlass  @bci org/springframework/boot/tomcat/autoconfigure/TomcatWebServerFactoryCustomizer customize (Lorg/springframework/boot/tomcat/ConfigurableTomcatWebServerFactory;)V 62 <appendix> argL0 ; # org/springframework/boot/tomcat/autoconfigure/TomcatWebServerFactoryCustomizer$$Lambda+0x000000003d39e118
instanceKlass  @bci org/springframework/boot/context/properties/PropertyMapper$Source as (Lorg/springframework/boot/context/properties/PropertyMapper$Source$Adapter;)Lorg/springframework/boot/context/properties/PropertyMapper$Source; 15 <appendix> member <vmtarget> ; # org/springframework/boot/context/properties/PropertyMapper$Source$$Lambda+0x000000003d39deb8
instanceKlass  @bci org/springframework/boot/context/properties/PropertyMapper$Source as (Lorg/springframework/boot/context/properties/PropertyMapper$Source$Adapter;)Lorg/springframework/boot/context/properties/PropertyMapper$Source; 8 <appendix> member <vmtarget> ; # org/springframework/boot/context/properties/PropertyMapper$Source$$Lambda+0x000000003d39dc88
instanceKlass  @bci org/springframework/boot/tomcat/autoconfigure/TomcatWebServerFactoryCustomizer customize (Lorg/springframework/boot/tomcat/ConfigurableTomcatWebServerFactory;)V 54 <appendix> argL0 ; # org/springframework/boot/tomcat/autoconfigure/TomcatWebServerFactoryCustomizer$$Lambda+0x000000003d39da60
instanceKlass org/springframework/boot/context/properties/PropertyMapper$Source$Adapter
instanceKlass  @bci org/springframework/boot/tomcat/autoconfigure/TomcatWebServerFactoryCustomizer customize (Lorg/springframework/boot/tomcat/ConfigurableTomcatWebServerFactory;)V 46 <appendix> member <vmtarget> ; # org/springframework/boot/tomcat/autoconfigure/TomcatWebServerFactoryCustomizer$$Lambda+0x000000003d39d628
instanceKlass  @bci org/springframework/boot/tomcat/autoconfigure/TomcatWebServerFactoryCustomizer customize (Lorg/springframework/boot/tomcat/ConfigurableTomcatWebServerFactory;)V 28 <appendix> member <vmtarget> ; # org/springframework/boot/tomcat/autoconfigure/TomcatWebServerFactoryCustomizer$$Lambda+0x000000003d39d3e8
instanceKlass  @bci org/springframework/boot/tomcat/autoconfigure/TomcatWebServerFactoryCustomizer customize (Lorg/springframework/boot/tomcat/ConfigurableTomcatWebServerFactory;)V 14 <appendix> member <vmtarget> ; # org/springframework/boot/tomcat/autoconfigure/TomcatWebServerFactoryCustomizer$$Lambda+0x000000003d39d1b8
instanceKlass org/springframework/boot/util/LambdaSafe$InvocationResult
instanceKlass  @bci org/springframework/boot/web/server/autoconfigure/servlet/ServletWebServerFactoryCustomizer customize (Lorg/springframework/boot/web/server/servlet/ConfigurableServletWebServerFactory;)V 562 <appendix> member <vmtarget> ; # org/springframework/boot/web/server/autoconfigure/servlet/ServletWebServerFactoryCustomizer$$Lambda+0x000000003d39cd60
instanceKlass  @bci org/springframework/boot/web/server/autoconfigure/servlet/ServletWebServerFactoryCustomizer customize (Lorg/springframework/boot/web/server/servlet/ConfigurableServletWebServerFactory;)V 549 <appendix> member <vmtarget> ; # org/springframework/boot/web/server/autoconfigure/servlet/ServletWebServerFactoryCustomizer$$Lambda+0x000000003d39cb20
instanceKlass  @bci org/springframework/boot/web/server/autoconfigure/servlet/ServletWebServerFactoryCustomizer customize (Lorg/springframework/boot/web/server/servlet/ConfigurableServletWebServerFactory;)V 535 <appendix> member <vmtarget> ; # org/springframework/boot/web/server/autoconfigure/servlet/ServletWebServerFactoryCustomizer$$Lambda+0x000000003d39c8f0
instanceKlass  @bci org/springframework/boot/web/server/servlet/ServletWebServerSettings addMimeMappings (Lorg/springframework/boot/web/server/MimeMappings;)V 2 <appendix> member <vmtarget> ; # org/springframework/boot/web/server/servlet/ServletWebServerSettings$$Lambda+0x000000003d39c6b0
instanceKlass  @bci org/springframework/boot/web/server/autoconfigure/servlet/ServletWebServerFactoryCustomizer customize (Lorg/springframework/boot/web/server/servlet/ConfigurableServletWebServerFactory;)V 511 <appendix> member <vmtarget> ; # org/springframework/boot/web/server/autoconfigure/servlet/ServletWebServerFactoryCustomizer$$Lambda+0x000000003d39c470
instanceKlass  @bci org/springframework/boot/web/server/autoconfigure/servlet/ServletWebServerFactoryCustomizer customize (Lorg/springframework/boot/web/server/servlet/ConfigurableServletWebServerFactory;)V 497 <appendix> member <vmtarget> ; # org/springframework/boot/web/server/autoconfigure/servlet/ServletWebServerFactoryCustomizer$$Lambda+0x000000003d39c240
instanceKlass  @bci org/springframework/boot/web/server/autoconfigure/servlet/ServletWebServerFactoryCustomizer customize (Lorg/springframework/boot/web/server/servlet/ConfigurableServletWebServerFactory;)V 479 <appendix> member <vmtarget> ; # org/springframework/boot/web/server/autoconfigure/servlet/ServletWebServerFactoryCustomizer$$Lambda+0x000000003d39c000
instanceKlass  @bci java/util/function/Predicate negate ()Ljava/util/function/Predicate; 1 <appendix> member <vmtarget> ; # java/util/function/Predicate$$Lambda+0x000000003d276f38
instanceKlass  @cpi java/util/function/Predicate 75 form vmentry <vmtarget> ; # java/lang/invoke/LambdaForm$DMH+0x000000003d398000
instanceKlass  @bci org/springframework/boot/web/server/autoconfigure/servlet/ServletWebServerFactoryCustomizer customize (Lorg/springframework/boot/web/server/servlet/ConfigurableServletWebServerFactory;)V 465 <appendix> argL0 ; # org/springframework/boot/web/server/autoconfigure/servlet/ServletWebServerFactoryCustomizer$$Lambda+0x000000003d392400
instanceKlass  @bci org/springframework/boot/web/server/autoconfigure/servlet/ServletWebServerFactoryCustomizer customize (Lorg/springframework/boot/web/server/servlet/ConfigurableServletWebServerFactory;)V 457 <appendix> member <vmtarget> ; # org/springframework/boot/web/server/autoconfigure/servlet/ServletWebServerFactoryCustomizer$$Lambda+0x000000003d392c70
instanceKlass  @bci org/springframework/boot/web/server/autoconfigure/servlet/ServletWebServerFactoryCustomizer customize (Lorg/springframework/boot/web/server/servlet/ConfigurableServletWebServerFactory;)V 447 <appendix> member <vmtarget> ; # org/springframework/boot/web/server/autoconfigure/servlet/ServletWebServerFactoryCustomizer$$Lambda+0x000000003d392a30
instanceKlass  @bci org/springframework/boot/web/server/autoconfigure/servlet/ServletWebServerFactoryCustomizer customize (Lorg/springframework/boot/web/server/servlet/ConfigurableServletWebServerFactory;)V 433 <appendix> member <vmtarget> ; # org/springframework/boot/web/server/autoconfigure/servlet/ServletWebServerFactoryCustomizer$$Lambda+0x000000003d392800
instanceKlass  @bci org/springframework/boot/web/server/autoconfigure/servlet/ServletWebServerFactoryCustomizer customize (Lorg/springframework/boot/web/server/servlet/ConfigurableServletWebServerFactory;)V 423 <appendix> member <vmtarget> ; # org/springframework/boot/web/server/autoconfigure/servlet/ServletWebServerFactoryCustomizer$$Lambda+0x000000003d393d50
instanceKlass  @bci org/springframework/boot/context/properties/PropertyMapper from (Ljava/lang/Object;)Lorg/springframework/boot/context/properties/PropertyMapper$Source; 2 <appendix> member <vmtarget> ; # org/springframework/boot/context/properties/PropertyMapper$$Lambda+0x000000003d393b20
instanceKlass  @bci org/springframework/boot/web/server/autoconfigure/servlet/ServletWebServerFactoryCustomizer customize (Lorg/springframework/boot/web/server/servlet/ConfigurableServletWebServerFactory;)V 398 <appendix> member <vmtarget> ; # org/springframework/boot/web/server/autoconfigure/servlet/ServletWebServerFactoryCustomizer$$Lambda+0x000000003d3938e0
instanceKlass  @bci org/springframework/boot/web/server/autoconfigure/servlet/ServletWebServerFactoryCustomizer customize (Lorg/springframework/boot/web/server/servlet/ConfigurableServletWebServerFactory;)V 384 <appendix> member <vmtarget> ; # org/springframework/boot/web/server/autoconfigure/servlet/ServletWebServerFactoryCustomizer$$Lambda+0x000000003d3936b0
instanceKlass  @bci org/springframework/boot/web/server/autoconfigure/servlet/ServletWebServerFactoryCustomizer customize (Lorg/springframework/boot/web/server/servlet/ConfigurableServletWebServerFactory;)V 363 <appendix> member <vmtarget> ; # org/springframework/boot/web/server/autoconfigure/servlet/ServletWebServerFactoryCustomizer$$Lambda+0x000000003d393470
instanceKlass  @bci org/springframework/boot/web/server/autoconfigure/servlet/ServletWebServerFactoryCustomizer customize (Lorg/springframework/boot/web/server/servlet/ConfigurableServletWebServerFactory;)V 349 <appendix> member <vmtarget> ; # org/springframework/boot/web/server/autoconfigure/servlet/ServletWebServerFactoryCustomizer$$Lambda+0x000000003d393240
instanceKlass  @bci org/springframework/boot/web/server/autoconfigure/servlet/ServletWebServerFactoryCustomizer customize (Lorg/springframework/boot/web/server/servlet/ConfigurableServletWebServerFactory;)V 331 <appendix> member <vmtarget> ; # org/springframework/boot/web/server/autoconfigure/servlet/ServletWebServerFactoryCustomizer$$Lambda+0x000000003d393000
instanceKlass  @bci org/springframework/boot/web/server/autoconfigure/servlet/ServletWebServerFactoryCustomizer customize (Lorg/springframework/boot/web/server/servlet/ConfigurableServletWebServerFactory;)V 317 <appendix> member <vmtarget> ; # org/springframework/boot/web/server/autoconfigure/servlet/ServletWebServerFactoryCustomizer$$Lambda+0x000000003d397dc8
instanceKlass  @bci org/springframework/boot/web/server/autoconfigure/servlet/ServletWebServerFactoryCustomizer customize (Lorg/springframework/boot/web/server/servlet/ConfigurableServletWebServerFactory;)V 299 <appendix> member <vmtarget> ; # org/springframework/boot/web/server/autoconfigure/servlet/ServletWebServerFactoryCustomizer$$Lambda+0x000000003d397b88
instanceKlass  @bci org/springframework/boot/web/server/autoconfigure/servlet/ServletWebServerFactoryCustomizer customize (Lorg/springframework/boot/web/server/servlet/ConfigurableServletWebServerFactory;)V 285 <appendix> member <vmtarget> ; # org/springframework/boot/web/server/autoconfigure/servlet/ServletWebServerFactoryCustomizer$$Lambda+0x000000003d397958
instanceKlass  @bci org/springframework/boot/web/server/autoconfigure/servlet/ServletWebServerFactoryCustomizer customize (Lorg/springframework/boot/web/server/servlet/ConfigurableServletWebServerFactory;)V 267 <appendix> member <vmtarget> ; # org/springframework/boot/web/server/autoconfigure/servlet/ServletWebServerFactoryCustomizer$$Lambda+0x000000003d397718
instanceKlass  @bci org/springframework/boot/web/server/autoconfigure/servlet/ServletWebServerFactoryCustomizer customize (Lorg/springframework/boot/web/server/servlet/ConfigurableServletWebServerFactory;)V 253 <appendix> member <vmtarget> ; # org/springframework/boot/web/server/autoconfigure/servlet/ServletWebServerFactoryCustomizer$$Lambda+0x000000003d3974e8
instanceKlass  @bci org/springframework/boot/web/server/autoconfigure/servlet/ServletWebServerFactoryCustomizer customize (Lorg/springframework/boot/web/server/servlet/ConfigurableServletWebServerFactory;)V 232 <appendix> member <vmtarget> ; # org/springframework/boot/web/server/autoconfigure/servlet/ServletWebServerFactoryCustomizer$$Lambda+0x000000003d3972a8
instanceKlass  @bci org/springframework/boot/web/server/autoconfigure/servlet/ServletWebServerFactoryCustomizer customize (Lorg/springframework/boot/web/server/servlet/ConfigurableServletWebServerFactory;)V 218 <appendix> member <vmtarget> ; # org/springframework/boot/web/server/autoconfigure/servlet/ServletWebServerFactoryCustomizer$$Lambda+0x000000003d397078
instanceKlass  @bci org/springframework/boot/web/server/autoconfigure/servlet/ServletWebServerFactoryCustomizer customize (Lorg/springframework/boot/web/server/servlet/ConfigurableServletWebServerFactory;)V 200 <appendix> member <vmtarget> ; # org/springframework/boot/web/server/autoconfigure/servlet/ServletWebServerFactoryCustomizer$$Lambda+0x000000003d396e38
instanceKlass  @bci org/springframework/boot/web/server/autoconfigure/servlet/ServletWebServerFactoryCustomizer customize (Lorg/springframework/boot/web/server/servlet/ConfigurableServletWebServerFactory;)V 186 <appendix> member <vmtarget> ; # org/springframework/boot/web/server/autoconfigure/servlet/ServletWebServerFactoryCustomizer$$Lambda+0x000000003d396c08
instanceKlass  @bci org/springframework/boot/web/server/autoconfigure/servlet/ServletWebServerFactoryCustomizer customize (Lorg/springframework/boot/web/server/servlet/ConfigurableServletWebServerFactory;)V 165 <appendix> member <vmtarget> ; # org/springframework/boot/web/server/autoconfigure/servlet/ServletWebServerFactoryCustomizer$$Lambda+0x000000003d3969c8
instanceKlass  @bci org/springframework/boot/web/server/autoconfigure/servlet/ServletWebServerFactoryCustomizer customize (Lorg/springframework/boot/web/server/servlet/ConfigurableServletWebServerFactory;)V 151 <appendix> member <vmtarget> ; # org/springframework/boot/web/server/autoconfigure/servlet/ServletWebServerFactoryCustomizer$$Lambda+0x000000003d396798
instanceKlass  @cpi org/springframework/web/util/pattern/PathPattern 420 form vmentry <vmtarget> ; # java/lang/invoke/LambdaForm$DMH+0x000000003d392000
instanceKlass  @bci org/springframework/boot/web/server/autoconfigure/servlet/ServletWebServerFactoryCustomizer customize (Lorg/springframework/boot/web/server/servlet/ConfigurableServletWebServerFactory;)V 130 <appendix> member <vmtarget> ; # org/springframework/boot/web/server/autoconfigure/servlet/ServletWebServerFactoryCustomizer$$Lambda+0x000000003d396558
instanceKlass  @bci org/springframework/boot/web/server/autoconfigure/servlet/ServletWebServerFactoryCustomizer customize (Lorg/springframework/boot/web/server/servlet/ConfigurableServletWebServerFactory;)V 116 <appendix> member <vmtarget> ; # org/springframework/boot/web/server/autoconfigure/servlet/ServletWebServerFactoryCustomizer$$Lambda+0x000000003d396328
instanceKlass  @bci org/springframework/boot/web/server/autoconfigure/servlet/ServletWebServerFactoryCustomizer customize (Lorg/springframework/boot/web/server/servlet/ConfigurableServletWebServerFactory;)V 95 <appendix> member <vmtarget> ; # org/springframework/boot/web/server/autoconfigure/servlet/ServletWebServerFactoryCustomizer$$Lambda+0x000000003d3960e8
instanceKlass  @bci org/springframework/boot/web/server/autoconfigure/servlet/ServletWebServerFactoryCustomizer customize (Lorg/springframework/boot/web/server/servlet/ConfigurableServletWebServerFactory;)V 81 <appendix> member <vmtarget> ; # org/springframework/boot/web/server/autoconfigure/servlet/ServletWebServerFactoryCustomizer$$Lambda+0x000000003d395eb8
instanceKlass  @bci org/springframework/boot/web/server/autoconfigure/servlet/ServletWebServerFactoryCustomizer customize (Lorg/springframework/boot/web/server/servlet/ConfigurableServletWebServerFactory;)V 60 <appendix> member <vmtarget> ; # org/springframework/boot/web/server/autoconfigure/servlet/ServletWebServerFactoryCustomizer$$Lambda+0x000000003d395c78
instanceKlass  @bci org/springframework/boot/web/server/autoconfigure/servlet/ServletWebServerFactoryCustomizer customize (Lorg/springframework/boot/web/server/servlet/ConfigurableServletWebServerFactory;)V 46 <appendix> member <vmtarget> ; # org/springframework/boot/web/server/autoconfigure/servlet/ServletWebServerFactoryCustomizer$$Lambda+0x000000003d395a48
instanceKlass  @bci org/springframework/boot/web/server/autoconfigure/servlet/ServletWebServerFactoryCustomizer customize (Lorg/springframework/boot/web/server/servlet/ConfigurableServletWebServerFactory;)V 28 <appendix> member <vmtarget> ; # org/springframework/boot/web/server/autoconfigure/servlet/ServletWebServerFactoryCustomizer$$Lambda+0x000000003d395808
instanceKlass  @cpi org/springframework/boot/web/server/servlet/ServletContextInitializers$SessionConfiguringInitializer 224 form vmentry <vmtarget> ; # java/lang/invoke/LambdaForm$DMH+0x000000003d391c00
instanceKlass  @bci org/springframework/boot/context/properties/PropertyMapper getSource (Ljava/util/function/Supplier;)Lorg/springframework/boot/context/properties/PropertyMapper$Source; 24 <appendix> argL0 ; # org/springframework/boot/context/properties/PropertyMapper$$Lambda+0x000000003d3955b0
instanceKlass org/springframework/util/function/SingletonSupplier
instanceKlass org/springframework/boot/context/properties/PropertyMapper$Source
instanceKlass  @bci org/springframework/boot/web/server/autoconfigure/servlet/ServletWebServerFactoryCustomizer customize (Lorg/springframework/boot/web/server/servlet/ConfigurableServletWebServerFactory;)V 14 <appendix> member <vmtarget> ; # org/springframework/boot/web/server/autoconfigure/servlet/ServletWebServerFactoryCustomizer$$Lambda+0x000000003d394f28
instanceKlass org/springframework/boot/context/properties/PropertyMapper
instanceKlass  @bci org/springframework/boot/util/LambdaSafe$Callbacks lambda$invoke$0 (Ljava/util/function/Consumer;Ljava/lang/Object;)V 2 <appendix> member <vmtarget> ; # org/springframework/boot/util/LambdaSafe$Callbacks$$Lambda+0x000000003d394ae0
instanceKlass  @bci org/springframework/boot/util/LambdaSafe$Callbacks invoke (Ljava/util/function/Consumer;)V 6 <appendix> member <vmtarget> ; # org/springframework/boot/util/LambdaSafe$Callbacks$$Lambda+0x000000003d3948a0
instanceKlass  @bci org/springframework/boot/web/server/WebServerFactoryCustomizerBeanPostProcessor postProcessBeforeInitialization (Lorg/springframework/boot/web/server/WebServerFactory;)V 23 <appendix> member <vmtarget> ; # org/springframework/boot/web/server/WebServerFactoryCustomizerBeanPostProcessor$$Lambda+0x000000003d394660
instanceKlass org/springframework/boot/util/LambdaSafe$GenericTypeFilter
instanceKlass org/springframework/boot/util/LambdaSafe$Filter
instanceKlass org/springframework/boot/util/LambdaSafe$LambdaSafeCallback
instanceKlass java/lang/Class$EnclosingMethodInfo
instanceKlass org/springframework/boot/util/LambdaSafe
instanceKlass java/util/function/ObjIntConsumer
# instanceKlass java/lang/invoke/LambdaForm$MH+0x000000003d391800
# instanceKlass java/lang/invoke/LambdaForm$DMH+0x000000003d391400
# instanceKlass java/lang/invoke/LambdaForm$MH+0x000000003d391000
# instanceKlass java/lang/invoke/LambdaForm$MH+0x000000003d390c00
# instanceKlass java/lang/invoke/LambdaForm$MH+0x000000003d390800
# instanceKlass java/lang/invoke/LambdaForm$MH+0x000000003d390400
# instanceKlass java/lang/invoke/LambdaForm$MH+0x000000003d390000
instanceKlass  @bci org/springframework/boot/convert/DurationStyle$Unit <clinit> ()V 151 <appendix> argL0 ; # org/springframework/boot/convert/DurationStyle$Unit$$Lambda+0x000000003d389490
instanceKlass  @bci org/springframework/boot/convert/DurationStyle$Unit <clinit> ()V 127 <appendix> argL0 ; # org/springframework/boot/convert/DurationStyle$Unit$$Lambda+0x000000003d389248
instanceKlass  @bci org/springframework/boot/convert/DurationStyle$Unit <clinit> ()V 104 <appendix> argL0 ; # org/springframework/boot/convert/DurationStyle$Unit$$Lambda+0x000000003d389000
instanceKlass  @bci org/springframework/boot/convert/DurationStyle$Unit <clinit> ()V 81 <appendix> argL0 ; # org/springframework/boot/convert/DurationStyle$Unit$$Lambda+0x000000003d38bb78
instanceKlass  @bci org/springframework/boot/convert/DurationStyle$Unit <clinit> ()V 58 <appendix> argL0 ; # org/springframework/boot/convert/DurationStyle$Unit$$Lambda+0x000000003d38b930
instanceKlass  @bci org/springframework/boot/convert/DurationStyle$Unit <clinit> ()V 35 <appendix> argL0 ; # org/springframework/boot/convert/DurationStyle$Unit$$Lambda+0x000000003d38b6e8
instanceKlass  @bci org/springframework/boot/convert/DurationStyle$Unit <clinit> ()V 12 <appendix> argL0 ; # org/springframework/boot/convert/DurationStyle$Unit$$Lambda+0x000000003d38b4a0
instanceKlass  @bci org/springframework/core/annotation/AnnotatedElementUtils getMergedAnnotation (Ljava/lang/reflect/AnnotatedElement;Ljava/lang/Class;)Ljava/lang/annotation/Annotation; 41 <appendix> argL0 ; # org/springframework/core/annotation/AnnotatedElementUtils$$Lambda+0x000000003d38a6a8
instanceKlass org/springframework/boot/convert/DurationFormat
# instanceKlass java/lang/invoke/LambdaForm$MH+0x000000003d388c00
instanceKlass java/util/stream/Sink$ChainedInt
instanceKlass  @bci org/springframework/boot/convert/LenientObjectToEnumConverterFactory$LenientToEnumConverter getCanonicalName (Ljava/lang/String;)Ljava/lang/String; 37 <appendix> member <vmtarget> ; # org/springframework/boot/convert/LenientObjectToEnumConverterFactory$LenientToEnumConverter$$Lambda+0x000000003d38a000
instanceKlass  @cpi org/springframework/boot/convert/LenientObjectToEnumConverterFactory$LenientToEnumConverter 220 form vmentry <vmtarget> ; # java/lang/invoke/LambdaForm$DMH+0x000000003d388800
instanceKlass  @bci org/springframework/boot/convert/LenientObjectToEnumConverterFactory$LenientToEnumConverter getCanonicalName (Ljava/lang/String;)Ljava/lang/String; 26 <appendix> argL0 ; # org/springframework/boot/convert/LenientObjectToEnumConverterFactory$LenientToEnumConverter$$Lambda+0x000000003d38fc98
instanceKlass java/util/function/IntUnaryOperator
instanceKlass  @bci org/springframework/boot/convert/LenientObjectToEnumConverterFactory$LenientToEnumConverter getCanonicalName (Ljava/lang/String;)Ljava/lang/String; 16 <appendix> argL0 ; # org/springframework/boot/convert/LenientObjectToEnumConverterFactory$LenientToEnumConverter$$Lambda+0x000000003d38fa40
instanceKlass org/springframework/boot/convert/LenientObjectToEnumConverterFactory$LenientToEnumConverter
instanceKlass  @bci org/springframework/boot/convert/LenientObjectToEnumConverterFactory getConverter (Ljava/lang/Class;)Lorg/springframework/core/convert/converter/Converter; 23 <appendix> member <vmtarget> ; # org/springframework/boot/convert/LenientObjectToEnumConverterFactory$$Lambda+0x000000003d38f5c0
instanceKlass org/springframework/boot/autoconfigure/web/ErrorProperties$Whitelabel
instanceKlass org/springframework/boot/autoconfigure/web/WebProperties$Resources$Cache$Cachecontrol
instanceKlass org/springframework/boot/autoconfigure/web/WebProperties$Resources$Cache
instanceKlass org/springframework/boot/autoconfigure/web/WebProperties$Resources$Chain$Strategy$Content
instanceKlass org/springframework/boot/autoconfigure/web/WebProperties$Resources$Chain$Strategy$Fixed
instanceKlass org/springframework/boot/autoconfigure/web/WebProperties$Resources$Chain$Strategy
instanceKlass org/springframework/boot/ssl/DefaultSslBundleRegistry$RegisteredSslBundle
instanceKlass  @bci org/springframework/boot/autoconfigure/ssl/SslPropertiesBundleRegistrar registerBundles (Lorg/springframework/boot/ssl/SslBundleRegistry;)V 38 <appendix> member <vmtarget> ; # org/springframework/boot/autoconfigure/ssl/SslPropertiesBundleRegistrar$$Lambda+0x000000003d38dac0
instanceKlass  @bci org/springframework/boot/autoconfigure/ssl/SslPropertiesBundleRegistrar registerBundles (Lorg/springframework/boot/ssl/SslBundleRegistry;)V 32 <appendix> argL0 ; # org/springframework/boot/autoconfigure/ssl/SslPropertiesBundleRegistrar$$Lambda+0x000000003d38d888
instanceKlass  @bci org/springframework/boot/autoconfigure/ssl/SslPropertiesBundleRegistrar registerBundles (Lorg/springframework/boot/ssl/SslBundleRegistry;Ljava/util/Map;Ljava/util/function/BiFunction;Ljava/util/function/Function;)V 6 <appendix> member <vmtarget> ; # org/springframework/boot/autoconfigure/ssl/SslPropertiesBundleRegistrar$$Lambda+0x000000003d38d648
instanceKlass  @cpi reactor/netty/resources/PooledConnectionProvider 209 form vmentry <vmtarget> ; # java/lang/invoke/LambdaForm$DMH+0x000000003d388400
instanceKlass  @bci org/springframework/boot/autoconfigure/ssl/SslPropertiesBundleRegistrar registerBundles (Lorg/springframework/boot/ssl/SslBundleRegistry;)V 15 <appendix> member <vmtarget> ; # org/springframework/boot/autoconfigure/ssl/SslPropertiesBundleRegistrar$$Lambda+0x000000003d38d3f8
instanceKlass  @bci org/springframework/boot/autoconfigure/ssl/SslPropertiesBundleRegistrar registerBundles (Lorg/springframework/boot/ssl/SslBundleRegistry;)V 9 <appendix> argL0 ; # org/springframework/boot/autoconfigure/ssl/SslPropertiesBundleRegistrar$$Lambda+0x000000003d38d1c0
instanceKlass org/springframework/boot/ssl/SslStoreBundle
instanceKlass org/springframework/boot/ssl/SslManagerBundle
instanceKlass org/springframework/boot/autoconfigure/ssl/PropertiesSslBundle
instanceKlass  @bci org/springframework/boot/autoconfigure/ssl/SslAutoConfiguration sslBundleRegistry (Lorg/springframework/beans/factory/ObjectProvider;)Lorg/springframework/boot/ssl/DefaultSslBundleRegistry; 15 <appendix> member <vmtarget> ; # org/springframework/boot/autoconfigure/ssl/SslAutoConfiguration$$Lambda+0x000000003d38c460
instanceKlass org/springframework/boot/autoconfigure/ssl/SslBundleProperties
# instanceKlass java/lang/invoke/LambdaForm$MH+0x000000003d388000
# instanceKlass java/lang/invoke/LambdaForm$MH+0x000000003d386c00
instanceKlass org/springframework/boot/io/ApplicationResourceLoader$ProtocolResolvingResourceLoader
instanceKlass org/springframework/boot/web/context/servlet/ServletContextResourceFilePathResolver
instanceKlass org/springframework/boot/web/context/reactive/FilteredReactiveWebContextResourceFilePathResolver
instanceKlass org/springframework/boot/io/ClassPathResourceFilePathResolver
instanceKlass org/springframework/boot/io/ApplicationResourceLoader$FilePathResolver
instanceKlass org/springframework/boot/autoconfigure/ssl/SslProperties$Bundles$Watch$File
instanceKlass org/springframework/boot/autoconfigure/ssl/SslProperties$Bundles$Watch
# instanceKlass java/lang/invoke/LambdaForm$MH+0x000000003d386800
# instanceKlass java/lang/invoke/LambdaForm$MH+0x000000003d386400
# instanceKlass java/lang/invoke/LambdaForm$MH+0x000000003d386000
instanceKlass  @cpi io/netty/channel/AbstractChannel$AbstractUnsafe 376 form vmentry <vmtarget> ; # java/lang/invoke/LambdaForm$DMH+0x000000003d385c00
# instanceKlass java/lang/invoke/LambdaForm$DMH+0x000000003d385800
instanceKlass java/lang/ClassValue$RemovalToken
instanceKlass java/lang/invoke/MethodHandleImpl$ArrayAccessor
instanceKlass java/lang/invoke/MethodHandleImpl$CasesHolder
instanceKlass java/lang/invoke/MethodHandleImpl$LoopClauses
# instanceKlass java/lang/invoke/LambdaForm$MH+0x000000003d385400
# instanceKlass java/lang/invoke/LambdaForm$MH+0x000000003d385000
# instanceKlass java/lang/invoke/LambdaForm$DMH+0x000000003d384c00
instanceKlass org/springframework/boot/context/properties/ConfigurationPropertiesSource
# instanceKlass java/lang/invoke/LambdaForm$MH+0x000000003d384800
# instanceKlass java/lang/invoke/LambdaForm$MH+0x000000003d384400
# instanceKlass java/lang/invoke/LambdaForm$MH+0x000000003d384000
instanceKlass  @bci org/springframework/boot/context/properties/bind/PropertySourcesPlaceholdersResolver resolvePlaceholders (Ljava/lang/Object;)Ljava/lang/Object; 18 <appendix> member <vmtarget> ; # org/springframework/boot/context/properties/bind/PropertySourcesPlaceholdersResolver$$Lambda+0x000000003d382988
instanceKlass  @bci org/springframework/boot/context/properties/bind/MapBinder$EntryBinder bindEntries (Lorg/springframework/boot/context/properties/source/ConfigurationPropertySource;Ljava/util/Map;)V 96 <appendix> member <vmtarget> ; # org/springframework/boot/context/properties/bind/MapBinder$EntryBinder$$Lambda+0x000000003d382738
instanceKlass org/springframework/boot/context/properties/bind/Nested
instanceKlass org/springframework/boot/context/properties/NestedConfigurationProperty
instanceKlass org/springframework/boot/web/server/autoconfigure/ServerProperties$Reactive$Session
instanceKlass org/springframework/boot/web/server/autoconfigure/ServerProperties$Encoding
instanceKlass org/springframework/boot/web/server/servlet/WebListenerRegistrar
instanceKlass org/springframework/boot/ssl/SslBundle
instanceKlass org/apache/catalina/Engine
instanceKlass org/apache/coyote/AbstractProtocol
instanceKlass org/apache/coyote/ProtocolHandler
instanceKlass org/springframework/boot/tomcat/SslConnectorCustomizer
instanceKlass org/springframework/boot/web/server/servlet/CookieSameSiteSupplier
instanceKlass org/springframework/boot/web/error/ErrorPage
instanceKlass org/springframework/boot/tomcat/TomcatWebServer
instanceKlass org/apache/catalina/Host
instanceKlass  @bci org/springframework/core/OrderComparator withSourceProvider (Lorg/springframework/core/OrderComparator$OrderSourceProvider;)Ljava/util/Comparator; 2 <appendix> member <vmtarget> ; # org/springframework/core/OrderComparator$$Lambda+0x000000003d374e40
instanceKlass org/springframework/beans/factory/support/DefaultListableBeanFactory$FactoryAwareOrderSourceProvider
instanceKlass  @bci org/springframework/beans/factory/support/DefaultListableBeanFactory createFactoryAwareOrderSourceProvider (Ljava/util/Map;)Lorg/springframework/core/OrderComparator$OrderSourceProvider; 10 <appendix> member <vmtarget> ; # org/springframework/beans/factory/support/DefaultListableBeanFactory$$Lambda+0x000000003d3749c8
instanceKlass  @bci org/springframework/beans/factory/support/DefaultListableBeanFactory resolveMultipleBeans (Lorg/springframework/beans/factory/config/DependencyDescriptor;Ljava/lang/String;Ljava/util/Set;Lorg/springframework/beans/TypeConverter;)Ljava/lang/Object; 73 <appendix> argL0 ; # org/springframework/beans/factory/support/DefaultListableBeanFactory$$Lambda+0x000000003d374770
instanceKlass  @bci org/springframework/beans/factory/support/DefaultListableBeanFactory resolveMultipleBeans (Lorg/springframework/beans/factory/config/DependencyDescriptor;Ljava/lang/String;Ljava/util/Set;Lorg/springframework/beans/TypeConverter;)Ljava/lang/Object; 63 <appendix> member <vmtarget> ; # org/springframework/beans/factory/support/DefaultListableBeanFactory$$Lambda+0x000000003d374520
instanceKlass org/springframework/boot/tomcat/servlet/TldPatterns
instanceKlass org/springframework/boot/web/server/servlet/StaticResourceJars
instanceKlass org/springframework/boot/web/server/servlet/Jsp
instanceKlass org/springframework/boot/web/server/MimeMappings$Mapping
instanceKlass org/springframework/boot/web/server/servlet/SessionStoreDirectory
instanceKlass org/springframework/boot/web/server/Cookie
instanceKlass org/springframework/boot/web/server/servlet/Session
instanceKlass org/springframework/boot/web/server/servlet/ContextPath
instanceKlass org/springframework/boot/web/server/servlet/ServletWebServerSettings
instanceKlass org/apache/catalina/Manager
instanceKlass org/apache/tomcat/JarScanFilter
instanceKlass org/springframework/boot/tomcat/TomcatEmbeddedContext$DeferredStartupExceptions
instanceKlass org/apache/catalina/Loader
instanceKlass org/apache/juli/WebappProperties
instanceKlass org/apache/tomcat/InstrumentableClassLoader
instanceKlass org/apache/catalina/LifecycleListener
instanceKlass org/apache/catalina/Context
instanceKlass org/apache/tomcat/ContextBind
instanceKlass org/apache/catalina/WebResourceRoot
instanceKlass  @bci io/netty/util/internal/VarHandleFactory privateFindVarHandle (Ljava/lang/invoke/MethodHandles$Lookup;Ljava/lang/Class;Ljava/lang/String;Ljava/lang/Class;)Ljava/lang/invoke/VarHandle; 11 <adapter> ; # java/lang/invoke/LambdaForm$MH+0x000000003d368c00
# instanceKlass java/lang/invoke/LambdaForm$MH+0x000000003d368800
instanceKlass java/lang/invoke/LambdaFormEditor$1
# instanceKlass java/lang/invoke/LambdaForm$MH+0x000000003d368400
instanceKlass org/springframework/boot/tomcat/TomcatProtocolHandlerCustomizer
instanceKlass org/springframework/boot/tomcat/TomcatContextCustomizer
instanceKlass org/springframework/boot/tomcat/TomcatConnectorCustomizer
instanceKlass org/springframework/beans/factory/support/DefaultListableBeanFactory$DependencyObjectProvider
instanceKlass org/springframework/util/MethodInvoker
instanceKlass  @bci org/springframework/boot/context/properties/ConfigurationPropertiesBinder getPropertyEditorInitializer ()Ljava/util/function/Consumer; 28 <appendix> member <vmtarget> ; # org/springframework/boot/context/properties/ConfigurationPropertiesBinder$$Lambda+0x000000003d36a000
instanceKlass  @bci org/springframework/boot/convert/ApplicationConversionService addBeans (Lorg/springframework/format/FormatterRegistry;Lorg/springframework/beans/factory/ListableBeanFactory;Ljava/lang/String;)Ljava/util/Map; 16 <appendix> member <vmtarget> ; # org/springframework/boot/convert/ApplicationConversionService$$Lambda+0x000000003d36fc38
instanceKlass org/springframework/beans/factory/annotation/BeanFactoryAnnotationUtils
instanceKlass org/springframework/boot/context/properties/ConfigurationPropertiesCharSequenceToObjectConverter
instanceKlass org/springframework/boot/context/properties/ConversionServiceDeducer
instanceKlass  @bci org/springframework/beans/factory/ObjectProvider <clinit> ()V 0 <appendix> argL0 ; # org/springframework/beans/factory/ObjectProvider$$Lambda+0x000000003d36f350
instanceKlass org/springframework/beans/factory/support/DefaultListableBeanFactory$1
instanceKlass org/springframework/beans/factory/support/DefaultListableBeanFactory$BeanObjectProvider
instanceKlass org/springframework/boot/context/properties/ConfigurationPropertiesBindHandlerAdvisor
instanceKlass  @bci org/springframework/core/annotation/SynthesizedMergedAnnotationInvocationHandler lambda$getAttributeValue$0 (Ljava/lang/reflect/Method;Ljava/lang/String;)Ljava/lang/Object; 21 <appendix> member <vmtarget> ; # org/springframework/core/annotation/SynthesizedMergedAnnotationInvocationHandler$$Lambda+0x000000003d36e998
instanceKlass  @bci org/springframework/core/annotation/SynthesizedMergedAnnotationInvocationHandler getAttributeValue (Ljava/lang/reflect/Method;)Ljava/lang/Object; 10 <appendix> member <vmtarget> ; # org/springframework/core/annotation/SynthesizedMergedAnnotationInvocationHandler$$Lambda+0x000000003d36e748
instanceKlass  @bci org/springframework/boot/context/properties/ConfigurationPropertiesBinder getHandler ()Lorg/springframework/boot/context/properties/bind/handler/IgnoreTopLevelConverterNotFoundBindHandler; 26 <appendix> member <vmtarget> ; # org/springframework/boot/context/properties/ConfigurationPropertiesBinder$$Lambda+0x000000003d36e290
instanceKlass org/springframework/aop/framework/autoproxy/ProxyCreationContext
instanceKlass  @bci org/springframework/boot/context/properties/bind/Bindable withBindMethod (Lorg/springframework/boot/context/properties/bind/BindMethod;)Lorg/springframework/boot/context/properties/bind/Bindable; 19 <appendix> argL0 ; # org/springframework/boot/context/properties/bind/Bindable$$Lambda+0x000000003d36d968
instanceKlass org/springframework/validation/annotation/Validated
instanceKlass org/springframework/core/annotation/SynthesizedMergedAnnotationInvocationHandler
instanceKlass org/springframework/boot/convert/DurationUnit
instanceKlass  @bci org/springframework/core/SimpleAliasRegistry retrieveAliases (Ljava/lang/String;Ljava/util/List;)V 7 <appendix> member <vmtarget> ; # org/springframework/core/SimpleAliasRegistry$$Lambda+0x000000003d36cc88
instanceKlass  @bci org/springframework/beans/factory/support/DefaultListableBeanFactory isAutowireCandidate (Ljava/lang/String;Lorg/springframework/beans/factory/support/RootBeanDefinition;Lorg/springframework/beans/factory/config/DependencyDescriptor;Lorg/springframework/beans/factory/support/AutowireCandidateResolver;)Z 64 <appendix> member <vmtarget> ; # org/springframework/beans/factory/support/DefaultListableBeanFactory$$Lambda+0x000000003d36ca38
instanceKlass  @bci org/springframework/core/annotation/AnnotationUtils findAnnotation (Ljava/lang/reflect/AnnotatedElement;Ljava/lang/Class;)Ljava/lang/annotation/Annotation; 54 <appendix> argL0 ; # org/springframework/core/annotation/AnnotationUtils$$Lambda+0x000000003d36c508
instanceKlass org/springframework/beans/factory/support/ConstructorResolver$ArgumentsHolder
instanceKlass  @bci org/springframework/beans/factory/support/AutowireUtils <clinit> ()V 0 <appendix> argL0 ; # org/springframework/beans/factory/support/AutowireUtils$$Lambda+0x000000003d367c90
instanceKlass org/springframework/beans/factory/support/AutowireUtils
instanceKlass org/springframework/aop/Pointcut
instanceKlass org/springframework/context/support/MessageSourceSupport
instanceKlass org/springframework/context/HierarchicalMessageSource
# instanceKlass java/lang/invoke/LambdaForm$MH+0x000000003d368000
# instanceKlass java/lang/invoke/LambdaForm$MH+0x000000003d365c00
# instanceKlass java/lang/invoke/LambdaForm$MH+0x000000003d365800
# instanceKlass java/lang/invoke/LambdaForm$BMH+0x000000003d365400
# instanceKlass java/lang/invoke/LambdaForm$DMH+0x000000003d365000
# instanceKlass java/lang/invoke/LambdaForm$MH+0x000000003d364c00
# instanceKlass java/lang/invoke/LambdaForm$DMH+0x000000003d364800
instanceKlass java/lang/invoke/ClassSpecializer$Factory$1$5$1
instanceKlass java/lang/invoke/ClassSpecializer$Factory$1$5
instanceKlass java/lang/invoke/ClassSpecializer$Factory$1$4
instanceKlass java/lang/invoke/ClassSpecializer$Factory$1$3
instanceKlass java/lang/invoke/ClassSpecializer$Factory$1$2
instanceKlass java/lang/invoke/ClassSpecializer$Factory$1$1Var
instanceKlass java/lang/invoke/ClassSpecializer$Factory$1$1
instanceKlass java/lang/invoke/ClassSpecializer$Factory$1
instanceKlass java/lang/invoke/MethodHandles$1
instanceKlass sun/invoke/util/ValueConversions$1
instanceKlass  @cpi org/springframework/boot/tomcat/autoconfigure/TomcatWebServerFactoryCustomizer 1090 form vmentry <vmtarget> ; # java/lang/invoke/LambdaForm$DMH+0x000000003d364400
instanceKlass org/springframework/core/convert/support/NumberToNumberConverterFactory$NumberToNumber
instanceKlass org/springframework/beans/Mergeable
instanceKlass  @bci org/springframework/beans/factory/annotation/AutowiredAnnotationBeanPostProcessor buildAutowiringMetadata (Ljava/lang/Class;)Lorg/springframework/beans/factory/annotation/InjectionMetadata; 63 <appendix> member <vmtarget> ; # org/springframework/beans/factory/annotation/AutowiredAnnotationBeanPostProcessor$$Lambda+0x000000003d362230
instanceKlass  @bci org/springframework/beans/factory/annotation/AutowiredAnnotationBeanPostProcessor buildAutowiringMetadata (Ljava/lang/Class;)Lorg/springframework/beans/factory/annotation/InjectionMetadata; 41 <appendix> member <vmtarget> ; # org/springframework/beans/factory/annotation/AutowiredAnnotationBeanPostProcessor$$Lambda+0x000000003d362000
instanceKlass  @bci org/springframework/context/annotation/CommonAnnotationBeanPostProcessor buildResourceMetadata (Ljava/lang/Class;)Lorg/springframework/beans/factory/annotation/InjectionMetadata; 53 <appendix> member <vmtarget> ; # org/springframework/context/annotation/CommonAnnotationBeanPostProcessor$$Lambda+0x000000003d361dd0
instanceKlass  @bci org/springframework/context/annotation/CommonAnnotationBeanPostProcessor buildResourceMetadata (Ljava/lang/Class;)Lorg/springframework/beans/factory/annotation/InjectionMetadata; 40 <appendix> member <vmtarget> ; # org/springframework/context/annotation/CommonAnnotationBeanPostProcessor$$Lambda+0x000000003d361ba0
instanceKlass org/springframework/util/ReflectionUtils$FieldCallback
instanceKlass org/springframework/beans/factory/annotation/InjectionMetadata
instanceKlass  @bci org/springframework/beans/factory/annotation/InitDestroyAnnotationBeanPostProcessor buildLifecycleMetadata (Ljava/lang/Class;)Lorg/springframework/beans/factory/annotation/InitDestroyAnnotationBeanPostProcessor$LifecycleMetadata; 72 <appendix> member <vmtarget> ; # org/springframework/beans/factory/annotation/InitDestroyAnnotationBeanPostProcessor$$Lambda+0x000000003d3612d8
instanceKlass  @cpi org/springframework/web/util/HierarchicalUriComponents 648 form vmentry <vmtarget> ; # java/lang/invoke/LambdaForm$DMH+0x000000003d364000
instanceKlass org/springframework/aop/framework/adapter/ThrowsAdviceAdapter
instanceKlass org/springframework/aop/framework/adapter/AfterReturningAdviceAdapter
instanceKlass org/springframework/aop/framework/adapter/MethodBeforeAdviceAdapter
instanceKlass org/aopalliance/intercept/MethodInterceptor
instanceKlass org/aopalliance/intercept/Interceptor
instanceKlass org/aopalliance/aop/Advice
instanceKlass org/springframework/aop/framework/adapter/AdvisorAdapter
instanceKlass org/springframework/aop/framework/adapter/DefaultAdvisorAdapterRegistry
instanceKlass org/springframework/aop/framework/adapter/GlobalAdvisorAdapterRegistry
instanceKlass org/springframework/aop/Advisor
instanceKlass org/springframework/aop/framework/adapter/AdvisorAdapterRegistry
instanceKlass org/springframework/aop/framework/autoproxy/TargetSourceCreator
instanceKlass org/springframework/aop/framework/autoproxy/BeanFactoryAdvisorRetrievalHelper
instanceKlass  @bci org/springframework/beans/factory/annotation/AutowiredAnnotationBeanPostProcessor checkLookupMethods (Ljava/lang/Class;Ljava/lang/String;)V 28 <appendix> member <vmtarget> ; # org/springframework/beans/factory/annotation/AutowiredAnnotationBeanPostProcessor$$Lambda+0x000000003d35ac70
instanceKlass org/springframework/beans/factory/annotation/Lookup
instanceKlass  @bci java/util/concurrent/CopyOnWriteArrayList removeAll (Ljava/util/Collection;)Z 7 <appendix> member <vmtarget> ; # java/util/concurrent/CopyOnWriteArrayList$$Lambda+0x000000003d270dc0
instanceKlass jakarta/validation/bootstrap/GenericBootstrap
instanceKlass jakarta/validation/ValidatorFactory
instanceKlass jakarta/validation/Validator
instanceKlass org/springframework/validation/Errors
instanceKlass org/springframework/boot/context/properties/ConfigurationPropertiesJsr303Validator
instanceKlass org/springframework/boot/context/properties/PropertySourcesDeducer
instanceKlass org/springframework/jndi/JndiTemplate
instanceKlass jakarta/annotation/PreDestroy
instanceKlass jakarta/annotation/Resource
instanceKlass org/springframework/beans/factory/annotation/InitDestroyAnnotationBeanPostProcessor$LifecycleMetadata
instanceKlass org/springframework/beans/factory/support/MethodOverride
instanceKlass org/springframework/context/support/PostProcessorRegistrationDelegate$BeanPostProcessorChecker
instanceKlass  @bci org/springframework/beans/factory/support/AbstractBeanFactory clearMetadataCache ()V 5 <appendix> member <vmtarget> ; # org/springframework/beans/factory/support/AbstractBeanFactory$$Lambda+0x000000003d35e2b0
instanceKlass org/springframework/aop/framework/ProxyConfig
instanceKlass org/springframework/aop/config/AopConfigUtils
instanceKlass org/springframework/aop/framework/autoproxy/AutoProxyUtils
instanceKlass  @bci org/springframework/boot/autoconfigure/aop/AopAutoConfiguration$ClassProxyingConfiguration forceAutoProxyCreatorToUseClassProxying ()Lorg/springframework/beans/factory/config/BeanFactoryPostProcessor; 0 <appendix> argL0 ; # org/springframework/boot/autoconfigure/aop/AopAutoConfiguration$ClassProxyingConfiguration$$Lambda+0x000000003d35c000
instanceKlass  @bci org/springframework/boot/autoconfigure/task/TaskExecutorConfigurations$BootstrapExecutorConfiguration bootstrapExecutorAliasPostProcessor ()Lorg/springframework/beans/factory/config/BeanFactoryPostProcessor; 0 <appendix> argL0 ; # org/springframework/boot/autoconfigure/task/TaskExecutorConfigurations$BootstrapExecutorConfiguration$$Lambda+0x000000003d357c98
instanceKlass org/springframework/boot/autoconfigure/task/TaskExecutorConfigurations
instanceKlass org/springframework/context/expression/CachedExpressionEvaluator
instanceKlass  @bci org/springframework/core/SimpleAliasRegistry resolveAliases (Lorg/springframework/util/StringValueResolver;)V 28 <appendix> member <vmtarget> ; # org/springframework/core/SimpleAliasRegistry$$Lambda+0x000000003d357000
instanceKlass org/springframework/beans/factory/config/RuntimeBeanNameReference
instanceKlass org/springframework/beans/factory/config/BeanDefinitionVisitor
instanceKlass  @bci org/springframework/context/support/PropertySourcesPlaceholderConfigurer processProperties (Lorg/springframework/beans/factory/config/ConfigurableListableBeanFactory;Lorg/springframework/core/env/ConfigurablePropertyResolver;)V 42 <appendix> member <vmtarget> ; # org/springframework/context/support/PropertySourcesPlaceholderConfigurer$$Lambda+0x000000003d3568e0
instanceKlass org/springframework/context/annotation/ImportAware
instanceKlass org/springframework/context/annotation/ConfigurationClassEnhancer$EnhancedConfiguration
instanceKlass org/springframework/util/DefaultPropertiesPersister
instanceKlass  @bci org/springframework/core/codec/CharSequenceEncoder encode (Lorg/reactivestreams/Publisher;Lorg/springframework/core/io/buffer/DataBufferFactory;Lorg/springframework/core/ResolvableType;Lorg/springframework/util/MimeType;Ljava/util/Map;)Lreactor/core/publisher/Flux; 11 <appendix> form vmentry <vmtarget> ; # java/lang/invoke/LambdaForm$DMH+0x000000003d358000
instanceKlass  @bci org/springframework/beans/factory/support/SimpleInstantiationStrategy instantiate (Lorg/springframework/beans/factory/support/RootBeanDefinition;Ljava/lang/String;Lorg/springframework/beans/factory/BeanFactory;Ljava/lang/Object;Ljava/lang/reflect/Method;[Ljava/lang/Object;)Ljava/lang/Object; 10 <appendix> member <vmtarget> ; # org/springframework/beans/factory/support/SimpleInstantiationStrategy$$Lambda+0x000000003d355b90
instanceKlass org/springframework/beans/factory/support/ConstructorResolver
instanceKlass org/springframework/context/annotation/ConfigurationClassPostProcessor$ImportAwareBeanPostProcessor
instanceKlass  @bci org/springframework/context/support/PostProcessorRegistrationDelegate invokeBeanFactoryPostProcessors (Ljava/util/Collection;Lorg/springframework/beans/factory/config/ConfigurableListableBeanFactory;)V 47 <appendix> member <vmtarget> ; # org/springframework/context/support/PostProcessorRegistrationDelegate$$Lambda+0x000000003d3551b0
instanceKlass org/springframework/boot/tomcat/autoconfigure/servlet/TomcatServletWebServerFactoryCustomizer
instanceKlass  @bci org/springframework/context/annotation/ConfigurationClassPostProcessor processConfigBeanDefinitions (Lorg/springframework/beans/factory/support/BeanDefinitionRegistry;)V 494 <appendix> member <vmtarget> ; # org/springframework/context/annotation/ConfigurationClassPostProcessor$$Lambda+0x000000003d354ad0
instanceKlass  @bci org/springframework/util/MultiValueMapAdapter addAll (Lorg/springframework/util/MultiValueMap;)V 2 <appendix> member <vmtarget> ; # org/springframework/util/MultiValueMapAdapter$$Lambda+0x000000003d354890
instanceKlass org/springframework/boot/tomcat/autoconfigure/TomcatServerProperties$Remoteip
instanceKlass org/springframework/boot/tomcat/autoconfigure/TomcatServerProperties$Mbeanregistry
instanceKlass org/springframework/boot/tomcat/autoconfigure/TomcatServerProperties$Resource
instanceKlass org/springframework/boot/tomcat/autoconfigure/TomcatServerProperties$Threads
instanceKlass org/springframework/boot/tomcat/autoconfigure/TomcatServerProperties$Accesslog
instanceKlass org/springframework/boot/tomcat/autoconfigure/servlet/TomcatServletWebServerAutoConfiguration
instanceKlass org/springframework/boot/tomcat/autoconfigure/TomcatWebServerFactoryCustomizer
instanceKlass org/springframework/boot/tomcat/autoconfigure/TomcatVirtualThreadsWebServerFactoryCustomizer
instanceKlass org/springframework/boot/tomcat/autoconfigure/WebSocketTomcatWebServerFactoryCustomizer
instanceKlass org/springframework/boot/tomcat/autoconfigure/TomcatWebServerConfiguration$TomcatWebSocketConfiguration
instanceKlass org/springframework/boot/tomcat/autoconfigure/TomcatWebServerConfiguration
instanceKlass org/springframework/boot/tomcat/autoconfigure/TomcatServerProperties
instanceKlass org/springframework/boot/web/error/ErrorPageRegistrarBeanPostProcessor
instanceKlass org/springframework/boot/web/server/autoconfigure/servlet/ServletWebServerFactoryCustomizer
instanceKlass org/springframework/boot/web/server/WebServerFactoryCustomizer
instanceKlass org/springframework/boot/web/server/autoconfigure/servlet/ForwardedHeaderFilterCustomizer
instanceKlass org/springframework/boot/web/server/autoconfigure/servlet/ServletWebServerConfiguration
instanceKlass org/springframework/boot/web/server/WebServerFactoryCustomizerBeanPostProcessor
instanceKlass org/springframework/boot/web/server/autoconfigure/ServerProperties$Reactive
instanceKlass org/springframework/boot/web/server/autoconfigure/ServerProperties$Servlet
instanceKlass org/springframework/boot/web/server/Http2
instanceKlass org/springframework/boot/web/server/MimeMappings
instanceKlass org/springframework/boot/web/server/Compression
instanceKlass org/springframework/boot/web/server/Ssl
instanceKlass org/springframework/boot/servlet/autoconfigure/MultipartAutoConfiguration
instanceKlass org/springframework/boot/servlet/autoconfigure/MultipartProperties
instanceKlass org/springframework/boot/reactor/autoconfigure/ReactorAutoConfiguration
instanceKlass org/springframework/boot/LazyInitializationExcludeFilter
instanceKlass org/springframework/boot/netty/autoconfigure/NettyAutoConfiguration
instanceKlass org/springframework/boot/http/converter/autoconfigure/HttpMessageConvertersAutoConfiguration
instanceKlass org/springframework/boot/servlet/autoconfigure/HttpEncodingAutoConfiguration
instanceKlass org/springframework/boot/servlet/autoconfigure/ServletEncodingProperties
instanceKlass org/springframework/boot/reactor/autoconfigure/ReactorProperties
instanceKlass org/springframework/boot/netty/autoconfigure/NettyProperties
instanceKlass org/springframework/boot/http/converter/autoconfigure/KotlinSerializationHttpMessageConvertersConfiguration
instanceKlass org/springframework/boot/http/converter/autoconfigure/JsonbHttpMessageConvertersConfiguration
instanceKlass org/springframework/boot/http/converter/autoconfigure/GsonHttpMessageConvertersConfiguration
instanceKlass org/springframework/boot/http/converter/autoconfigure/Jackson2HttpMessageConvertersConfiguration
instanceKlass org/springframework/boot/http/converter/autoconfigure/JacksonHttpMessageConvertersConfiguration
instanceKlass org/springframework/boot/http/converter/autoconfigure/JacksonHttpMessageConvertersConfiguration$JacksonJsonHttpMessageConvertersCustomizer
instanceKlass org/springframework/boot/http/converter/autoconfigure/JacksonHttpMessageConvertersConfiguration$JacksonJsonHttpMessageConverterConfiguration
instanceKlass org/springframework/boot/http/converter/autoconfigure/HttpMessageConvertersAutoConfiguration$StringHttpMessageConvertersCustomizer
instanceKlass org/springframework/boot/http/converter/autoconfigure/ClientHttpMessageConvertersCustomizer
instanceKlass org/springframework/boot/http/converter/autoconfigure/HttpMessageConvertersAutoConfiguration$StringHttpMessageConverterConfiguration
instanceKlass org/springframework/boot/devtools/autoconfigure/LocalDevToolsAutoConfiguration
instanceKlass org/springframework/boot/http/converter/autoconfigure/HttpMessageConvertersProperties
instanceKlass org/springframework/boot/devtools/autoconfigure/RemoteDevToolsProperties
instanceKlass org/springframework/boot/devtools/autoconfigure/DevToolsProperties$Livereload
instanceKlass org/springframework/boot/devtools/autoconfigure/DevToolsProperties$Restart
instanceKlass org/springframework/boot/devtools/autoconfigure/DevToolsProperties
instanceKlass org/springframework/boot/devtools/classpath/ClassPathFileSystemWatcher
instanceKlass org/springframework/boot/devtools/filewatch/FileSystemWatcher
instanceKlass org/springframework/boot/devtools/autoconfigure/LocalDevToolsAutoConfiguration$RestartingClassPathChangeChangedEventListener
instanceKlass org/springframework/boot/devtools/filewatch/FileSystemWatcherFactory
instanceKlass org/springframework/boot/devtools/autoconfigure/ConditionEvaluationDeltaLoggingListener
instanceKlass java/io/FileFilter
instanceKlass org/springframework/boot/devtools/classpath/ClassPathRestartStrategy
instanceKlass org/springframework/boot/devtools/autoconfigure/LocalDevToolsAutoConfiguration$RestartConfiguration
instanceKlass org/springframework/boot/autoconfigure/task/TaskSchedulingAutoConfiguration
instanceKlass org/springframework/boot/autoconfigure/task/TaskSchedulingProperties$Shutdown
instanceKlass org/springframework/boot/autoconfigure/task/TaskSchedulingProperties$Simple
instanceKlass org/springframework/boot/autoconfigure/task/TaskSchedulingProperties$Pool
instanceKlass org/springframework/boot/autoconfigure/task/TaskSchedulingConfigurations$TaskSchedulerConfiguration
instanceKlass org/springframework/boot/task/SimpleAsyncTaskSchedulerBuilder
instanceKlass org/springframework/boot/autoconfigure/task/TaskSchedulingConfigurations$SimpleAsyncTaskSchedulerBuilderConfiguration
instanceKlass org/springframework/boot/task/ThreadPoolTaskSchedulerBuilder
instanceKlass org/springframework/boot/autoconfigure/task/TaskSchedulingProperties
instanceKlass org/springframework/boot/autoconfigure/task/TaskSchedulingConfigurations$ThreadPoolTaskSchedulerBuilderConfiguration
instanceKlass org/springframework/boot/autoconfigure/ssl/SslProperties$Bundles
instanceKlass org/springframework/boot/ssl/DefaultSslBundleRegistry
instanceKlass org/springframework/boot/autoconfigure/ssl/SslPropertiesBundleRegistrar
instanceKlass org/springframework/boot/autoconfigure/ssl/SslBundleRegistrar
instanceKlass org/springframework/boot/autoconfigure/ssl/FileWatcher
instanceKlass org/springframework/boot/autoconfigure/ssl/SslAutoConfiguration
instanceKlass org/springframework/boot/autoconfigure/info/ProjectInfoAutoConfiguration
instanceKlass org/springframework/context/support/DefaultLifecycleProcessor
instanceKlass org/springframework/boot/autoconfigure/context/LifecycleAutoConfiguration
instanceKlass org/springframework/boot/autoconfigure/context/ConfigurationPropertiesAutoConfiguration
instanceKlass org/springframework/boot/availability/ApplicationAvailabilityBean
instanceKlass org/springframework/boot/ssl/SslBundles
instanceKlass org/springframework/boot/ssl/SslBundleRegistry
instanceKlass org/springframework/boot/autoconfigure/ssl/SslProperties
instanceKlass org/springframework/boot/autoconfigure/info/ProjectInfoProperties$Git
instanceKlass org/springframework/boot/autoconfigure/info/ProjectInfoProperties$Build
instanceKlass org/springframework/boot/autoconfigure/info/ProjectInfoProperties
instanceKlass org/springframework/boot/autoconfigure/context/LifecycleProperties
instanceKlass org/springframework/boot/autoconfigure/availability/ApplicationAvailabilityAutoConfiguration
instanceKlass org/springframework/boot/autoconfigure/aop/AopAutoConfiguration
instanceKlass org/springframework/boot/autoconfigure/aop/AopAutoConfiguration$ClassProxyingConfiguration
instanceKlass org/springframework/boot/availability/ApplicationAvailability
instanceKlass org/springdoc/webmvc/ui/SwaggerWebMvcConfigurer
instanceKlass org/springdoc/webmvc/ui/SwaggerConfigResource
instanceKlass org/springdoc/ui/AbstractSwaggerWelcome
instanceKlass org/springdoc/webmvc/ui/SwaggerUiHome
instanceKlass org/springdoc/ui/AbstractSwaggerResourceResolver
instanceKlass org/springframework/web/servlet/resource/ResourceResolver
instanceKlass org/springdoc/webmvc/ui/SwaggerIndexTransformer
instanceKlass org/springframework/web/servlet/resource/ResourceTransformer
instanceKlass org/springdoc/webmvc/ui/SwaggerConfig
instanceKlass io/swagger/v3/core/filter/SpecFilter
instanceKlass org/springdoc/core/service/AbstractRequestService
instanceKlass org/springdoc/core/service/GenericResponseService
instanceKlass org/springdoc/core/providers/SpringWebProvider
instanceKlass org/springdoc/webmvc/core/configuration/SpringDocWebMvcConfiguration
instanceKlass org/springframework/expression/common/ExpressionUtils
instanceKlass org/springframework/expression/spel/CodeFlow
instanceKlass org/springframework/expression/spel/ExpressionState
instanceKlass org/springframework/expression/spel/standard/SpelExpression
instanceKlass org/springframework/expression/spel/standard/Token
instanceKlass org/springframework/expression/spel/standard/Tokenizer
instanceKlass  @bci java/util/regex/Pattern union (Ljava/util/regex/Pattern$CharPredicate;Ljava/util/regex/Pattern$CharPredicate;Z)Ljava/util/regex/Pattern$CharPredicate; 14 <appendix> member <vmtarget> ; # java/util/regex/Pattern$$Lambda+0x000000003d270418
instanceKlass  @bci java/util/regex/CharPredicates category (I)Ljava/util/regex/Pattern$CharPredicate; 1 <appendix> member <vmtarget> ; # java/util/regex/CharPredicates$$Lambda+0x000000003d2701b0
instanceKlass org/springframework/expression/spel/ast/SpelNodeImpl
instanceKlass org/springframework/expression/spel/SpelNode
instanceKlass  @bci org/springframework/util/PlaceholderParser replacePlaceholders (Ljava/lang/String;Lorg/springframework/util/PropertyPlaceholderHelper$PlaceholderResolver;)Ljava/lang/String; 42 <appendix> member <vmtarget> ; # org/springframework/util/PlaceholderParser$$Lambda+0x000000003d338000
instanceKlass org/springframework/util/PlaceholderParser$PartResolutionContext
instanceKlass org/springframework/util/PlaceholderParser$AbstractPart
instanceKlass org/springframework/util/PlaceholderParser$Part
instanceKlass org/springdoc/webmvc/core/providers/RouterFunctionWebMvcProvider
instanceKlass org/springdoc/core/providers/RouterFunctionProvider
instanceKlass org/springdoc/webmvc/core/configuration/SpringDocWebMvcConfiguration$SpringDocWebMvcRouterConfiguration
instanceKlass org/springdoc/core/properties/SwaggerUiOAuthProperties
instanceKlass org/springdoc/core/properties/AbstractSwaggerUiConfigProperties
instanceKlass org/springdoc/core/configuration/SpringDocUIConfiguration
instanceKlass org/springdoc/core/converters/ResponseSupportConverter
instanceKlass org/springdoc/core/converters/ModelConverterRegistrar
instanceKlass org/springdoc/core/service/OperationService
instanceKlass org/springdoc/core/service/SecurityService
instanceKlass org/springdoc/core/converters/PolymorphicModelConverter
instanceKlass org/springdoc/core/service/RequestBodyService
instanceKlass org/springdoc/core/service/GenericParameterService
instanceKlass org/springdoc/core/providers/SpringDocProviders
instanceKlass org/springdoc/core/customizers/SpringDocCustomizers
instanceKlass org/springdoc/core/converters/AdditionalModelsConverter
instanceKlass org/springdoc/core/utils/PropertyResolverUtils
instanceKlass org/springdoc/core/converters/FileSupportConverter
instanceKlass org/springdoc/core/customizers/GlobalOpenApiCustomizer
instanceKlass org/springdoc/core/customizers/OpenApiCustomizer
instanceKlass org/springdoc/core/service/OpenAPIService
instanceKlass org/springdoc/core/converters/SchemaPropertyDeprecatingConverter
instanceKlass org/springdoc/core/converters/PropertyCustomizingConverter
instanceKlass org/springdoc/core/parsers/ReturnTypeParser
instanceKlass io/swagger/v3/oas/models/media/Schema
instanceKlass org/springdoc/core/customizers/PropertyCustomizer
instanceKlass org/springdoc/core/configuration/SpringDocConfiguration
instanceKlass org/springdoc/core/providers/WebConversionServiceProvider
instanceKlass org/springdoc/core/configuration/SpringDocConfiguration$WebConversionServiceConfiguration
instanceKlass org/springdoc/core/models/GroupedOpenApi
instanceKlass org/springdoc/core/configuration/SpringDocConfiguration$OpenApiResourceAdvice
instanceKlass org/springdoc/core/converters/WebFluxSupportConverter
instanceKlass io/swagger/v3/core/converter/ModelConverter
instanceKlass io/swagger/v3/core/util/ObjectMapperFactory
instanceKlass org/springdoc/core/configuration/SpringDocConfiguration$SpringDocWebFluxSupportConfiguration
instanceKlass org/springframework/boot/autoconfigure/web/WebResourcesRuntimeHints
instanceKlass org/springframework/core/ResolvableType$WildcardBounds
instanceKlass org/springframework/web/context/request/RequestContextListener
instanceKlass jakarta/servlet/ServletRequestListener
instanceKlass org/springframework/web/servlet/handler/HandlerMappingIntrospector
instanceKlass org/springframework/web/cors/PreFlightRequestHandler
instanceKlass org/springframework/web/cors/CorsConfigurationSource
instanceKlass org/springframework/web/servlet/mvc/SimpleControllerHandlerAdapter
instanceKlass org/springframework/web/method/support/CompositeUriComponentsContributor
instanceKlass org/springframework/web/method/support/UriComponentsContributor
instanceKlass org/springframework/web/servlet/function/support/HandlerFunctionAdapter
instanceKlass org/springframework/web/util/pattern/PathPatternParser
instanceKlass org/springframework/web/util/UrlPathHelper
instanceKlass org/springframework/web/servlet/mvc/HttpRequestHandlerAdapter
instanceKlass org/springframework/web/accept/ContentNegotiationManager
instanceKlass org/springframework/web/accept/MediaTypeFileExtensionResolver
instanceKlass org/springframework/web/accept/ContentNegotiationStrategy
instanceKlass org/springframework/web/servlet/handler/AbstractHandlerExceptionResolver
instanceKlass org/springframework/boot/webmvc/autoconfigure/WebMvcAutoConfiguration$WelcomePageHandlerMappingFactory
instanceKlass org/springframework/web/bind/support/ConfigurableWebBindingInitializer
instanceKlass org/springframework/web/servlet/HandlerAdapter
instanceKlass org/springframework/web/servlet/resource/ResourceUrlProvider
instanceKlass org/springframework/web/accept/ApiVersionStrategy
instanceKlass org/springframework/web/bind/support/WebBindingInitializer
instanceKlass org/springframework/web/servlet/handler/MatchableHandlerMapping
instanceKlass org/springframework/web/servlet/HandlerMapping
instanceKlass org/springframework/web/servlet/HandlerInterceptor
instanceKlass org/springframework/web/servlet/FlashMapManager
instanceKlass org/springframework/web/servlet/RequestToViewNameTranslator
instanceKlass org/springframework/web/servlet/LocaleResolver
instanceKlass org/springframework/web/servlet/config/annotation/InterceptorRegistry
instanceKlass org/springframework/web/servlet/config/annotation/ViewControllerRegistry
instanceKlass org/springframework/web/servlet/config/annotation/ViewResolverRegistry
instanceKlass org/springframework/web/servlet/config/annotation/CorsRegistry
instanceKlass org/springframework/web/servlet/config/annotation/DefaultServletHandlerConfigurer
instanceKlass org/springframework/web/servlet/config/annotation/AsyncSupportConfigurer
instanceKlass org/springframework/web/servlet/config/annotation/PathMatchConfigurer
instanceKlass org/springframework/boot/http/converter/autoconfigure/ServerHttpMessageConvertersCustomizer
instanceKlass org/springframework/web/accept/ApiVersionResolver
instanceKlass org/springframework/web/servlet/config/annotation/ResourceHandlerRegistration
instanceKlass org/springframework/boot/webmvc/autoconfigure/WebMvcProperties$Apiversion$Use
instanceKlass org/springframework/web/servlet/config/annotation/ApiVersionConfigurer
instanceKlass org/springframework/web/servlet/config/annotation/ResourceHandlerRegistry
instanceKlass org/springframework/web/servlet/config/annotation/ContentNegotiationConfigurer
instanceKlass org/springframework/boot/servlet/filter/OrderedFilter
instanceKlass org/springframework/validation/MessageCodesResolver
instanceKlass org/springframework/boot/webmvc/autoconfigure/WebMvcAutoConfiguration$WebMvcAutoConfigurationAdapter
instanceKlass org/springframework/boot/webmvc/autoconfigure/WebMvcAutoConfiguration$MvcValidatorRuntimeHints
instanceKlass org/springframework/aot/hint/RuntimeHintsRegistrar
instanceKlass org/springframework/web/servlet/config/annotation/WebMvcConfigurationSupport
instanceKlass org/springframework/boot/autoconfigure/web/ErrorProperties
instanceKlass org/springframework/boot/autoconfigure/web/WebProperties$Resources
instanceKlass org/springframework/boot/webmvc/autoconfigure/error/ErrorMvcAutoConfiguration$ErrorPageCustomizer
instanceKlass org/springframework/boot/web/error/ErrorPageRegistrar
instanceKlass org/springframework/boot/webmvc/autoconfigure/error/AbstractErrorController
instanceKlass org/springframework/boot/webmvc/error/DefaultErrorAttributes
instanceKlass org/springframework/web/servlet/HandlerExceptionResolver
instanceKlass org/springframework/boot/webmvc/autoconfigure/error/ErrorMvcAutoConfiguration$PreserveErrorControllerTargetClassPostProcessor
instanceKlass org/springframework/boot/webmvc/error/ErrorController
instanceKlass org/springframework/boot/webmvc/autoconfigure/error/ErrorMvcAutoConfiguration
instanceKlass org/springframework/boot/webmvc/autoconfigure/error/DefaultErrorViewResolver
instanceKlass org/springframework/boot/webmvc/error/ErrorAttributes
instanceKlass org/springframework/boot/autoconfigure/web/WebProperties
instanceKlass org/springframework/boot/webmvc/autoconfigure/WebMvcAutoConfiguration
instanceKlass org/springframework/boot/webmvc/autoconfigure/error/ErrorViewResolver
instanceKlass org/springframework/boot/webmvc/autoconfigure/error/ErrorMvcAutoConfiguration$DefaultErrorViewResolverConfiguration
instanceKlass org/springframework/boot/autoconfigure/task/TaskExecutionAutoConfiguration
instanceKlass org/springframework/boot/autoconfigure/task/TaskExecutorConfigurations$ApplicationTaskExecutorAsyncConfigurer
instanceKlass org/springframework/context/support/ApplicationObjectSupport
instanceKlass org/springframework/web/servlet/ViewResolver
instanceKlass org/springframework/web/servlet/View
instanceKlass org/springframework/boot/webmvc/autoconfigure/error/ErrorMvcAutoConfiguration$WhitelabelErrorViewConfiguration
instanceKlass org/springframework/boot/autoconfigure/task/TaskExecutionProperties$Shutdown
instanceKlass org/springframework/boot/autoconfigure/task/TaskExecutionProperties$Simple
instanceKlass org/springframework/boot/autoconfigure/task/TaskExecutionProperties$Pool
instanceKlass org/springframework/boot/autoconfigure/task/TaskExecutorConfigurations$BootstrapExecutorConfiguration
instanceKlass org/springframework/boot/autoconfigure/task/TaskExecutorConfigurations$TaskExecutorConfiguration
instanceKlass org/springframework/boot/autoconfigure/task/TaskExecutorConfigurations$AsyncConfigurerConfiguration
instanceKlass org/springframework/boot/autoconfigure/task/TaskExecutorConfigurations$AsyncConfigurerWrapperConfiguration
instanceKlass  @bci org/springframework/context/annotation/ConfigurationClassParser removeKnownSuperclass (Ljava/lang/String;Z)V 54 <appendix> member <vmtarget> ; # org/springframework/context/annotation/ConfigurationClassParser$$Lambda+0x000000003d31af88
instanceKlass  @bci org/springframework/boot/autoconfigure/condition/OnBeanCondition appendMessageForMatches (Ljava/lang/StringBuilder;Ljava/util/Map;Ljava/lang/String;)V 12 <appendix> member <vmtarget> ; # org/springframework/boot/autoconfigure/condition/OnBeanCondition$$Lambda+0x000000003d31ad48
instanceKlass org/springframework/boot/task/SimpleAsyncTaskExecutorBuilder
instanceKlass org/springframework/boot/autoconfigure/task/TaskExecutorConfigurations$SimpleAsyncTaskExecutorBuilderConfiguration
instanceKlass org/springframework/boot/http/codec/autoconfigure/CodecsAutoConfiguration
instanceKlass org/springframework/core/codec/Encoder
instanceKlass org/springframework/core/codec/Decoder
instanceKlass org/springframework/boot/task/ThreadPoolTaskExecutorBuilder
instanceKlass org/springframework/boot/autoconfigure/task/TaskExecutionProperties
instanceKlass org/springframework/boot/autoconfigure/task/TaskExecutorConfigurations$ThreadPoolTaskExecutorBuilderConfiguration
instanceKlass org/springframework/boot/http/codec/autoconfigure/CodecsAutoConfiguration$JacksonJsonCodecConfiguration
instanceKlass org/springframework/boot/http/codec/autoconfigure/CodecsAutoConfiguration$DefaultCodecsConfiguration$DefaultCodecCustomizer
instanceKlass org/springframework/boot/http/codec/CodecCustomizer
instanceKlass org/springframework/boot/http/codec/autoconfigure/CodecsAutoConfiguration$DefaultCodecsConfiguration
instanceKlass org/springframework/boot/http/codec/autoconfigure/HttpCodecsProperties
instanceKlass org/springframework/boot/jackson/JacksonMixinModuleEntries
instanceKlass org/springframework/boot/jackson/autoconfigure/JacksonAutoConfiguration$JacksonMixinConfiguration
instanceKlass org/springframework/boot/jackson/autoconfigure/JacksonAutoConfiguration$AbstractMapperBuilderCustomizer
instanceKlass org/springframework/boot/jackson/autoconfigure/JacksonAutoConfiguration$JacksonJsonMapperBuilderCustomizerConfiguration
instanceKlass org/springframework/boot/jackson/autoconfigure/JacksonAutoConfiguration$JsonProblemDetailsConfiguration$ProblemDetailJsonMapperBuilderCustomizer
instanceKlass org/springframework/boot/jackson/autoconfigure/JsonMapperBuilderCustomizer
instanceKlass org/springframework/boot/jackson/autoconfigure/JacksonAutoConfiguration$JsonProblemDetailsConfiguration
instanceKlass org/springframework/boot/webmvc/autoconfigure/DispatcherServletAutoConfiguration
instanceKlass org/springframework/boot/webmvc/autoconfigure/DispatcherServletPath
instanceKlass  @bci org/springframework/util/ReflectionUtils getAllDeclaredMethods (Ljava/lang/Class;)[Ljava/lang/reflect/Method; 17 <appendix> member <vmtarget> ; # org/springframework/util/ReflectionUtils$$Lambda+0x000000003d311358
instanceKlass org/springframework/boot/jackson/autoconfigure/JacksonAutoConfiguration
instanceKlass org/springframework/boot/jackson/autoconfigure/JacksonProperties$Json
instanceKlass org/springframework/boot/jackson/autoconfigure/JacksonProperties$Datatype
instanceKlass org/springframework/boot/jackson/autoconfigure/JacksonProperties
instanceKlass org/springframework/aop/scope/ScopedProxyUtils
instanceKlass org/springframework/boot/webmvc/autoconfigure/DispatcherServletAutoConfiguration$DispatcherServletRegistrationConfiguration
instanceKlass org/springframework/boot/context/properties/BindMethodAttribute
instanceKlass org/springframework/boot/webmvc/autoconfigure/WebMvcProperties$Apiversion
instanceKlass org/springframework/boot/webmvc/autoconfigure/WebMvcProperties$Problemdetails
instanceKlass org/springframework/boot/webmvc/autoconfigure/WebMvcProperties$Pathmatch
instanceKlass org/springframework/boot/webmvc/autoconfigure/WebMvcProperties$Contentnegotiation
instanceKlass org/springframework/boot/webmvc/autoconfigure/WebMvcProperties$View
instanceKlass org/springframework/boot/webmvc/autoconfigure/WebMvcProperties$Servlet
instanceKlass org/springframework/boot/webmvc/autoconfigure/WebMvcProperties$Async
instanceKlass org/springframework/boot/webmvc/autoconfigure/WebMvcProperties$Format
instanceKlass org/springframework/validation/MessageCodeFormatter
instanceKlass org/springframework/boot/context/properties/ConfigurationPropertiesBean
instanceKlass  @bci org/springframework/boot/context/properties/ConfigurationPropertiesBeanRegistrar registerBeanDefinition (Ljava/lang/String;Ljava/lang/Class;Lorg/springframework/core/annotation/MergedAnnotation;)V 7 <appendix> member <vmtarget> ; # org/springframework/boot/context/properties/ConfigurationPropertiesBeanRegistrar$$Lambda+0x000000003d316c90
instanceKlass  @bci org/springframework/boot/context/properties/EnableConfigurationPropertiesRegistrar registerBeanDefinitions (Lorg/springframework/core/type/AnnotationMetadata;Lorg/springframework/beans/factory/support/BeanDefinitionRegistry;)V 28 <appendix> member <vmtarget> ; # org/springframework/boot/context/properties/EnableConfigurationPropertiesRegistrar$$Lambda+0x000000003d3167d8
instanceKlass  @bci org/springframework/boot/context/properties/EnableConfigurationPropertiesRegistrar getTypes (Lorg/springframework/core/type/AnnotationMetadata;)Ljava/util/Set; 23 <appendix> argL0 ; # org/springframework/boot/context/properties/EnableConfigurationPropertiesRegistrar$$Lambda+0x000000003d316580
instanceKlass  @bci org/springframework/boot/context/properties/EnableConfigurationPropertiesRegistrar getTypes (Lorg/springframework/core/type/AnnotationMetadata;)Ljava/util/Set; 13 <appendix> argL0 ; # org/springframework/boot/context/properties/EnableConfigurationPropertiesRegistrar$$Lambda+0x000000003d316338
instanceKlass org/springframework/boot/context/properties/ConfigurationPropertiesBeanRegistrar
instanceKlass org/springframework/boot/validation/beanvalidation/MethodValidationExcludeFilter
instanceKlass org/springframework/boot/context/properties/BoundConfigurationProperties
instanceKlass org/springframework/boot/context/properties/ConfigurationPropertiesBinder$ConfigurationPropertiesBinderFactory
instanceKlass org/springframework/validation/Validator
instanceKlass org/springframework/boot/context/properties/ConfigurationPropertiesBinder
instanceKlass org/springframework/boot/context/properties/ConfigurationPropertiesBindingPostProcessor
instanceKlass org/springframework/boot/webmvc/autoconfigure/DispatcherServletAutoConfiguration$DispatcherServletConfiguration
instanceKlass org/springframework/boot/webmvc/autoconfigure/WebMvcProperties
instanceKlass org/springframework/core/annotation/AnnotatedElementUtils
instanceKlass org/springframework/context/annotation/BeanAnnotationHelper
instanceKlass  @bci org/springframework/util/ReflectionUtils getUniqueDeclaredMethods (Ljava/lang/Class;Lorg/springframework/util/ReflectionUtils$MethodFilter;)[Ljava/lang/reflect/Method; 12 <appendix> member <vmtarget> ; # org/springframework/util/ReflectionUtils$$Lambda+0x000000003d314588
instanceKlass  @bci org/springframework/beans/factory/support/AbstractAutowireCapableBeanFactory getTypeForFactoryMethod (Ljava/lang/String;Lorg/springframework/beans/factory/support/RootBeanDefinition;[Ljava/lang/Class;)Ljava/lang/Class; 133 <appendix> argL0 ; # org/springframework/beans/factory/support/AbstractAutowireCapableBeanFactory$$Lambda+0x000000003d314340
instanceKlass org/springframework/core/type/StandardMethodMetadata
instanceKlass org/springframework/context/annotation/ConfigurationBeanNameGenerator
instanceKlass  @bci org/springframework/boot/autoconfigure/condition/OnBeanCondition getMatchingBeans (Lorg/springframework/boot/autoconfigure/condition/OnBeanCondition$Spec;)Lorg/springframework/boot/autoconfigure/condition/OnBeanCondition$MatchResult; 116 <appendix> member <vmtarget> ; # org/springframework/boot/autoconfigure/condition/OnBeanCondition$$Lambda+0x000000003d30f090
instanceKlass  @cpi org/springframework/boot/autoconfigure/condition/OnBeanCondition 855 form vmentry <vmtarget> ; # java/lang/invoke/LambdaForm$DMH+0x000000003d310000
instanceKlass  @bci org/springframework/beans/factory/config/ConstructorArgumentValues addArgumentValues (Lorg/springframework/beans/factory/config/ConstructorArgumentValues;)V 40 <appendix> member <vmtarget> ; # org/springframework/beans/factory/config/ConstructorArgumentValues$$Lambda+0x000000003d30ee50
instanceKlass  @bci org/springframework/beans/factory/config/ConstructorArgumentValues addArgumentValues (Lorg/springframework/beans/factory/config/ConstructorArgumentValues;)V 29 <appendix> member <vmtarget> ; # org/springframework/beans/factory/config/ConstructorArgumentValues$$Lambda+0x000000003d30ebf0
instanceKlass  @bci org/springframework/beans/factory/config/ConstructorArgumentValues addArgumentValues (Lorg/springframework/beans/factory/config/ConstructorArgumentValues;)V 9 <appendix> member <vmtarget> ; # org/springframework/beans/factory/config/ConstructorArgumentValues$$Lambda+0x000000003d30e9b0
instanceKlass org/springframework/boot/autoconfigure/condition/OnBeanCondition$MatchResult
instanceKlass  @bci org/springframework/boot/autoconfigure/condition/OnBeanCondition$Spec isParameterizedContainer (Ljava/lang/Class;)Z 25 <appendix> member <vmtarget> ; # org/springframework/boot/autoconfigure/condition/OnBeanCondition$Spec$$Lambda+0x000000003d30e538
instanceKlass  @bci org/springframework/boot/autoconfigure/condition/OnBeanCondition$Spec isParameterizedContainer (Ljava/lang/Class;)Z 14 <appendix> member <vmtarget> ; # org/springframework/boot/autoconfigure/condition/OnBeanCondition$Spec$$Lambda+0x000000003d30e2e8
instanceKlass org/springframework/core/io/support/PropertiesLoaderSupport
instanceKlass org/springframework/boot/autoconfigure/context/PropertyPlaceholderAutoConfiguration
instanceKlass  @bci org/springframework/core/annotation/MergedAnnotationCollectors toMultiValueMap ([Lorg/springframework/core/annotation/MergedAnnotation$Adapt;)Ljava/util/stream/Collector; 0 <appendix> argL0 ; # org/springframework/core/annotation/MergedAnnotationCollectors$$Lambda+0x000000003d30cb90
instanceKlass  @bci org/springframework/boot/autoconfigure/condition/OnBeanCondition$Spec <init> (Lorg/springframework/context/annotation/ConditionContext;Lorg/springframework/core/type/AnnotatedTypeMetadata;Lorg/springframework/core/annotation/MergedAnnotations;Ljava/lang/Class;)V 12 <appendix> argL0 ; # org/springframework/boot/autoconfigure/condition/OnBeanCondition$Spec$$Lambda+0x000000003d30c948
instanceKlass org/springframework/beans/factory/config/ConstructorArgumentValues$ValueHolder
instanceKlass org/springframework/beans/factory/config/ConstructorArgumentValues
instanceKlass org/springframework/boot/autoconfigure/AutoConfigurationPackages$BasePackages
instanceKlass org/springframework/boot/autoconfigure/AutoConfigurationPackages
instanceKlass org/springframework/boot/autoconfigure/AutoConfigurationPackages$PackageImports
instanceKlass  @bci org/springframework/context/annotation/ConfigurationClassBeanDefinitionReader loadBeanDefinitionsFromBeanRegistrars (Lorg/springframework/util/MultiValueMap;)V 53 <appendix> member <vmtarget> ; # org/springframework/context/annotation/ConfigurationClassBeanDefinitionReader$$Lambda+0x000000003d30b908
instanceKlass  @bci org/springframework/context/annotation/ConfigurationClassBeanDefinitionReader loadBeanDefinitionsFromImportBeanDefinitionRegistrars (Ljava/util/Map;)V 2 <appendix> member <vmtarget> ; # org/springframework/context/annotation/ConfigurationClassBeanDefinitionReader$$Lambda+0x000000003d30b6c8
instanceKlass  @bci org/springframework/context/annotation/ConfigurationClassBeanDefinitionReader loadBeanDefinitionsFromImportedResources (Ljava/util/Map;)V 11 <appendix> member <vmtarget> ; # org/springframework/context/annotation/ConfigurationClassBeanDefinitionReader$$Lambda+0x000000003d30b488
instanceKlass org/springframework/context/annotation/ConfigurationClassBeanDefinitionReader$TrackedConditionEvaluator
instanceKlass org/springframework/beans/factory/BeanRegistry
instanceKlass org/springframework/context/annotation/ConfigurationClassBeanDefinitionReader
instanceKlass org/apache/tomcat/websocket/server/WsSci
instanceKlass jakarta/servlet/ServletContainerInitializer
instanceKlass org/springframework/boot/autoconfigure/condition/ConditionalOnWarDeployment
instanceKlass org/springframework/boot/web/server/autoconfigure/servlet/ServletWebServerConfiguration$BeanPostProcessorsRegistrar
instanceKlass org/springframework/boot/autoconfigure/condition/ConditionalOnNotWarDeployment
instanceKlass  @bci org/springframework/core/type/classreading/MergedAnnotationReadingVisitor visitEnum (Ljava/lang/String;Ljava/lang/String;Ljava/lang/String;)V 5 <appendix> member <vmtarget> ; # org/springframework/core/type/classreading/MergedAnnotationReadingVisitor$$Lambda+0x000000003d309cb8
instanceKlass org/springframework/boot/devtools/restart/RestartScope
instanceKlass org/springframework/boot/devtools/restart/ConditionalOnInitializedRestarter
instanceKlass org/springframework/boot/devtools/autoconfigure/ConditionalOnEnabledDevTools
instanceKlass org/springframework/boot/autoconfigure/condition/ConditionalOnResource
instanceKlass org/springframework/web/servlet/function/RouterFunction
instanceKlass org/springdoc/core/properties/SpringDocConfigProperties$GroupConfig
instanceKlass io/swagger/v3/oas/models/OpenAPI
instanceKlass org/springdoc/core/properties/SpringDocConfigProperties$SortConverter
instanceKlass org/springdoc/core/properties/SpringDocConfigProperties$ModelConverters
instanceKlass org/springdoc/core/properties/SpringDocConfigProperties$Cache
instanceKlass org/springdoc/core/properties/SpringDocConfigProperties$ApiDocs
instanceKlass org/springdoc/core/properties/SpringDocConfigProperties$Webjars
instanceKlass org/springdoc/core/properties/SpringDocConfigProperties
instanceKlass org/springdoc/core/conditions/SpecPropertiesCondition
instanceKlass reactor/core/publisher/Flux
instanceKlass io/swagger/v3/oas/annotations/Hidden
instanceKlass org/springframework/web/bind/annotation/ControllerAdvice
instanceKlass org/springframework/web/bind/annotation/RestControllerAdvice
instanceKlass org/springframework/http/HttpStatusCode
instanceKlass org/springframework/web/bind/annotation/ResponseStatus
instanceKlass org/springframework/web/bind/annotation/ExceptionHandler
instanceKlass org/springframework/boot/autoconfigure/web/WebProperties$Resources$Chain
instanceKlass  @bci org/springframework/http/converter/support/AllEncompassingFormHttpMessageConverter <init> ()V 21 <appendix> member <vmtarget> ; # org/springframework/http/converter/support/AllEncompassingFormHttpMessageConverter$$Lambda+0x000000003d303368
instanceKlass org/springframework/http/converter/DefaultHttpMessageConverters
instanceKlass  @bci org/springframework/http/converter/support/AllEncompassingFormHttpMessageConverter <init> (Ljava/lang/Iterable;)V 6 <appendix> member <vmtarget> ; # org/springframework/http/converter/support/AllEncompassingFormHttpMessageConverter$$Lambda+0x000000003d302ea8
instanceKlass  @bci org/springframework/http/converter/json/Jackson2ObjectMapperBuilder configure (Lcom/fasterxml/jackson/databind/ObjectMapper;)V 453 <appendix> member <vmtarget> ; # org/springframework/http/converter/json/Jackson2ObjectMapperBuilder$$Lambda+0x000000003d302c68
instanceKlass  @bci org/springframework/http/converter/json/Jackson2ObjectMapperBuilder configure (Lcom/fasterxml/jackson/databind/ObjectMapper;)V 432 <appendix> member <vmtarget> ; # org/springframework/http/converter/json/Jackson2ObjectMapperBuilder$$Lambda+0x000000003d302a28
instanceKlass  @bci org/springframework/http/converter/json/Jackson2ObjectMapperBuilder configure (Lcom/fasterxml/jackson/databind/ObjectMapper;)V 360 <appendix> member <vmtarget> ; # org/springframework/http/converter/json/Jackson2ObjectMapperBuilder$$Lambda+0x000000003d302598
instanceKlass  @cpi org/springframework/web/reactive/function/client/DefaultClientRequestBuilder$BodyInserterRequest 230 form vmentry <vmtarget> ; # java/lang/invoke/LambdaForm$DMH+0x000000003d304000
instanceKlass com/fasterxml/jackson/databind/deser/ValueInstantiators$Base
instanceKlass com/fasterxml/jackson/databind/module/SimpleKeyDeserializers
instanceKlass org/springframework/boot/autoconfigure/condition/ConditionalOnMissingFilterBean
instanceKlass  @bci com/fasterxml/jackson/datatype/jsr310/ser/ZonedDateTimeSerializer <init> (Ljava/time/format/DateTimeFormatter;)V 13 <appendix> argL0 ; # com/fasterxml/jackson/datatype/jsr310/ser/ZonedDateTimeSerializer$$Lambda+0x000000003d301140
instanceKlass  @bci com/fasterxml/jackson/datatype/jsr310/ser/ZonedDateTimeSerializer <init> (Ljava/time/format/DateTimeFormatter;)V 8 <appendix> argL0 ; # com/fasterxml/jackson/datatype/jsr310/ser/ZonedDateTimeSerializer$$Lambda+0x000000003d300f18
instanceKlass  @bci com/fasterxml/jackson/datatype/jsr310/ser/ZonedDateTimeSerializer <init> (Ljava/time/format/DateTimeFormatter;)V 3 <appendix> argL0 ; # com/fasterxml/jackson/datatype/jsr310/ser/ZonedDateTimeSerializer$$Lambda+0x000000003d300cf0
instanceKlass  @bci com/fasterxml/jackson/datatype/jsr310/ser/OffsetDateTimeSerializer <init> ()V 13 <appendix> argL0 ; # com/fasterxml/jackson/datatype/jsr310/ser/OffsetDateTimeSerializer$$Lambda+0x000000003d300ac8
instanceKlass  @bci com/fasterxml/jackson/datatype/jsr310/ser/OffsetDateTimeSerializer <init> ()V 8 <appendix> argL0 ; # com/fasterxml/jackson/datatype/jsr310/ser/OffsetDateTimeSerializer$$Lambda+0x000000003d3008a0
instanceKlass  @bci com/fasterxml/jackson/datatype/jsr310/ser/OffsetDateTimeSerializer <init> ()V 3 <appendix> argL0 ; # com/fasterxml/jackson/datatype/jsr310/ser/OffsetDateTimeSerializer$$Lambda+0x000000003d300678
instanceKlass  @bci com/fasterxml/jackson/datatype/jsr310/ser/InstantSerializer <init> ()V 13 <appendix> argL0 ; # com/fasterxml/jackson/datatype/jsr310/ser/InstantSerializer$$Lambda+0x000000003d300450
instanceKlass  @bci com/fasterxml/jackson/datatype/jsr310/ser/InstantSerializer <init> ()V 8 <appendix> argL0 ; # com/fasterxml/jackson/datatype/jsr310/ser/InstantSerializer$$Lambda+0x000000003d300228
instanceKlass  @bci com/fasterxml/jackson/datatype/jsr310/ser/InstantSerializer <init> ()V 3 <appendix> argL0 ; # com/fasterxml/jackson/datatype/jsr310/ser/InstantSerializer$$Lambda+0x000000003d300000
instanceKlass com/fasterxml/jackson/databind/ser/Serializers$Base
instanceKlass org/springframework/boot/autoconfigure/web/ConditionalOnEnabledResourceChain
instanceKlass com/fasterxml/jackson/databind/util/ArrayBuilders
instanceKlass com/fasterxml/jackson/databind/type/ClassKey
instanceKlass  @bci com/fasterxml/jackson/datatype/jsr310/deser/InstantDeserializer <clinit> ()V 130 <appendix> argL0 ; # com/fasterxml/jackson/datatype/jsr310/deser/InstantDeserializer$$Lambda+0x000000003d2fda88
instanceKlass  @bci com/fasterxml/jackson/datatype/jsr310/deser/InstantDeserializer <clinit> ()V 125 <appendix> argL0 ; # com/fasterxml/jackson/datatype/jsr310/deser/InstantDeserializer$$Lambda+0x000000003d2fd840
instanceKlass  @bci com/fasterxml/jackson/datatype/jsr310/deser/InstantDeserializer <clinit> ()V 120 <appendix> argL0 ; # com/fasterxml/jackson/datatype/jsr310/deser/InstantDeserializer$$Lambda+0x000000003d2fd5f8
instanceKlass  @bci com/fasterxml/jackson/datatype/jsr310/deser/InstantDeserializer <clinit> ()V 115 <appendix> argL0 ; # com/fasterxml/jackson/datatype/jsr310/deser/InstantDeserializer$$Lambda+0x000000003d2fd3b0
instanceKlass  @bci com/fasterxml/jackson/datatype/jsr310/deser/InstantDeserializer <clinit> ()V 88 <appendix> argL0 ; # com/fasterxml/jackson/datatype/jsr310/deser/InstantDeserializer$$Lambda+0x000000003d2fd178
instanceKlass  @bci com/fasterxml/jackson/datatype/jsr310/deser/InstantDeserializer <clinit> ()V 83 <appendix> argL0 ; # com/fasterxml/jackson/datatype/jsr310/deser/InstantDeserializer$$Lambda+0x000000003d2fcf30
instanceKlass  @bci com/fasterxml/jackson/datatype/jsr310/deser/InstantDeserializer <clinit> ()V 78 <appendix> argL0 ; # com/fasterxml/jackson/datatype/jsr310/deser/InstantDeserializer$$Lambda+0x000000003d2fcce8
instanceKlass  @bci com/fasterxml/jackson/datatype/jsr310/deser/InstantDeserializer <clinit> ()V 73 <appendix> argL0 ; # com/fasterxml/jackson/datatype/jsr310/deser/InstantDeserializer$$Lambda+0x000000003d2fcaa0
instanceKlass  @bci com/fasterxml/jackson/datatype/jsr310/deser/InstantDeserializer <init> (Ljava/lang/Class;Ljava/time/format/DateTimeFormatter;Ljava/util/function/Function;Ljava/util/function/Function;Ljava/util/function/Function;Ljava/util/function/BiFunction;ZZZ)V 29 <appendix> argL0 ; # com/fasterxml/jackson/datatype/jsr310/deser/InstantDeserializer$$Lambda+0x000000003d2fc868
instanceKlass  @bci com/fasterxml/jackson/datatype/jsr310/deser/InstantDeserializer <clinit> ()V 45 <appendix> argL0 ; # com/fasterxml/jackson/datatype/jsr310/deser/InstantDeserializer$$Lambda+0x000000003d2fc620
instanceKlass com/fasterxml/jackson/datatype/jsr310/deser/InstantDeserializer$FromDecimalArguments
instanceKlass  @bci com/fasterxml/jackson/datatype/jsr310/deser/InstantDeserializer <clinit> ()V 40 <appendix> argL0 ; # com/fasterxml/jackson/datatype/jsr310/deser/InstantDeserializer$$Lambda+0x000000003d2fc1c0
instanceKlass com/fasterxml/jackson/datatype/jsr310/deser/InstantDeserializer$FromIntegerArguments
instanceKlass  @bci com/fasterxml/jackson/datatype/jsr310/deser/InstantDeserializer <clinit> ()V 35 <appendix> argL0 ; # com/fasterxml/jackson/datatype/jsr310/deser/InstantDeserializer$$Lambda+0x000000003d2fbd60
instanceKlass org/springframework/boot/webmvc/autoconfigure/JspTemplateAvailabilityProvider
instanceKlass org/springframework/boot/autoconfigure/template/TemplateAvailabilityProviders$NoTemplateAvailabilityProvider
instanceKlass org/springframework/boot/autoconfigure/template/TemplateAvailabilityProvider
instanceKlass org/springframework/boot/autoconfigure/template/TemplateAvailabilityProviders
instanceKlass com/fasterxml/jackson/databind/deser/Deserializers$Base
instanceKlass com/fasterxml/jackson/databind/ObjectMapper$1
instanceKlass com/fasterxml/jackson/core/util/JacksonFeatureSet
instanceKlass com/fasterxml/jackson/core/Version
instanceKlass com/fasterxml/jackson/core/util/VersionUtil
instanceKlass com/fasterxml/jackson/datatype/jsr310/PackageVersion
instanceKlass org/springframework/scheduling/annotation/AsyncConfigurer
instanceKlass org/springframework/boot/autoconfigure/condition/ConditionalOnThreading
instanceKlass com/fasterxml/jackson/databind/ser/BeanSerializerModifier
instanceKlass com/fasterxml/jackson/databind/ser/Serializers
instanceKlass com/fasterxml/jackson/databind/cfg/SerializerFactoryConfig
instanceKlass org/springframework/boot/web/context/reactive/ReactiveWebApplicationContext
instanceKlass org/springframework/boot/web/context/reactive/ConfigurableReactiveWebEnvironment
instanceKlass com/fasterxml/jackson/databind/ser/std/StdJdkSerializers
instanceKlass  @bci org/springframework/boot/web/server/servlet/DocumentRoot getExplodedWarFileDocumentRoot (Ljava/io/File;)Ljava/io/File; 53 <appendix> form vmentry <vmtarget> ; # java/lang/invoke/LambdaForm$MH+0x000000003d2e8400
instanceKlass com/fasterxml/jackson/databind/ser/std/NumberSerializers
instanceKlass  @bci org/springframework/boot/autoconfigure/condition/OnPropertyCondition$Spec getNames (Lorg/springframework/core/annotation/AnnotationAttributes;)[Ljava/lang/String; 88 <appendix> member <vmtarget> ; # org/springframework/boot/autoconfigure/condition/OnPropertyCondition$Spec$$Lambda+0x000000003d2e72c0
instanceKlass  @bci org/springframework/boot/autoconfigure/condition/OnPropertyCondition$Spec getNames (Lorg/springframework/core/annotation/AnnotationAttributes;)[Ljava/lang/String; 64 <appendix> member <vmtarget> ; # org/springframework/boot/autoconfigure/condition/OnPropertyCondition$Spec$$Lambda+0x000000003d2e6de0
instanceKlass org/springframework/boot/autoconfigure/condition/OnPropertyCondition$Spec
instanceKlass  @bci java/util/stream/StreamSpliterators$WrappingSpliterator forEachRemaining (Ljava/util/function/Consumer;)V 33 <appendix> member <vmtarget> ; # java/util/stream/StreamSpliterators$WrappingSpliterator$$Lambda+0x000000003d26fef8
instanceKlass org/springframework/boot/autoconfigure/condition/ConditionalOnBooleanProperties
instanceKlass org/springframework/boot/autoconfigure/condition/ConditionalOnBooleanProperty
instanceKlass java/util/stream/Streams$2
instanceKlass java/util/stream/Streams$ConcatSpliterator
instanceKlass  @bci org/springframework/boot/autoconfigure/condition/OnPropertyCondition streamRepeated (Lorg/springframework/core/annotation/MergedAnnotations;Ljava/lang/Class;Ljava/lang/Class;)Ljava/util/stream/Stream; 8 <appendix> member <vmtarget> ; # org/springframework/boot/autoconfigure/condition/OnPropertyCondition$$Lambda+0x000000003d2e5690
instanceKlass  @bci org/springframework/boot/autoconfigure/condition/OnPropertyCondition stream (Lorg/springframework/core/annotation/MergedAnnotations;Ljava/lang/Class;)Ljava/util/stream/Stream; 10 <appendix> argL0 ; # org/springframework/boot/autoconfigure/condition/OnPropertyCondition$$Lambda+0x000000003d2e5088
instanceKlass org/springframework/boot/autoconfigure/condition/AbstractNestedCondition$MemberOutcomes
instanceKlass  @bci org/springframework/boot/autoconfigure/condition/AbstractNestedCondition$MemberConditions getMatchOutcomes ()Ljava/util/List; 14 <appendix> member <vmtarget> ; # org/springframework/boot/autoconfigure/condition/AbstractNestedCondition$MemberConditions$$Lambda+0x000000003d2e4470
instanceKlass org/springframework/boot/autoconfigure/condition/AbstractNestedCondition$MemberMatchOutcomes
instanceKlass  @bci org/springframework/core/type/classreading/MergedAnnotationReadingVisitor visitArray (Ljava/lang/String;)Lorg/springframework/asm/AnnotationVisitor; 7 <appendix> member <vmtarget> ; # org/springframework/core/type/classreading/MergedAnnotationReadingVisitor$$Lambda+0x000000003d2e3798
instanceKlass org/springframework/asm/Type
instanceKlass org/springframework/asm/AnnotationVisitor
instanceKlass  @bci org/springframework/core/type/classreading/SimpleAnnotationMetadataReadingVisitor visitAnnotation (Ljava/lang/String;Z)Lorg/springframework/asm/AnnotationVisitor; 19 <appendix> member <vmtarget> ; # org/springframework/core/type/classreading/SimpleAnnotationMetadataReadingVisitor$$Lambda+0x000000003d2e11b8
instanceKlass org/springframework/core/type/classreading/SimpleAnnotationMetadataReadingVisitor$Source
instanceKlass org/springframework/core/type/classreading/SimpleAnnotationMetadata
instanceKlass org/springframework/asm/Context
instanceKlass org/springframework/asm/Attribute
instanceKlass org/springframework/asm/ClassReader
instanceKlass org/springframework/asm/MethodVisitor
instanceKlass org/springframework/core/type/classreading/SimpleMetadataReader
instanceKlass org/springframework/boot/autoconfigure/condition/AbstractNestedCondition$MemberConditions
instanceKlass com/fasterxml/jackson/databind/deser/DeserializerCache
instanceKlass com/fasterxml/jackson/databind/KeyDeserializer
instanceKlass com/fasterxml/jackson/databind/deser/std/StdKeyDeserializers
instanceKlass com/fasterxml/jackson/databind/deser/KeyDeserializers
instanceKlass com/fasterxml/jackson/databind/deser/ValueInstantiators
instanceKlass com/fasterxml/jackson/databind/AbstractTypeResolver
instanceKlass com/fasterxml/jackson/databind/deser/BeanDeserializerModifier
instanceKlass com/fasterxml/jackson/databind/cfg/DeserializerFactoryConfig
instanceKlass com/fasterxml/jackson/databind/deser/Deserializers
instanceKlass com/fasterxml/jackson/databind/deser/ResolvableDeserializer
instanceKlass br/com/CarSearch/carSearch_backend/service/SearchService
instanceKlass br/com/CarSearch/carSearch_backend/service/PexelsService
instanceKlass br/com/CarSearch/carSearch_backend/service/GeminiService
instanceKlass com/fasterxml/jackson/databind/deser/ValueInstantiator$Gettable
instanceKlass br/com/CarSearch/carSearch_backend/controller/CarController
instanceKlass org/springframework/boot/web/servlet/RegistrationBean
instanceKlass org/springframework/boot/web/servlet/ServletContextInitializer
instanceKlass com/fasterxml/jackson/databind/deser/ContextualDeserializer
instanceKlass jakarta/servlet/ServletRegistration
instanceKlass jakarta/servlet/Registration
instanceKlass com/fasterxml/jackson/databind/JsonDeserializer
instanceKlass com/fasterxml/jackson/databind/deser/NullValueProvider
instanceKlass com/fasterxml/jackson/databind/ser/SerializerCache
instanceKlass org/springframework/boot/autoconfigure/condition/OnWebApplicationCondition$1
instanceKlass com/fasterxml/jackson/databind/ser/ResolvableSerializer
instanceKlass  @bci org/springframework/core/type/classreading/ClassFileMethodMetadata$Source toString ()Ljava/lang/String; 97 <appendix> argL0 ; # org/springframework/core/type/classreading/ClassFileMethodMetadata$Source$$Lambda+0x000000003d2c84f8
instanceKlass  @bci org/springframework/core/type/classreading/ClassFileMethodMetadata$Source toString ()Ljava/lang/String; 18 <appendix> member <vmtarget> ; # org/springframework/core/type/classreading/ClassFileMethodMetadata$Source$$Lambda+0x000000003d2c82b8
instanceKlass com/fasterxml/jackson/databind/ser/ContextualSerializer
instanceKlass org/springframework/context/annotation/ConfigurationMethod
instanceKlass com/fasterxml/jackson/databind/jsonschema/SchemaAware
instanceKlass com/fasterxml/jackson/databind/JsonSerializer
instanceKlass com/fasterxml/jackson/databind/jsonFormatVisitors/JsonFormatVisitable
instanceKlass java/lang/classfile/attribute/DeprecatedAttribute
instanceKlass com/fasterxml/jackson/databind/node/JsonNodeFactory
instanceKlass com/fasterxml/jackson/databind/node/JsonNodeCreator
instanceKlass  @bci org/springframework/core/annotation/MergedAnnotationCollectors lambda$toMultiValueMap$1 ([Lorg/springframework/core/annotation/MergedAnnotation$Adapt;Lorg/springframework/util/MultiValueMap;Lorg/springframework/core/annotation/MergedAnnotation;)V 13 <appendix> member <vmtarget> ; # org/springframework/core/annotation/MergedAnnotationCollectors$$Lambda+0x000000003d2bf948
instanceKlass  @bci org/springframework/core/annotation/TypeMappedAnnotation asMap ([Lorg/springframework/core/annotation/MergedAnnotation$Adapt;)Ljava/util/Map; 1 <appendix> argL0 ; # org/springframework/core/annotation/TypeMappedAnnotation$$Lambda+0x000000003d2bf500
instanceKlass  @bci org/springframework/core/annotation/MergedAnnotationCollectors toMultiValueMap (Ljava/util/function/Function;[Lorg/springframework/core/annotation/MergedAnnotation$Adapt;)Ljava/util/stream/Collector; 31 <appendix> argL0 ; # org/springframework/core/annotation/MergedAnnotationCollectors$$Lambda+0x000000003d2bf038
instanceKlass  @bci org/springframework/core/annotation/MergedAnnotationCollectors toMultiValueMap (Ljava/util/function/Function;[Lorg/springframework/core/annotation/MergedAnnotation$Adapt;)Ljava/util/stream/Collector; 26 <appendix> member <vmtarget> ; # org/springframework/core/annotation/MergedAnnotationCollectors$$Lambda+0x000000003d2bedf8
instanceKlass  @bci org/springframework/core/annotation/MergedAnnotationCollectors toMultiValueMap (Ljava/util/function/Function;[Lorg/springframework/core/annotation/MergedAnnotation$Adapt;)Ljava/util/stream/Collector; 20 <appendix> argL0 ; # org/springframework/core/annotation/MergedAnnotationCollectors$$Lambda+0x000000003d2be988
instanceKlass com/fasterxml/jackson/databind/cfg/ContextAttributes
instanceKlass org/springframework/core/annotation/MergedAnnotationCollectors
instanceKlass  @bci org/springframework/core/type/AnnotatedTypeMetadata getAllAnnotationAttributes (Ljava/lang/String;Z)Lorg/springframework/util/MultiValueMap; 41 <appendix> argL0 ; # org/springframework/core/type/AnnotatedTypeMetadata$$Lambda+0x000000003d2bda68
instanceKlass com/fasterxml/jackson/databind/cfg/DatatypeFeature
instanceKlass  @bci org/springframework/core/type/AnnotatedTypeMetadata getAllAnnotationAttributes (Ljava/lang/String;Z)Lorg/springframework/util/MultiValueMap; 31 <appendix> argL0 ; # org/springframework/core/type/AnnotatedTypeMetadata$$Lambda+0x000000003d2bd388
instanceKlass org/springframework/core/annotation/MergedAnnotationPredicates$UniquePredicate
instanceKlass  @bci org/springframework/core/type/AnnotatedTypeMetadata getAllAnnotationAttributes (Ljava/lang/String;Z)Lorg/springframework/util/MultiValueMap; 18 <appendix> argL0 ; # org/springframework/core/type/AnnotatedTypeMetadata$$Lambda+0x000000003d2bced0
instanceKlass com/fasterxml/jackson/databind/cfg/DatatypeFeatures$DefaultHolder
instanceKlass com/fasterxml/jackson/databind/cfg/DatatypeFeatures
instanceKlass org/springframework/boot/context/properties/EnableConfigurationPropertiesRegistrar
instanceKlass org/springframework/boot/context/properties/EnableConfigurationProperties
instanceKlass com/fasterxml/jackson/core/util/DefaultPrettyPrinter$NopIndenter
instanceKlass com/fasterxml/jackson/core/util/Separators
instanceKlass com/fasterxml/jackson/core/util/DefaultPrettyPrinter
instanceKlass com/fasterxml/jackson/core/util/Instantiatable
instanceKlass com/fasterxml/jackson/databind/cfg/ConfigFeature
instanceKlass com/fasterxml/jackson/databind/cfg/ConfigOverride
instanceKlass java/lang/classfile/attribute/RuntimeVisibleTypeAnnotationsAttribute
instanceKlass com/fasterxml/jackson/databind/cfg/CoercionConfig
instanceKlass  @bci org/springframework/context/annotation/ConfigurationClassParser$DeferredImportSelectorGroupingHandler processGroupImports ()V 45 <appendix> member <vmtarget> ; # org/springframework/context/annotation/ConfigurationClassParser$DeferredImportSelectorGroupingHandler$$Lambda+0x000000003d2b8250
instanceKlass com/fasterxml/jackson/databind/cfg/CoercionConfigs
instanceKlass  @bci org/springframework/boot/autoconfigure/AutoConfigurationImportSelector$AutoConfigurationGroup selectImports ()Ljava/lang/Iterable; 126 <appendix> member <vmtarget> ; # org/springframework/boot/autoconfigure/AutoConfigurationImportSelector$AutoConfigurationGroup$$Lambda+0x000000003d2b7d78
instanceKlass org/springframework/context/annotation/DeferredImportSelector$Group$Entry
instanceKlass  @bci org/springframework/boot/autoconfigure/AutoConfigurationSorter checkForCycles (Ljava/util/Set;Ljava/lang/String;Ljava/lang/String;)V 17 <appendix> member <vmtarget> ; # org/springframework/boot/autoconfigure/AutoConfigurationSorter$$Lambda+0x000000003d2b7920
instanceKlass com/fasterxml/jackson/databind/introspect/VisibilityChecker$Std
instanceKlass  @bci org/springframework/boot/autoconfigure/AutoConfigurationSorter$AutoConfigurationClasses getClassesRequestedAfter (Ljava/lang/String;)Ljava/util/Set; 22 <appendix> member <vmtarget> ; # org/springframework/boot/autoconfigure/AutoConfigurationSorter$AutoConfigurationClasses$$Lambda+0x000000003d2b7338
instanceKlass com/fasterxml/jackson/databind/cfg/ConfigOverrides
instanceKlass  @bci org/springframework/boot/autoconfigure/AutoConfigurationSorter doSortByAfterAnnotation (Lorg/springframework/boot/autoconfigure/AutoConfigurationSorter$AutoConfigurationClasses;Ljava/util/List;Ljava/util/Set;Ljava/util/Set;Ljava/lang/String;)V 37 <appendix> member <vmtarget> ; # org/springframework/boot/autoconfigure/AutoConfigurationSorter$$Lambda+0x000000003d2b6e58
instanceKlass java/lang/invoke/TypeConvertingMethodAdapter$BoxHolder
instanceKlass com/fasterxml/jackson/databind/introspect/AnnotatedClass$Creators
instanceKlass org/springframework/boot/autoconfigure/AutoConfigureOrder
instanceKlass com/fasterxml/jackson/databind/introspect/AnnotationCollector$NoAnnotations
instanceKlass  @bci org/springframework/boot/autoconfigure/AutoConfigurationSorter getInPriorityOrder (Ljava/util/Collection;)Ljava/util/List; 49 <appendix> member <vmtarget> ; # org/springframework/boot/autoconfigure/AutoConfigurationSorter$$Lambda+0x000000003d2b6240
instanceKlass com/fasterxml/jackson/databind/util/Annotations
instanceKlass com/fasterxml/jackson/databind/introspect/AnnotationCollector
instanceKlass com/fasterxml/jackson/databind/introspect/AnnotatedClassResolver
instanceKlass com/fasterxml/jackson/databind/BeanDescription
instanceKlass com/fasterxml/jackson/databind/cfg/MapperConfig
instanceKlass com/fasterxml/jackson/databind/introspect/SimpleMixInResolver
instanceKlass com/fasterxml/jackson/databind/introspect/ClassIntrospector$MixInResolver
instanceKlass com/fasterxml/jackson/databind/util/RootNameLookup
instanceKlass com/fasterxml/jackson/databind/cfg/DefaultCacheProvider
instanceKlass com/fasterxml/jackson/databind/cfg/CacheProvider
instanceKlass com/fasterxml/jackson/databind/introspect/AccessorNamingStrategy
instanceKlass com/fasterxml/jackson/core/Base64Variant
instanceKlass com/fasterxml/jackson/core/Base64Variants
instanceKlass com/fasterxml/jackson/databind/type/TypeBindings
instanceKlass com/fasterxml/jackson/databind/type/TypeParser
instanceKlass com/fasterxml/jackson/databind/type/TypeFactory
instanceKlass com/fasterxml/jackson/databind/cfg/BaseSettings
instanceKlass org/springframework/boot/context/properties/ConfigurationProperties
instanceKlass com/fasterxml/jackson/databind/util/internal/Linked
instanceKlass com/fasterxml/jackson/databind/util/internal/PrivateMaxEntriesMap$Builder
instanceKlass com/fasterxml/jackson/databind/util/LRUMap
instanceKlass com/fasterxml/jackson/databind/util/LookupCache
instanceKlass java/lang/reflect/AnnotatedType
instanceKlass com/fasterxml/jackson/databind/util/ClassUtil$Ctor
instanceKlass com/fasterxml/jackson/databind/util/ClassUtil
instanceKlass com/fasterxml/jackson/databind/ext/Java7Support
instanceKlass com/fasterxml/jackson/databind/annotation/JsonDeserialize
instanceKlass java/lang/classfile/attribute/RuntimeInvisibleAnnotationsAttribute
instanceKlass com/fasterxml/jackson/databind/annotation/JsonSerialize
instanceKlass com/fasterxml/jackson/databind/introspect/ConcreteBeanPropertyBase
instanceKlass com/fasterxml/jackson/databind/BeanProperty
instanceKlass org/springframework/context/annotation/ImportRuntimeHints
instanceKlass com/fasterxml/jackson/databind/introspect/BeanPropertyDefinition
instanceKlass com/fasterxml/jackson/databind/util/Named
instanceKlass org/springframework/boot/autoconfigure/condition/ConditionalOnExpression
instanceKlass com/fasterxml/jackson/databind/introspect/TypeResolutionContext
instanceKlass org/springframework/boot/autoconfigure/AutoConfigureAfter
instanceKlass org/springframework/boot/autoconfigure/AutoConfigureBefore
instanceKlass com/fasterxml/jackson/databind/introspect/Annotated
instanceKlass org/springframework/boot/autoconfigure/condition/ConditionalOnProperties
instanceKlass com/fasterxml/jackson/databind/Module$SetupContext
instanceKlass org/springframework/boot/autoconfigure/condition/ConditionalOnProperty
instanceKlass com/fasterxml/jackson/databind/introspect/ClassIntrospector
instanceKlass org/springframework/boot/autoconfigure/condition/ConditionalOnMissingBean
instanceKlass com/fasterxml/jackson/databind/jsontype/TypeResolverBuilder
instanceKlass org/springframework/boot/autoconfigure/condition/ConditionalOnMissingClass
instanceKlass com/fasterxml/jackson/core/util/BufferRecycler$Gettable
instanceKlass java/lang/classfile/AnnotationValue$OfBoolean
instanceKlass com/fasterxml/jackson/core/type/ResolvedType
instanceKlass org/springframework/boot/autoconfigure/AutoConfigurationSorter$AutoConfigurationClass
instanceKlass org/springframework/boot/autoconfigure/AutoConfigurationSorter$AutoConfigurationClasses
instanceKlass  @bci org/springframework/boot/autoconfigure/AutoConfigurationImportSelector$AutoConfigurationGroup sortAutoConfigurations (Ljava/util/Set;Lorg/springframework/boot/autoconfigure/AutoConfigurationMetadata;)Ljava/util/List; 35 <appendix> member <vmtarget> ; # org/springframework/boot/autoconfigure/AutoConfigurationImportSelector$AutoConfigurationGroup$$Lambda+0x000000003d2a3a40
instanceKlass org/springframework/boot/autoconfigure/AutoConfigurationSorter
instanceKlass com/fasterxml/jackson/databind/JsonSerializable$Base
instanceKlass com/fasterxml/jackson/databind/JsonSerializable
instanceKlass com/fasterxml/jackson/core/TreeNode
instanceKlass  @bci org/springframework/boot/autoconfigure/AutoConfigurationImportSelector$AutoConfigurationGroup selectImports ()Ljava/lang/Iterable; 86 <appendix> argL0 ; # org/springframework/boot/autoconfigure/AutoConfigurationImportSelector$AutoConfigurationGroup$$Lambda+0x000000003d2a0fb0
instanceKlass  @bci org/springframework/boot/autoconfigure/AutoConfigurationImportSelector$AutoConfigurationGroup selectImports ()Ljava/lang/Iterable; 76 <appendix> argL0 ; # org/springframework/boot/autoconfigure/AutoConfigurationImportSelector$AutoConfigurationGroup$$Lambda+0x000000003d2a0d68
instanceKlass com/fasterxml/jackson/databind/introspect/VisibilityChecker
instanceKlass  @bci org/springframework/boot/autoconfigure/AutoConfigurationImportSelector$AutoConfigurationGroup selectImports ()Ljava/lang/Iterable; 66 <appendix> argL0 ; # org/springframework/boot/autoconfigure/AutoConfigurationImportSelector$AutoConfigurationGroup$$Lambda+0x000000003d2a0918
instanceKlass  @bci org/springframework/boot/autoconfigure/AutoConfigurationImportSelector$AutoConfigurationGroup selectImports ()Ljava/lang/Iterable; 35 <appendix> argL0 ; # org/springframework/boot/autoconfigure/AutoConfigurationImportSelector$AutoConfigurationGroup$$Lambda+0x000000003d2a06d0
instanceKlass  @bci org/springframework/boot/autoconfigure/AutoConfigurationImportSelector$AutoConfigurationGroup selectImports ()Ljava/lang/Iterable; 25 <appendix> argL0 ; # org/springframework/boot/autoconfigure/AutoConfigurationImportSelector$AutoConfigurationGroup$$Lambda+0x000000003d2a0488
instanceKlass org/springframework/boot/autoconfigure/condition/ConditionEvaluationReportAutoConfigurationImportListener
instanceKlass org/springframework/boot/autoconfigure/AutoConfigurationImportListener
instanceKlass org/springframework/boot/autoconfigure/condition/ConditionalOnSingleCandidate
instanceKlass org/springframework/boot/autoconfigure/condition/ConditionalOnBean
instanceKlass org/springframework/web/reactive/HandlerResult
instanceKlass com/fasterxml/jackson/databind/jsontype/PolymorphicTypeValidator
instanceKlass org/springframework/boot/autoconfigure/condition/ConditionalOnWebApplication
instanceKlass com/fasterxml/jackson/databind/introspect/AccessorNamingStrategy$Provider
instanceKlass org/springframework/boot/autoconfigure/condition/ConditionEvaluationReport$ConditionAndOutcome
instanceKlass  @bci org/springframework/boot/autoconfigure/condition/ConditionEvaluationReport recordConditionEvaluation (Ljava/lang/String;Lorg/springframework/context/annotation/Condition;Lorg/springframework/boot/autoconfigure/condition/ConditionOutcome;)V 34 <appendix> argL0 ; # org/springframework/boot/autoconfigure/condition/ConditionEvaluationReport$$Lambda+0x000000003d29dcf8
instanceKlass org/springframework/boot/autoconfigure/condition/ConditionEvaluationReport$ConditionAndOutcomes
instanceKlass org/springframework/scheduling/TaskScheduler
instanceKlass com/fasterxml/jackson/databind/AnnotationIntrospector
instanceKlass org/springframework/util/CustomizableThreadCreator
instanceKlass org/springframework/scheduling/SchedulingTaskExecutor
instanceKlass org/springframework/core/task/AsyncTaskExecutor
instanceKlass org/springframework/core/task/TaskExecutor
instanceKlass org/springframework/jmx/support/MBeanRegistrationSupport
instanceKlass org/springframework/jmx/export/MBeanExportOperations
instanceKlass com/fasterxml/jackson/databind/ser/SerializerFactory
instanceKlass org/springframework/http/server/ServerHttpRequest
instanceKlass org/springframework/http/HttpInputMessage
instanceKlass org/springframework/http/HttpRequest
instanceKlass org/springframework/boot/web/server/autoconfigure/ServerProperties
instanceKlass javax/sql/DataSource
instanceKlass java/sql/Wrapper
instanceKlass javax/sql/CommonDataSource
instanceKlass org/springframework/web/multipart/support/StandardServletMultipartResolver
instanceKlass org/springframework/web/multipart/MultipartResolver
instanceKlass jakarta/servlet/MultipartConfigElement
instanceKlass org/springframework/web/reactive/function/client/WebClient
instanceKlass org/springframework/http/codec/CodecConfigurer
instanceKlass com/fasterxml/jackson/databind/deser/DeserializerFactory
instanceKlass org/springframework/web/filter/GenericFilterBean
instanceKlass jakarta/servlet/Filter
instanceKlass com/fasterxml/jackson/databind/DatabindContext
instanceKlass org/springframework/web/server/session/WebSessionManager
instanceKlass com/fasterxml/jackson/databind/jsontype/SubtypeResolver
instanceKlass io/micrometer/observation/Observation
instanceKlass io/micrometer/observation/ObservationView
instanceKlass com/fasterxml/jackson/core/sym/CharsToNameCanonicalizer$Bucket
instanceKlass org/springframework/web/servlet/config/annotation/WebMvcConfigurer
instanceKlass com/fasterxml/jackson/core/sym/CharsToNameCanonicalizer$TableInfo
instanceKlass com/fasterxml/jackson/core/sym/CharsToNameCanonicalizer
instanceKlass reactor/core/publisher/Mono
instanceKlass reactor/core/CorePublisher
instanceKlass com/fasterxml/jackson/core/ErrorReportConfiguration
instanceKlass com/fasterxml/jackson/core/StreamWriteConstraints
instanceKlass com/fasterxml/jackson/core/StreamReadConstraints
instanceKlass com/fasterxml/jackson/core/util/RecyclerPool$WithPool
instanceKlass com/fasterxml/jackson/core/util/RecyclerPool$ThreadLocalPoolBase
instanceKlass org/springframework/boot/web/server/servlet/ConfigurableServletWebServerFactory
instanceKlass org/springframework/boot/web/server/servlet/WebListenerRegistry
instanceKlass com/fasterxml/jackson/core/util/RecyclerPool
instanceKlass org/springframework/boot/web/server/servlet/ServletWebServerFactory
instanceKlass com/fasterxml/jackson/core/util/JsonRecyclerPools
instanceKlass com/fasterxml/jackson/core/sym/ByteQuadsCanonicalizer$TableInfo
instanceKlass org/apache/coyote/UpgradeProtocol
instanceKlass com/fasterxml/jackson/core/sym/ByteQuadsCanonicalizer
instanceKlass org/springframework/web/reactive/config/WebFluxConfigurer
instanceKlass org/springframework/http/codec/LoggingCodecSupport
instanceKlass org/springframework/http/codec/HttpMessageReader
instanceKlass com/fasterxml/jackson/core/FormatFeature
instanceKlass com/fasterxml/jackson/core/io/CharTypes
instanceKlass org/springframework/web/reactive/DispatcherHandler
instanceKlass org/springframework/web/cors/reactive/PreFlightRequestHandler
instanceKlass com/fasterxml/jackson/core/io/JsonStringEncoder
instanceKlass org/springframework/web/server/WebHandler
instanceKlass com/fasterxml/jackson/core/io/SerializedString
instanceKlass org/springframework/http/server/reactive/HttpHandler
instanceKlass org/springframework/boot/web/server/AbstractConfigurableWebServerFactory
instanceKlass org/springframework/boot/web/server/reactive/ConfigurableReactiveWebServerFactory
instanceKlass org/springframework/boot/web/server/reactive/ReactiveWebServerFactory
instanceKlass org/springframework/boot/tomcat/ConfigurableTomcatWebServerFactory
instanceKlass org/springframework/boot/web/server/ConfigurableWebServerFactory
instanceKlass org/springframework/boot/web/error/ErrorPageRegistry
instanceKlass org/springframework/boot/web/server/WebServerFactory
instanceKlass reactor/core/publisher/Hooks
instanceKlass com/fasterxml/jackson/core/util/JacksonFeature
instanceKlass io/netty/util/NettyRuntime
instanceKlass org/springframework/http/ReactiveHttpInputMessage
instanceKlass reactor/netty/transport/Transport
instanceKlass org/springframework/boot/autoconfigure/condition/ConditionMessage$ItemsBuilder
instanceKlass org/springframework/boot/autoconfigure/condition/ConditionMessage$Builder
instanceKlass com/fasterxml/jackson/dataformat/yaml/util/StringQuotingChecker
instanceKlass org/springframework/boot/autoconfigure/condition/ConditionMessage
instanceKlass org/springframework/boot/autoconfigure/condition/ConditionalOnClass
instanceKlass org/apache/catalina/startup/Tomcat
instanceKlass com/fasterxml/jackson/core/async/ByteArrayFeeder
instanceKlass com/fasterxml/jackson/core/async/ByteBufferFeeder
instanceKlass com/fasterxml/jackson/core/async/NonBlockingInputFeeder
instanceKlass org/springframework/boot/autoconfigure/condition/ConditionOutcome
instanceKlass  @bci org/springframework/boot/autoconfigure/condition/OnClassCondition$ThreadedOutcomesResolver <init> (Lorg/springframework/boot/autoconfigure/condition/OnClassCondition$OutcomesResolver;)V 11 <appendix> member <vmtarget> ; # org/springframework/boot/autoconfigure/condition/OnClassCondition$ThreadedOutcomesResolver$$Lambda+0x000000003d283578
instanceKlass org/springframework/boot/autoconfigure/condition/OnClassCondition$ThreadedOutcomesResolver
instanceKlass org/springframework/boot/autoconfigure/condition/OnClassCondition$StandardOutcomesResolver
instanceKlass org/springframework/boot/autoconfigure/AutoConfigurationMetadataLoader$PropertiesAutoConfigurationMetadata
instanceKlass org/springframework/boot/autoconfigure/AutoConfigurationMetadata
instanceKlass org/springframework/boot/autoconfigure/AutoConfigurationMetadataLoader
instanceKlass org/springframework/boot/autoconfigure/AutoConfigurationImportSelector$ConfigurationClassFilter
instanceKlass com/fasterxml/jackson/core/JsonParser
instanceKlass com/fasterxml/jackson/core/TSFBuilder
instanceKlass org/springframework/boot/autoconfigure/condition/OnClassCondition$OutcomesResolver
instanceKlass com/fasterxml/jackson/core/SerializableString
instanceKlass org/springframework/http/converter/json/Jackson2ObjectMapperBuilder$YamlFactoryInitializer
instanceKlass org/springframework/boot/autoconfigure/condition/OnBeanCondition$Spec
instanceKlass com/fasterxml/jackson/databind/cfg/HandlerInstantiator
instanceKlass org/springframework/boot/autoconfigure/condition/SpringBootCondition
instanceKlass org/springframework/context/annotation/ConfigurationCondition
instanceKlass com/fasterxml/jackson/databind/Module
instanceKlass org/springframework/http/converter/json/Jackson2ObjectMapperBuilder
instanceKlass org/springframework/boot/autoconfigure/AutoConfigurationImportFilter
instanceKlass  @bci org/springframework/boot/autoconfigure/AutoConfigurationImportSelector getExcludeAutoConfigurationsProperty ()Ljava/util/List; 35 <appendix> argL0 ; # org/springframework/boot/autoconfigure/AutoConfigurationImportSelector$$Lambda+0x000000003d25a510
instanceKlass com/fasterxml/jackson/core/PrettyPrinter
instanceKlass com/fasterxml/jackson/core/util/DefaultPrettyPrinter$Indenter
instanceKlass org/springframework/http/converter/GenericHttpMessageConverter
instanceKlass  @bci javax/xml/transform/FactoryFinder newInstance (Ljava/lang/Class;Ljava/lang/String;Ljava/lang/ClassLoader;Z)Ljava/lang/Object; 83 <appendix> member <vmtarget> ; # javax/xml/transform/FactoryFinder$$Lambda+0x000000003d26cb98
instanceKlass jdk/xml/internal/JdkProperty
instanceKlass jdk/xml/internal/JdkConstants
instanceKlass javax/xml/catalog/CatalogFeatures$Builder
instanceKlass org/springframework/boot/context/annotation/ImportCandidates
instanceKlass javax/xml/catalog/CatalogFeatures
instanceKlass  @bci org/springframework/boot/autoconfigure/AutoConfigurationImportSelector getAttributes (Lorg/springframework/core/type/AnnotationMetadata;)Lorg/springframework/core/annotation/AnnotationAttributes; 31 <appendix> member <vmtarget> ; # org/springframework/boot/autoconfigure/AutoConfigurationImportSelector$$Lambda+0x000000003d257d20
instanceKlass jdk/xml/internal/TransformErrorListener
instanceKlass javax/xml/transform/ErrorListener
instanceKlass com/sun/org/apache/xalan/internal/xsltc/compiler/SourceLoader
instanceKlass  @bci javax/xml/transform/FactoryFinder find (Ljava/lang/Class;Ljava/lang/String;)Ljava/lang/Object; 112 <appendix> member <vmtarget> ; # javax/xml/transform/FactoryFinder$$Lambda+0x000000003d26b510
instanceKlass org/springframework/boot/autoconfigure/AutoConfigurationReplacements
instanceKlass  @bci org/springframework/boot/autoconfigure/AutoConfigurationImportSelector$AutoConfigurationGroup process (Lorg/springframework/core/type/AnnotationMetadata;Lorg/springframework/context/annotation/DeferredImportSelector;)V 5 <appendix> member <vmtarget> ; # org/springframework/boot/autoconfigure/AutoConfigurationImportSelector$AutoConfigurationGroup$$Lambda+0x000000003d2578d8
instanceKlass jdk/xml/internal/JdkXmlFeatures
instanceKlass  @bci org/springframework/context/annotation/ConfigurationClassParser$DeferredImportSelectorGroupingHandler register (Lorg/springframework/context/annotation/ConfigurationClassParser$DeferredImportSelectorHolder;)V 25 <appendix> member <vmtarget> ; # org/springframework/context/annotation/ConfigurationClassParser$DeferredImportSelectorGroupingHandler$$Lambda+0x000000003d257688
instanceKlass org/springframework/context/annotation/ConfigurationClassParser$DeferredImportSelectorGrouping
instanceKlass org/springframework/boot/autoconfigure/AutoConfigurationImportSelector$AutoConfigurationGroup
instanceKlass org/springframework/context/annotation/DeferredImportSelector$Group
instanceKlass  @bci org/springframework/context/annotation/ConfigurationClassParser$DeferredImportSelectorHandler process ()V 42 <appendix> member <vmtarget> ; # org/springframework/context/annotation/ConfigurationClassParser$DeferredImportSelectorHandler$$Lambda+0x000000003d256d90
instanceKlass jdk/xml/internal/FeaturePropertyBase
instanceKlass org/springframework/context/annotation/ConfigurationClassParser$DeferredImportSelectorGroupingHandler
instanceKlass  @bci org/springframework/core/type/StandardAnnotationMetadata getAnnotatedMethods (Ljava/lang/String;)Ljava/util/Set; 27 <appendix> member <vmtarget> ; # org/springframework/core/type/StandardAnnotationMetadata$$Lambda+0x000000003d256938
instanceKlass  @bci java/util/function/Predicate or (Ljava/util/function/Predicate;)Ljava/util/function/Predicate; 7 <appendix> member <vmtarget> ; # java/util/function/Predicate$$Lambda+0x000000003d268d20
instanceKlass  @bci jdk/xml/internal/XMLSecurityManager$StringMapper <init> (Ljava/util/Map;)V 30 <appendix> argL0 ; # jdk/xml/internal/XMLSecurityManager$StringMapper$$Lambda+0x000000003d268ad8
instanceKlass  @bci org/springframework/boot/autoconfigure/AutoConfigurationImportSelector getExclusionFilter ()Ljava/util/function/Predicate; 1 <appendix> member <vmtarget> ; # org/springframework/boot/autoconfigure/AutoConfigurationImportSelector$$Lambda+0x000000003d2566d8
instanceKlass  @bci jdk/xml/internal/XMLSecurityManager$StringMapper <init> (Ljava/util/Map;)V 25 <appendix> argL0 ; # jdk/xml/internal/XMLSecurityManager$StringMapper$$Lambda+0x000000003d268890
instanceKlass jdk/xml/internal/XMLSecurityManager$ValueMapper
instanceKlass org/springframework/boot/autoconfigure/AutoConfiguration
instanceKlass jdk/xml/internal/XMLSecurityManager
instanceKlass org/springframework/boot/autoconfigure/AutoConfigurationImportSelector$AutoConfigurationEntry
instanceKlass org/springframework/beans/factory/BeanRegistrar
instanceKlass jdk/xml/internal/JdkXmlConfig
instanceKlass jdk/xml/internal/SecuritySupport
instanceKlass  @bci javax/xml/transform/FactoryFinder find (Ljava/lang/Class;Ljava/lang/String;)Ljava/lang/Object; 24 <appendix> member <vmtarget> ; # javax/xml/transform/FactoryFinder$$Lambda+0x000000003d267738
instanceKlass javax/xml/transform/FactoryFinder
instanceKlass javax/xml/transform/TransformerFactory
instanceKlass  @bci org/springframework/http/converter/xml/Jaxb2RootElementHttpMessageConverter <clinit> ()V 0 <appendix> argL0 ; # org/springframework/http/converter/xml/Jaxb2RootElementHttpMessageConverter$$Lambda+0x000000003d255e78
instanceKlass org/xml/sax/InputSource
instanceKlass javax/xml/transform/Result
instanceKlass javax/xml/transform/Source
instanceKlass org/springframework/context/annotation/Bean
instanceKlass tools/jackson/databind/JacksonModule
instanceKlass org/springframework/http/converter/json/ProblemDetailJacksonMixin
instanceKlass org/springframework/http/ProblemDetail
instanceKlass tools/jackson/databind/ser/FilterProvider
instanceKlass org/springframework/http/converter/SmartHttpMessageConverter
instanceKlass com/fasterxml/jackson/core/TokenStreamFactory
instanceKlass java/lang/classfile/attribute/AnnotationDefaultAttribute
instanceKlass jakarta/xml/bind/Binder
instanceKlass  @bci org/springframework/core/type/AnnotationMetadata getAnnotationTypes ()Ljava/util/Set; 31 <appendix> argL0 ; # org/springframework/core/type/AnnotationMetadata$$Lambda+0x000000003d251e08
instanceKlass  @bci org/springframework/core/type/AnnotationMetadata getAnnotationTypes ()Ljava/util/Set; 21 <appendix> argL0 ; # org/springframework/core/type/AnnotationMetadata$$Lambda+0x000000003d251bc0
instanceKlass  @bci org/springframework/core/type/AnnotationMetadata getAnnotationTypes ()Ljava/util/Set; 11 <appendix> argL0 ; # org/springframework/core/type/AnnotationMetadata$$Lambda+0x000000003d251968
instanceKlass com/fasterxml/jackson/core/JsonGenerator
instanceKlass com/fasterxml/jackson/core/TreeCodec
instanceKlass com/fasterxml/jackson/core/Versioned
instanceKlass org/springframework/core/annotation/MergedAnnotationsCollection$AnnotationsSpliterator
instanceKlass org/springframework/http/converter/DefaultHttpMessageConverters$DefaultBuilder
instanceKlass org/springframework/http/converter/HttpMessageConverters$ClientBuilder
instanceKlass org/springframework/http/converter/HttpMessageConverters$ServerBuilder
instanceKlass org/springframework/http/converter/HttpMessageConverters$Builder
instanceKlass org/springframework/http/converter/HttpMessageConverters
instanceKlass org/springframework/stereotype/Service
instanceKlass org/apache/commons/logging/impl/NoOpLog
instanceKlass java/lang/classfile/attribute/NestMembersAttribute
instanceKlass org/springframework/core/log/CompositeLog
instanceKlass org/springframework/core/log/LogDelegateFactory
instanceKlass  @bci org/springframework/core/type/classreading/ClassFileAnnotationMetadata$Builder nestMembers (Ljava/lang/String;Ljava/lang/classfile/attribute/InnerClassesAttribute;)V 79 <appendix> member <vmtarget> ; # org/springframework/core/type/classreading/ClassFileAnnotationMetadata$Builder$$Lambda+0x000000003d24f0c0
instanceKlass org/springframework/http/HttpLogging
instanceKlass org/springframework/http/converter/AbstractHttpMessageConverter
instanceKlass java/lang/classfile/attribute/EnclosingMethodAttribute
instanceKlass org/springframework/util/MimeType
instanceKlass org/springframework/http/HttpOutputMessage
instanceKlass org/springframework/http/HttpMessage
instanceKlass org/springframework/http/StreamingHttpOutputMessage$Body
instanceKlass org/springframework/http/converter/FormHttpMessageConverter
instanceKlass org/springframework/http/converter/HttpMessageConverter
instanceKlass  @bci org/springframework/core/type/classreading/ClassFileAnnotationMetadata$Builder nestMembers (Ljava/lang/String;Ljava/lang/classfile/attribute/InnerClassesAttribute;)V 98 <appendix> member <vmtarget> ; # org/springframework/core/type/classreading/ClassFileAnnotationMetadata$Builder$$Lambda+0x000000003d2497d0
instanceKlass java/lang/classfile/attribute/InnerClassInfo
instanceKlass java/lang/classfile/attribute/SignatureAttribute
instanceKlass java/lang/classfile/attribute/BootstrapMethodsAttribute
instanceKlass java/lang/classfile/attribute/RecordAttribute
instanceKlass  @bci org/springframework/core/type/AnnotationMetadata hasMetaAnnotation (Ljava/lang/String;)Z 7 <appendix> argL0 ; # org/springframework/core/type/AnnotationMetadata$$Lambda+0x000000003d249578
instanceKlass org/springframework/web/bind/annotation/ResponseBody
instanceKlass org/springframework/stereotype/Controller
instanceKlass org/springframework/web/bind/annotation/RestController
instanceKlass org/springframework/web/bind/annotation/CrossOrigin
instanceKlass java/util/AbstractList$RandomAccessSpliterator
instanceKlass  @bci org/springframework/core/type/classreading/ClassFileAnnotationDelegate parseArrayValue (Ljava/lang/String;Ljava/lang/ClassLoader;Ljava/lang/classfile/AnnotationValue$OfArray;)Ljava/lang/Object; 221 <appendix> member <vmtarget> ; # org/springframework/core/type/classreading/ClassFileAnnotationDelegate$$Lambda+0x000000003d248670
instanceKlass  @cpi org/springframework/core/type/classreading/ClassFileAnnotationDelegate 443 form vmentry <vmtarget> ; # java/lang/invoke/LambdaForm$DMH+0x000000003d24c000
instanceKlass  @bci org/springframework/core/type/classreading/ClassFileAnnotationDelegate parseArrayValue (Ljava/lang/String;Ljava/lang/ClassLoader;Ljava/lang/classfile/AnnotationValue$OfArray;)Ljava/lang/Object; 209 <appendix> member <vmtarget> ; # org/springframework/core/type/classreading/ClassFileAnnotationDelegate$$Lambda+0x000000003d248420
instanceKlass  @bci org/springframework/core/type/classreading/ClassFileAnnotationDelegate resolveArrayElementType (Ljava/util/List;Ljava/lang/ClassLoader;)Ljava/lang/Class; 23 <appendix> member <vmtarget> ; # org/springframework/core/type/classreading/ClassFileAnnotationDelegate$$TypeSwitch+0x000000003d248210
instanceKlass  @bci org/springframework/core/type/classreading/ClassFileAnnotationDelegate parseArrayValue (Ljava/lang/String;Ljava/lang/ClassLoader;Ljava/lang/classfile/AnnotationValue$OfArray;)Ljava/lang/Object; 59 <appendix> member <vmtarget> ; # org/springframework/core/type/classreading/ClassFileAnnotationDelegate$$TypeSwitch+0x000000003d248000
instanceKlass java/lang/classfile/AnnotationValue$OfLong
instanceKlass java/lang/classfile/AnnotationValue$OfDouble
instanceKlass java/lang/classfile/AnnotationValue$OfInt
instanceKlass  @bci org/springframework/core/type/classreading/ClassFileAnnotationDelegate readAnnotationValue (Ljava/lang/String;Ljava/lang/classfile/AnnotationValue;Ljava/lang/ClassLoader;)Ljava/lang/Object; 13 <appendix> member <vmtarget> ; # org/springframework/core/type/classreading/ClassFileAnnotationDelegate$$TypeSwitch+0x000000003d243d70
instanceKlass java/lang/classfile/AnnotationValue$OfEnum
instanceKlass java/lang/classfile/AnnotationValue$OfClass
instanceKlass java/lang/classfile/AnnotationValue$OfAnnotation
instanceKlass java/lang/classfile/AnnotationValue$OfArray
instanceKlass java/lang/classfile/AnnotationValue$OfString
instanceKlass java/lang/classfile/AnnotationValue$OfConstant
instanceKlass java/lang/classfile/AnnotationValue
instanceKlass org/springframework/web/bind/annotation/ControllerMappingReflectiveProcessor
instanceKlass org/springframework/aot/hint/annotation/SimpleReflectiveProcessor
instanceKlass org/springframework/aot/hint/annotation/ReflectiveProcessor
instanceKlass  @bci sun/security/pkcs11/SunPKCS11 register (Lsun/security/pkcs11/SunPKCS11$Descriptor;)V 27 <appendix> argL0 ; # sun/security/pkcs11/SunPKCS11$$Lambda+0x000000003d246050
instanceKlass sun/security/pkcs11/SunPKCS11$Descriptor
instanceKlass javax/security/auth/Subject
instanceKlass javax/security/auth/callback/CallbackHandler
instanceKlass org/springframework/http/HttpMethod
instanceKlass org/springframework/aot/hint/annotation/Reflective
instanceKlass org/springframework/web/bind/annotation/Mapping
instanceKlass sun/security/smartcardio/SunPCSC$1
instanceKlass org/jcp/xml/dsig/internal/dom/XMLDSigRI$2
instanceKlass org/jcp/xml/dsig/internal/dom/XMLDSigRI$1
instanceKlass org/springframework/web/bind/annotation/RequestMapping
instanceKlass org/springframework/web/bind/annotation/PostMapping
instanceKlass sun/security/jca/ProviderConfig$ProviderLoader
instanceKlass java/lang/classfile/attribute/RuntimeVisibleParameterAnnotationsAttribute
instanceKlass  @bci org/springframework/core/annotation/TypeMappedAnnotation of (Ljava/lang/ClassLoader;Ljava/lang/Object;Ljava/lang/Class;Ljava/util/Map;)Lorg/springframework/core/annotation/MergedAnnotation; 26 <appendix> argL0 ; # org/springframework/core/annotation/TypeMappedAnnotation$$Lambda+0x000000003d241e98
instanceKlass  @bci org/springframework/core/type/classreading/ClassFileAnnotationDelegate createMergedAnnotations (Ljava/lang/String;Ljava/lang/classfile/attribute/RuntimeVisibleAnnotationsAttribute;Ljava/lang/ClassLoader;)Lorg/springframework/core/annotation/MergedAnnotations; 23 <appendix> argL0 ; # org/springframework/core/type/classreading/ClassFileAnnotationDelegate$$Lambda+0x000000003d241a28
instanceKlass  @bci org/springframework/core/type/classreading/ClassFileAnnotationDelegate createMergedAnnotations (Ljava/lang/String;Ljava/lang/classfile/attribute/RuntimeVisibleAnnotationsAttribute;Ljava/lang/ClassLoader;)Lorg/springframework/core/annotation/MergedAnnotations; 13 <appendix> member <vmtarget> ; # org/springframework/core/type/classreading/ClassFileAnnotationDelegate$$Lambda+0x000000003d2417d8
instanceKlass java/security/spec/ECFieldF2m
instanceKlass org/springframework/core/type/classreading/ClassFileAnnotationDelegate
instanceKlass sun/security/util/ObjectIdentifier
instanceKlass sun/security/util/ByteArrayTagOrder
instanceKlass sun/security/util/ByteArrayLexOrder
instanceKlass java/lang/classfile/attribute/MethodParametersAttribute
instanceKlass  @bci org/springframework/core/type/classreading/ClassFileMethodMetadata of (Ljava/lang/classfile/MethodModel;Ljava/lang/ClassLoader;)Lorg/springframework/core/type/classreading/ClassFileMethodMetadata; 136 <appendix> argL0 ; # org/springframework/core/type/classreading/ClassFileMethodMetadata$$Lambda+0x000000003d2413a0
instanceKlass  @bci org/springframework/core/type/classreading/ClassFileMethodMetadata of (Ljava/lang/classfile/MethodModel;Ljava/lang/ClassLoader;)Lorg/springframework/core/type/classreading/ClassFileMethodMetadata; 128 <appendix> member <vmtarget> ; # org/springframework/core/type/classreading/ClassFileMethodMetadata$$Lambda+0x000000003d241150
instanceKlass  @bci org/springframework/core/type/classreading/ClassFileMethodMetadata of (Ljava/lang/classfile/MethodModel;Ljava/lang/ClassLoader;)Lorg/springframework/core/type/classreading/ClassFileMethodMetadata; 111 <appendix> member <vmtarget> ; # org/springframework/core/type/classreading/ClassFileMethodMetadata$$Lambda+0x000000003d240f00
instanceKlass  @bci org/springframework/core/type/classreading/ClassFileMethodMetadata of (Ljava/lang/classfile/MethodModel;Ljava/lang/ClassLoader;)Lorg/springframework/core/type/classreading/ClassFileMethodMetadata; 94 <appendix> member <vmtarget> ; # org/springframework/core/type/classreading/ClassFileMethodMetadata$$Lambda+0x000000003d240ca0
instanceKlass java/lang/classfile/instruction/MonitorInstruction
instanceKlass java/lang/classfile/instruction/ThrowInstruction
instanceKlass sun/security/util/DerEncoder
instanceKlass java/security/spec/ECParameterSpec
instanceKlass java/security/spec/AlgorithmParameterSpec
instanceKlass java/security/spec/ECPoint
instanceKlass java/security/spec/EllipticCurve
instanceKlass java/security/spec/ECFieldFp
instanceKlass java/security/spec/ECField
instanceKlass sun/security/util/CurveDB
instanceKlass java/lang/classfile/instruction/ReturnInstruction
instanceKlass java/lang/classfile/instruction/ConvertInstruction
instanceKlass java/lang/classfile/instruction/OperatorInstruction
instanceKlass java/lang/classfile/instruction/StackInstruction
instanceKlass java/lang/classfile/instruction/ArrayStoreInstruction
instanceKlass java/lang/classfile/instruction/StoreInstruction
instanceKlass sun/security/rsa/SunRsaSignEntries
instanceKlass java/lang/classfile/instruction/ArrayLoadInstruction
instanceKlass java/lang/classfile/instruction/LoadInstruction
instanceKlass java/lang/classfile/instruction/ConstantInstruction$IntrinsicConstantInstruction
instanceKlass java/lang/classfile/instruction/ConstantInstruction
instanceKlass java/lang/classfile/instruction/NopInstruction
instanceKlass jdk/internal/classfile/impl/CodeImpl$3
instanceKlass java/lang/classfile/Instruction
instanceKlass java/lang/classfile/attribute/CodeAttribute
instanceKlass java/lang/classfile/CodeModel
instanceKlass org/apache/tomcat/util/http/ConcurrentDateFormat
instanceKlass org/apache/tomcat/util/http/FastHttpDateFormat
instanceKlass  @bci org/springframework/core/type/classreading/ClassFileMethodMetadata of (Ljava/lang/classfile/MethodModel;Ljava/lang/ClassLoader;)Lorg/springframework/core/type/classreading/ClassFileMethodMetadata; 25 <appendix> argL0 ; # org/springframework/core/type/classreading/ClassFileMethodMetadata$$Lambda+0x000000003d23cd08
instanceKlass org/springframework/core/type/classreading/ClassFileMethodMetadata
instanceKlass org/springframework/core/type/MethodMetadata
instanceKlass  @bci org/springframework/core/type/classreading/ClassFileAnnotationMetadata lambda$of$0 (Lorg/springframework/core/type/classreading/ClassFileAnnotationMetadata$Builder;Ljava/lang/classfile/ClassModel;Ljava/lang/String;Ljava/lang/ClassLoader;Ljava/lang/classfile/ClassElement;)V 16 <appendix> member <vmtarget> ; # org/springframework/core/type/classreading/ClassFileAnnotationMetadata$$TypeSwitch+0x000000003d23dd60
instanceKlass java/lang/classfile/instruction/SwitchCase
instanceKlass  @bci java/lang/runtime/SwitchBootstraps generateTypeSwitchSkeleton (Ljava/lang/Class;[Ljava/lang/Object;Ljava/util/List;Ljava/util/List;)Ljava/util/function/Consumer; 45 <appendix> member <vmtarget> ; # java/lang/runtime/SwitchBootstraps$$Lambda+0x800000019
instanceKlass  @bci java/lang/runtime/SwitchBootstraps generateTypeSwitch (Ljava/lang/invoke/MethodHandles$Lookup;Ljava/lang/Class;[Ljava/lang/Object;)Ljava/lang/invoke/MethodHandle; 70 <appendix> member <vmtarget> ; # java/lang/runtime/SwitchBootstraps$$Lambda+0x800000018
instanceKlass jdk/internal/misc/PreviewFeatures
instanceKlass java/lang/classfile/attribute/InnerClassesAttribute
instanceKlass java/lang/classfile/attribute/NestHostAttribute
instanceKlass java/lang/runtime/SwitchBootstraps
instanceKlass  @bci org/springframework/core/type/classreading/ClassFileAnnotationMetadata of (Ljava/lang/classfile/ClassModel;Ljava/lang/ClassLoader;)Lorg/springframework/core/type/classreading/ClassFileAnnotationMetadata; 46 <appendix> member <vmtarget> ; # org/springframework/core/type/classreading/ClassFileAnnotationMetadata$$Lambda+0x000000003d23db20
instanceKlass org/apache/catalina/SessionIdGenerator
instanceKlass jdk/internal/classfile/impl/ClassImpl$1
instanceKlass jakarta/security/auth/message/MessageInfo
instanceKlass java/lang/classfile/ClassFileVersion
instanceKlass org/apache/catalina/Container
instanceKlass java/lang/classfile/AccessFlags
instanceKlass java/lang/classfile/CompoundElement$1
instanceKlass jakarta/servlet/http/HttpServletRequest
instanceKlass org/springframework/core/annotation/MergedAnnotationsCollection
instanceKlass org/springframework/core/type/classreading/ClassFileAnnotationMetadata$Builder
instanceKlass jakarta/servlet/http/HttpServletResponse
instanceKlass org/springframework/core/type/classreading/ClassFileAnnotationMetadata
instanceKlass org/apache/catalina/util/LifecycleBase
instanceKlass org/apache/catalina/Lifecycle
instanceKlass java/lang/classfile/MethodModel
instanceKlass java/lang/classfile/FieldModel
instanceKlass  @bci jdk/internal/classfile/impl/ClassFileImpl attributeMapper ()Ljava/util/function/Function; 7 <appendix> argL0 ; # jdk/internal/classfile/impl/ClassFileImpl$$Lambda+0x80000004b
instanceKlass java/lang/classfile/ClassModel
instanceKlass java/lang/classfile/AttributedElement
instanceKlass java/lang/classfile/CompoundElement
instanceKlass org/apache/catalina/JmxEnabled
instanceKlass javax/management/MBeanRegistration
instanceKlass org/springframework/core/type/classreading/ClassFileMetadataReader
instanceKlass org/apache/catalina/Valve
instanceKlass org/apache/catalina/Contained
instanceKlass jakarta/security/auth/message/config/RegistrationListener
instanceKlass org/apache/catalina/Authenticator
instanceKlass  @bci java/util/regex/Pattern ALL ()Ljava/util/regex/Pattern$CharPredicate; 0 <appendix> argL0 ; # java/util/regex/Pattern$$Lambda+0x000000003d0f0e48
instanceKlass org/springframework/util/AntPathMatcher$AntPathStringMatcher
instanceKlass java/util/StringTokenizer
instanceKlass sun/nio/fs/BasicFileAttributesHolder
instanceKlass  @bci org/springframework/core/io/support/PathMatchingResourcePatternResolver doFindPathMatchingFileResources (Lorg/springframework/core/io/Resource;Ljava/lang/String;)Ljava/util/Set; 465 <appendix> member <vmtarget> ; # org/springframework/core/io/support/PathMatchingResourcePatternResolver$$Lambda+0x000000003d2399c0
instanceKlass  @bci org/springframework/core/io/support/PathMatchingResourcePatternResolver doFindPathMatchingFileResources (Lorg/springframework/core/io/Resource;Ljava/lang/String;)Ljava/util/Set; 449 <appendix> argL0 ; # org/springframework/core/io/support/PathMatchingResourcePatternResolver$$Lambda+0x000000003d239778
instanceKlass  @bci java/nio/file/Files walk (Ljava/nio/file/Path;I[Ljava/nio/file/FileVisitOption;)Ljava/util/stream/Stream; 43 <appendix> argL0 ; # java/nio/file/Files$$Lambda+0x000000003d0ef6b0
instanceKlass  @bci java/nio/file/Files walk (Ljava/nio/file/Path;I[Ljava/nio/file/FileVisitOption;)Ljava/util/stream/Stream; 30 <appendix> member <vmtarget> ; # java/nio/file/Files$$Lambda+0x000000003d0ef218
instanceKlass  @cpi javax/crypto/spec/SecretKeySpec 169 form vmentry <vmtarget> ; # java/lang/invoke/LambdaForm$DMH+0x000000003d23c400
instanceKlass java/nio/file/FileTreeWalker$Event
instanceKlass sun/nio/fs/WindowsDirectoryStream$WindowsDirectoryIterator
instanceKlass java/nio/file/FileTreeWalker$DirectoryNode
instanceKlass sun/nio/fs/WindowsDirectoryStream
instanceKlass java/nio/file/DirectoryStream
instanceKlass java/nio/file/Files$AcceptAllFilter
instanceKlass java/nio/file/DirectoryStream$Filter
instanceKlass java/nio/file/FileTreeWalker$1
instanceKlass java/util/ResourceBundle$CacheKeyReference
instanceKlass java/nio/file/FileTreeWalker
instanceKlass java/util/ResourceBundle$CacheKey
instanceKlass java/nio/file/FileTreeIterator
instanceKlass  @bci org/springframework/core/io/support/PathMatchingResourcePatternResolver doFindPathMatchingFileResources (Lorg/springframework/core/io/Resource;Ljava/lang/String;)Ljava/util/Set; 368 <appendix> member <vmtarget> ; # org/springframework/core/io/support/PathMatchingResourcePatternResolver$$Lambda+0x000000003d239518
instanceKlass  @bci java/util/ResourceBundle$ResourceBundleControlProviderHolder <clinit> ()V 11 <appendix> argL0 ; # java/util/ResourceBundle$ResourceBundleControlProviderHolder$$Lambda+0x000000003d0ec720
instanceKlass  @cpi org/springframework/core/io/support/PathMatchingResourcePatternResolver 1119 form vmentry <vmtarget> ; # java/lang/invoke/LambdaForm$DMH+0x000000003d23c000
instanceKlass java/util/ServiceLoader$ProviderSpliterator
instanceKlass java/util/spi/ResourceBundleControlProvider
instanceKlass java/util/ResourceBundle$ResourceBundleControlProviderHolder
instanceKlass org/apache/tomcat/util/res/StringManager
instanceKlass sun/nio/fs/WindowsUriSupport
instanceKlass org/apache/juli/logging/DirectJDKLog
instanceKlass org/apache/juli/logging/Log
instanceKlass  @bci org/springframework/core/io/support/PathMatchingResourcePatternResolver findAllModulePathResources (Ljava/lang/String;)Ljava/util/Set; 52 <appendix> member <vmtarget> ; # org/springframework/core/io/support/PathMatchingResourcePatternResolver$$Lambda+0x000000003d238268
instanceKlass  @bci org/springframework/core/io/support/PathMatchingResourcePatternResolver findAllModulePathResources (Ljava/lang/String;)Ljava/util/Set; 85 <appendix> member <vmtarget> ; # org/springframework/core/io/support/PathMatchingResourcePatternResolver$$Lambda+0x000000003d231c88
instanceKlass org/apache/juli/logging/LogFactory
instanceKlass  @bci org/springframework/core/io/support/PathMatchingResourcePatternResolver findAllModulePathResources (Ljava/lang/String;)Ljava/util/Set; 38 <appendix> member <vmtarget> ; # org/springframework/core/io/support/PathMatchingResourcePatternResolver$$Lambda+0x000000003d231800
instanceKlass  @bci io/netty/channel/AbstractChannel$AbstractUnsafe register0 (Lio/netty/channel/ChannelPromise;)V 35 <adapter> ; # java/lang/invoke/LambdaForm$MH+0x000000003d231400
instanceKlass org/springframework/context/annotation/ParserStrategyUtils
instanceKlass  @bci io/netty/channel/AbstractChannel$AbstractUnsafe register0 (Lio/netty/channel/ChannelPromise;)V 35 <appendix> form vmentry <vmtarget> ; # java/lang/invoke/LambdaForm$DMH+0x000000003d231000
instanceKlass org/springframework/context/annotation/TypeFilterUtils$1
instanceKlass  @bci sun/util/cldr/CLDRTimeZoneNameProviderImpl deriveFallbackName ([Ljava/lang/String;ILjava/util/Locale;Z)V 176 <appendix> member <vmtarget> ; # sun/util/cldr/CLDRTimeZoneNameProviderImpl$$Lambda+0x000000003d0eb9c0
instanceKlass org/springframework/context/annotation/TypeFilterUtils
instanceKlass  @bci org/springframework/context/annotation/ConfigurationClassParser doProcessConfigurationClass (Lorg/springframework/context/annotation/ConfigurationClass;Lorg/springframework/context/annotation/ConfigurationClassParser$SourceClass;Ljava/util/function/Predicate;)Lorg/springframework/context/annotation/ConfigurationClassParser$SourceClass; 153 <appendix> argL0 ; # org/springframework/context/annotation/ConfigurationClassParser$$Lambda+0x000000003d233418
instanceKlass sun/util/cldr/CLDRBaseLocaleDataMetaInfo$CLDRMapHolder
instanceKlass  @bci org/springframework/context/annotation/ConfigurationClassParser doProcessConfigurationClass (Lorg/springframework/context/annotation/ConfigurationClass;Lorg/springframework/context/annotation/ConfigurationClassParser$SourceClass;Ljava/util/function/Predicate;)Lorg/springframework/context/annotation/ConfigurationClassParser$SourceClass; 123 <appendix> argL0 ; # org/springframework/context/annotation/ConfigurationClassParser$$Lambda+0x000000003d2331c0
instanceKlass  @bci java/util/stream/SortedOps$RefSortingSink end ()V 48 <appendix> member <vmtarget> ; # java/util/stream/SortedOps$RefSortingSink$$Lambda+0x000000003d0eb570
instanceKlass  @bci org/springframework/core/type/AnnotatedTypeMetadata getMergedRepeatableAnnotationAttributes (Ljava/lang/Class;Ljava/lang/Class;Ljava/util/function/Predicate;ZZ)Ljava/util/Set; 89 <appendix> argL0 ; # org/springframework/core/type/AnnotatedTypeMetadata$$Lambda+0x000000003d232f98
instanceKlass  @bci org/springframework/core/type/AnnotatedTypeMetadata getMergedRepeatableAnnotationAttributes (Ljava/lang/Class;Ljava/lang/Class;Ljava/util/function/Predicate;ZZ)Ljava/util/Set; 79 <appendix> member <vmtarget> ; # org/springframework/core/type/AnnotatedTypeMetadata$$Lambda+0x000000003d232d48
instanceKlass  @bci org/springframework/core/type/AnnotatedTypeMetadata getMergedRepeatableAnnotationAttributes (Ljava/lang/Class;Ljava/lang/Class;Ljava/util/function/Predicate;ZZ)Ljava/util/Set; 68 <appendix> member <vmtarget> ; # org/springframework/core/type/AnnotatedTypeMetadata$$Lambda+0x000000003d232af8
instanceKlass java/util/Collections$ReverseComparator2
instanceKlass java/util/Collections$ReverseComparator
instanceKlass  @bci java/util/Comparator comparingInt (Ljava/util/function/ToIntFunction;)Ljava/util/Comparator; 6 <appendix> member <vmtarget> ; # java/util/Comparator$$Lambda+0x000000003d0ea690
instanceKlass  @bci org/springframework/core/type/AnnotatedTypeMetadata reversedMetaDistance ()Ljava/util/Comparator; 0 <appendix> argL0 ; # org/springframework/core/type/AnnotatedTypeMetadata$$Lambda+0x000000003d2328d0
instanceKlass  @bci org/springframework/core/annotation/MergedAnnotationPredicates typeIn ([Ljava/lang/Class;)Ljava/util/function/Predicate; 1 <appendix> member <vmtarget> ; # org/springframework/core/annotation/MergedAnnotationPredicates$$Lambda+0x000000003d232670
instanceKlass org/springframework/core/annotation/MergedAnnotationPredicates
instanceKlass  @bci org/springframework/core/type/AnnotatedTypeMetadata getMergedRepeatableAnnotationAttributes (Ljava/lang/Class;Ljava/lang/Class;ZZ)Ljava/util/Set; 3 <appendix> argL0 ; # org/springframework/core/type/AnnotatedTypeMetadata$$Lambda+0x000000003d232208
instanceKlass org/springframework/context/annotation/PropertySources
instanceKlass org/springframework/context/annotation/PropertySource
instanceKlass sun/util/resources/provider/NonBaseLocaleDataMetaInfo
instanceKlass sun/util/locale/provider/BaseLocaleDataMetaInfo
instanceKlass org/springframework/context/annotation/ConfigurationClass
instanceKlass org/springframework/context/annotation/ComponentScanAnnotationParser
instanceKlass org/springframework/core/io/support/DefaultPropertySourceFactory
instanceKlass sun/util/locale/provider/TimeZoneNameUtility$TimeZoneNameGetter
instanceKlass org/springframework/core/io/support/PropertySourceFactory
instanceKlass sun/util/locale/provider/TimeZoneNameUtility
instanceKlass org/springframework/core/io/support/PropertySourceProcessor
instanceKlass java/text/DontCareFieldPosition$1
instanceKlass java/text/Format$FieldDelegate
instanceKlass java/text/StringBufFactory$StringBuilderImpl
instanceKlass java/text/Format$StringBuf
instanceKlass java/text/StringBufFactory
instanceKlass org/springframework/context/annotation/PropertySourceRegistry
instanceKlass  @bci org/apache/tomcat/util/http/CookieProcessorBase <clinit> ()V 0 <appendix> argL0 ; # org/apache/tomcat/util/http/CookieProcessorBase$$Lambda+0x000000003d2357a0
instanceKlass org/springframework/context/annotation/ConfigurationClassParser$SourceClass
instanceKlass org/apache/tomcat/util/http/CookieProcessorBase
instanceKlass org/apache/tomcat/util/http/CookieProcessor
instanceKlass org/springframework/context/annotation/ConfigurationClassParser$DeferredImportSelectorHandler
instanceKlass  @bci org/springframework/context/annotation/ConfigurationClassParser <clinit> ()V 16 <appendix> argL0 ; # org/springframework/context/annotation/ConfigurationClassParser$$Lambda+0x000000003d234218
instanceKlass tools/jackson/databind/deser/DeserializerCache
instanceKlass org/springframework/context/annotation/ConfigurationClassParser$DeferredImportSelectorHolder
instanceKlass  @bci org/springframework/context/annotation/ConfigurationClassParser <clinit> ()V 8 <appendix> argL0 ; # org/springframework/context/annotation/ConfigurationClassParser$$Lambda+0x000000003d22fb40
instanceKlass  @bci org/springframework/context/annotation/ConfigurationClassParser <clinit> ()V 0 <appendix> argL0 ; # org/springframework/context/annotation/ConfigurationClassParser$$Lambda+0x000000003d22f8e8
instanceKlass tools/jackson/databind/ser/SerializerCache
instanceKlass org/springframework/beans/factory/parsing/Problem
instanceKlass org/springframework/context/annotation/ImportRegistry
instanceKlass org/springframework/context/annotation/ConfigurationClassParser
instanceKlass tools/jackson/databind/cfg/ContextAttributes
instanceKlass  @bci org/springframework/context/annotation/ConfigurationClassPostProcessor processConfigBeanDefinitions (Lorg/springframework/beans/factory/support/BeanDefinitionRegistry;)V 144 <appendix> argL0 ; # org/springframework/context/annotation/ConfigurationClassPostProcessor$$Lambda+0x000000003d22d128
instanceKlass tools/jackson/databind/cfg/ConfigOverride
instanceKlass org/springframework/aop/framework/AopInfrastructureBean
instanceKlass  @bci org/springframework/context/support/PostProcessorRegistrationDelegate invokeBeanDefinitionRegistryPostProcessors (Ljava/util/Collection;Lorg/springframework/beans/factory/support/BeanDefinitionRegistry;Lorg/springframework/core/metrics/ApplicationStartup;)V 44 <appendix> member <vmtarget> ; # org/springframework/context/support/PostProcessorRegistrationDelegate$$Lambda+0x000000003d22ca90
instanceKlass tools/jackson/databind/util/RootNameLookup
# instanceKlass java/lang/invoke/LambdaForm$MH+0x000000003d230800
instanceKlass tools/jackson/databind/introspect/MixInHandler
# instanceKlass java/lang/invoke/LambdaForm$MH+0x000000003d230400
instanceKlass tools/jackson/databind/introspect/AnnotatedMethodMap
instanceKlass tools/jackson/databind/introspect/AnnotationCollector$NoAnnotations
# instanceKlass java/lang/invoke/LambdaForm$MH+0x000000003d230000
instanceKlass tools/jackson/databind/util/Annotations
instanceKlass tools/jackson/databind/introspect/AnnotationCollector
instanceKlass org/springframework/beans/AbstractNestablePropertyAccessor$PropertyTokenHolder
instanceKlass tools/jackson/databind/introspect/AnnotatedClass$Creators
instanceKlass org/springframework/beans/factory/config/TypedStringValue
instanceKlass tools/jackson/databind/BeanDescription
instanceKlass  @bci java/util/stream/Collectors joining (Ljava/lang/CharSequence;Ljava/lang/CharSequence;Ljava/lang/CharSequence;)Ljava/util/stream/Collector; 22 <appendix> argL0 ; # java/util/stream/Collectors$$Lambda+0x800000043
instanceKlass  @bci java/util/stream/Collectors joining (Ljava/lang/CharSequence;Ljava/lang/CharSequence;Ljava/lang/CharSequence;)Ljava/util/stream/Collector; 17 <appendix> argL0 ; # java/util/stream/Collectors$$Lambda+0x800000041
instanceKlass  @bci java/util/stream/Collectors joining (Ljava/lang/CharSequence;Ljava/lang/CharSequence;Ljava/lang/CharSequence;)Ljava/util/stream/Collector; 12 <appendix> argL0 ; # java/util/stream/Collectors$$Lambda+0x80000003e
instanceKlass  @bci java/util/stream/Collectors joining (Ljava/lang/CharSequence;Ljava/lang/CharSequence;Ljava/lang/CharSequence;)Ljava/util/stream/Collector; 7 <appendix> member <vmtarget> ; # java/util/stream/Collectors$$Lambda+0x800000046
instanceKlass  @bci java/lang/Class methodToString (Ljava/lang/String;[Ljava/lang/Class;)Ljava/lang/String; 42 <appendix> argL0 ; # java/lang/Class$$Lambda+0x000000003d0e8c48
instanceKlass  @bci org/springframework/core/convert/TypeDescriptor <init> (Lorg/springframework/core/convert/Property;)V 38 <appendix> member <vmtarget> ; # org/springframework/core/convert/TypeDescriptor$$Lambda+0x000000003d22a298
instanceKlass org/springframework/core/convert/Property
instanceKlass tools/jackson/databind/type/TypeFactory
instanceKlass com/sun/beans/WildcardTypeImpl
instanceKlass  @bci tools/jackson/databind/ObjectMapper <init> (Ltools/jackson/databind/cfg/MapperBuilder;)V 81 <appendix> member <vmtarget> ; # tools/jackson/databind/ObjectMapper$$Lambda+0x000000003d229220
instanceKlass com/sun/beans/WeakCache
instanceKlass com/sun/beans/TypeResolver
instanceKlass  @bci tools/jackson/databind/ObjectMapper <init> (Ltools/jackson/databind/cfg/MapperBuilder;)V 46 <appendix> member <vmtarget> ; # tools/jackson/databind/ObjectMapper$$Lambda+0x000000003d228fe0
instanceKlass tools/jackson/databind/deser/ValueInstantiators$Base
instanceKlass java/beans/SimpleBeanInfo
instanceKlass java/util/TreeMap$PrivateEntryIterator
instanceKlass tools/jackson/databind/module/SimpleKeyDeserializers
instanceKlass tools/jackson/databind/ser/ValueSerializerModifier
instanceKlass java/beans/MethodRef
instanceKlass tools/jackson/databind/cfg/SerializerFactoryConfig
instanceKlass org/springframework/beans/factory/aot/BeanRegistrationAotContribution
instanceKlass org/springframework/beans/factory/support/RegisteredBean
instanceKlass org/springframework/beans/factory/aot/BeanFactoryInitializationAotContribution
instanceKlass org/springframework/beans/PropertyDescriptorUtils
instanceKlass java/beans/BeanInfo
instanceKlass org/springframework/beans/SimpleBeanInfoFactory
instanceKlass org/springframework/beans/BeanInfoFactory
instanceKlass org/springframework/beans/CachedIntrospectionResults
instanceKlass org/springframework/beans/PropertyAccessorUtils
instanceKlass  @bci org/springframework/beans/factory/support/DefaultSingletonBeanRegistry registerDependentBean (Ljava/lang/String;Ljava/lang/String;)V 76 <appendix> argL0 ; # org/springframework/beans/factory/support/DefaultSingletonBeanRegistry$$Lambda+0x000000003d223288
instanceKlass  @bci org/springframework/beans/factory/support/DefaultSingletonBeanRegistry registerDependentBean (Ljava/lang/String;Ljava/lang/String;)V 19 <appendix> argL0 ; # org/springframework/beans/factory/support/DefaultSingletonBeanRegistry$$Lambda+0x000000003d223040
instanceKlass org/springframework/beans/factory/SmartFactoryBean
instanceKlass  @bci org/springframework/beans/factory/support/DefaultSingletonBeanRegistry getSingleton (Ljava/lang/String;Lorg/springframework/beans/factory/ObjectFactory;)Ljava/lang/Object; 1155 <appendix> member <vmtarget> ; # org/springframework/beans/factory/support/DefaultSingletonBeanRegistry$$Lambda+0x000000003d2227e8
instanceKlass org/reactivestreams/Publisher
instanceKlass org/springframework/beans/factory/support/DisposableBeanAdapter
instanceKlass org/springframework/beans/factory/InitializingBean
instanceKlass org/springframework/beans/factory/support/InstanceSupplier
instanceKlass org/springframework/util/function/ThrowingSupplier
instanceKlass  @bci org/springframework/context/expression/StandardBeanExpressionResolver lambda$evaluate$1 (Lorg/springframework/beans/factory/config/BeanExpressionContext;)Lorg/springframework/expression/spel/support/StandardEvaluationContext; 93 <appendix> member <vmtarget> ; # org/springframework/context/expression/StandardBeanExpressionResolver$$Lambda+0x000000003d21fbf0
instanceKlass org/springframework/expression/spel/support/StandardTypeConverter
instanceKlass org/springframework/expression/spel/support/StandardTypeLocator
instanceKlass org/springframework/context/expression/BeanFactoryResolver
instanceKlass org/springframework/context/expression/EnvironmentAccessor
instanceKlass org/springframework/expression/spel/support/MapAccessor
instanceKlass org/springframework/expression/spel/CompilablePropertyAccessor
instanceKlass org/springframework/asm/Opcodes
instanceKlass org/springframework/context/expression/BeanFactoryAccessor
instanceKlass org/springframework/expression/spel/support/ReflectivePropertyAccessor
instanceKlass org/springframework/context/expression/BeanExpressionContextAccessor
instanceKlass org/springframework/expression/TypedValue
instanceKlass org/springframework/expression/spel/support/StandardOperatorOverloader
instanceKlass org/springframework/expression/spel/support/StandardTypeComparator
instanceKlass org/springframework/expression/OperatorOverloader
instanceKlass org/springframework/expression/TypeComparator
instanceKlass  @bci org/springframework/context/expression/StandardBeanExpressionResolver evaluate (Ljava/lang/String;Lorg/springframework/beans/factory/config/BeanExpressionContext;)Ljava/lang/Object; 35 <appendix> member <vmtarget> ; # org/springframework/context/expression/StandardBeanExpressionResolver$$Lambda+0x000000003d219ca8
instanceKlass org/springframework/expression/spel/support/StandardEvaluationContext
instanceKlass org/springframework/expression/EvaluationContext
instanceKlass org/springframework/expression/common/LiteralExpression
instanceKlass  @bci org/springframework/context/expression/StandardBeanExpressionResolver evaluate (Ljava/lang/String;Lorg/springframework/beans/factory/config/BeanExpressionContext;)Ljava/lang/Object; 15 <appendix> member <vmtarget> ; # org/springframework/context/expression/StandardBeanExpressionResolver$$Lambda+0x000000003d2187a8
instanceKlass org/springframework/beans/factory/config/AutowiredPropertyMarker
instanceKlass org/springframework/beans/factory/support/BeanDefinitionValueResolver
instanceKlass org/springframework/beans/factory/support/AbstractBeanFactory$BeanFactoryDefaultEditorRegistrar
instanceKlass  @bci tools/jackson/databind/ext/javatime/ser/ZonedDateTimeSerializer <init> (Ljava/time/format/DateTimeFormatter;)V 13 <appendix> argL0 ; # tools/jackson/databind/ext/javatime/ser/ZonedDateTimeSerializer$$Lambda+0x000000003d217770
instanceKlass  @bci tools/jackson/databind/ext/javatime/ser/ZonedDateTimeSerializer <init> (Ljava/time/format/DateTimeFormatter;)V 8 <appendix> argL0 ; # tools/jackson/databind/ext/javatime/ser/ZonedDateTimeSerializer$$Lambda+0x000000003d2172d0
instanceKlass org/springframework/beans/AbstractNestablePropertyAccessor$PropertyHandler
instanceKlass  @cpi com/fasterxml/jackson/datatype/jsr310/ser/ZonedDateTimeSerializer 132 form vmentry <vmtarget> ; # java/lang/invoke/LambdaForm$DMH+0x000000003d214c00
instanceKlass  @bci tools/jackson/databind/ext/javatime/ser/ZonedDateTimeSerializer <init> (Ljava/time/format/DateTimeFormatter;)V 3 <appendix> argL0 ; # tools/jackson/databind/ext/javatime/ser/ZonedDateTimeSerializer$$Lambda+0x000000003d216e30
instanceKlass  @bci tools/jackson/databind/ext/javatime/ser/OffsetDateTimeSerializer <init> ()V 13 <appendix> argL0 ; # tools/jackson/databind/ext/javatime/ser/OffsetDateTimeSerializer$$Lambda+0x000000003d216968
instanceKlass  @bci tools/jackson/databind/ext/javatime/ser/OffsetDateTimeSerializer <init> ()V 8 <appendix> argL0 ; # tools/jackson/databind/ext/javatime/ser/OffsetDateTimeSerializer$$Lambda+0x000000003d2164b0
instanceKlass  @bci tools/jackson/databind/ext/javatime/ser/OffsetDateTimeSerializer <init> ()V 3 <appendix> argL0 ; # tools/jackson/databind/ext/javatime/ser/OffsetDateTimeSerializer$$Lambda+0x000000003d216288
instanceKlass  @cpi com/fasterxml/jackson/datatype/jsr310/ser/ZonedDateTimeSerializer 129 form vmentry <vmtarget> ; # java/lang/invoke/LambdaForm$DMH+0x000000003d214800
# instanceKlass java/lang/invoke/LambdaForm$DMH+0x000000003d214400
instanceKlass  @bci tools/jackson/databind/ext/javatime/ser/InstantSerializer <init> ()V 13 <appendix> argL0 ; # tools/jackson/databind/ext/javatime/ser/InstantSerializer$$Lambda+0x000000003d2126e8
instanceKlass org/springframework/beans/factory/parsing/PassThroughSourceExtractor
instanceKlass java/util/function/ToIntFunction
instanceKlass  @bci tools/jackson/databind/ext/javatime/ser/InstantSerializer <init> ()V 8 <appendix> argL0 ; # tools/jackson/databind/ext/javatime/ser/InstantSerializer$$Lambda+0x000000003d212290
instanceKlass  @bci tools/jackson/databind/ext/javatime/ser/InstantSerializer <init> ()V 3 <appendix> argL0 ; # tools/jackson/databind/ext/javatime/ser/InstantSerializer$$Lambda+0x000000003d212068
instanceKlass  @cpi org/springframework/boot/web/server/servlet/ServletContextInitializers$SessionConfiguringInitializer 246 form vmentry <vmtarget> ; # java/lang/invoke/LambdaForm$DMH+0x000000003d214000
instanceKlass java/util/function/ToLongFunction
instanceKlass org/springframework/beans/BeanUtils
instanceKlass tools/jackson/databind/ser/Serializers$Base
instanceKlass org/springframework/beans/factory/aot/BeanRegistrationCodeFragments
instanceKlass tools/jackson/databind/util/ClassUtil$Ctor
instanceKlass tools/jackson/databind/util/ClassUtil
instanceKlass  @bci org/springframework/beans/factory/support/AbstractBeanFactory doGetBean (Ljava/lang/String;Ljava/lang/Class;[Ljava/lang/Object;Z)Ljava/lang/Object; 472 <appendix> member <vmtarget> ; # org/springframework/beans/factory/support/AbstractBeanFactory$$Lambda+0x000000003d210450
instanceKlass  @bci org/springframework/beans/factory/support/AbstractBeanFactory doGetBean (Ljava/lang/String;Ljava/lang/Class;[Ljava/lang/Object;Z)Ljava/lang/Object; 255 <appendix> member <vmtarget> ; # org/springframework/beans/factory/support/AbstractBeanFactory$$Lambda+0x000000003d20fc90
instanceKlass tools/jackson/databind/util/ArrayBuilders
instanceKlass org/springframework/beans/factory/support/NullBean
instanceKlass  @bci org/springframework/beans/factory/BeanFactoryUtils transformedBeanName (Ljava/lang/String;)Ljava/lang/String; 29 <appendix> argL0 ; # org/springframework/beans/factory/BeanFactoryUtils$$Lambda+0x000000003d20f3c8
instanceKlass org/springframework/beans/factory/support/AbstractBeanFactory$BeanPostProcessorCache
instanceKlass tools/jackson/databind/deser/jdk/NullKeySkippable
instanceKlass tools/jackson/databind/deser/jdk/JDKKeyDeserializers
instanceKlass tools/jackson/databind/deser/ValueDeserializerModifier
instanceKlass tools/jackson/databind/cfg/DeserializerFactoryConfig
instanceKlass  @bci org/springframework/core/annotation/TypeMappedAnnotation getValueExtractor (Ljava/lang/Object;)Lorg/springframework/core/annotation/ValueExtractor; 7 <appendix> argL0 ; # org/springframework/core/annotation/TypeMappedAnnotation$$Lambda+0x000000003d20d528
instanceKlass com/fasterxml/jackson/annotation/ObjectIdGenerator
instanceKlass org/springframework/beans/factory/config/RuntimeBeanReference
instanceKlass org/springframework/beans/factory/config/BeanReference
instanceKlass org/springframework/beans/MutablePropertyValues
instanceKlass org/springframework/beans/factory/support/BeanDefinitionBuilder
instanceKlass  @bci org/springframework/boot/autoconfigure/SharedMetadataReaderFactoryContextInitializer$CachingMetadataReaderFactoryPostProcessor register (Lorg/springframework/beans/factory/support/BeanDefinitionRegistry;)V 13 <appendix> argL0 ; # org/springframework/boot/autoconfigure/SharedMetadataReaderFactoryContextInitializer$CachingMetadataReaderFactoryPostProcessor$$Lambda+0x000000003d209650
instanceKlass org/springframework/boot/autoconfigure/SharedMetadataReaderFactoryContextInitializer$SharedMetadataReaderFactoryBean
instanceKlass org/springframework/beans/factory/FactoryBean
instanceKlass org/springframework/context/support/PostProcessorRegistrationDelegate
instanceKlass  @bci org/springframework/boot/web/server/servlet/context/ServletWebServerApplicationContext$ExistingWebApplicationScopes restore ()V 5 <appendix> member <vmtarget> ; # org/springframework/boot/web/server/servlet/context/ServletWebServerApplicationContext$ExistingWebApplicationScopes$$Lambda+0x000000003d208440
instanceKlass org/springframework/web/context/support/WebApplicationContextUtils$WebRequestObjectFactory
instanceKlass org/springframework/web/context/request/WebRequest
instanceKlass org/springframework/web/context/request/RequestAttributes
instanceKlass org/springframework/web/context/support/WebApplicationContextUtils$SessionObjectFactory
instanceKlass jakarta/servlet/http/HttpSession
instanceKlass org/springframework/web/context/support/WebApplicationContextUtils$ResponseObjectFactory
instanceKlass jakarta/servlet/ServletResponse
instanceKlass org/springframework/web/context/support/WebApplicationContextUtils$RequestObjectFactory
instanceKlass jakarta/servlet/ServletRequest
instanceKlass org/springframework/web/context/request/AbstractRequestAttributesScope
instanceKlass org/springframework/boot/web/server/servlet/context/ServletWebServerApplicationContext$ExistingWebApplicationScopes
instanceKlass org/springframework/web/context/ServletContextAware
instanceKlass org/springframework/web/context/support/ServletContextAwareProcessor
instanceKlass org/springframework/context/support/ApplicationListenerDetector
instanceKlass org/springframework/context/MessageSourceAware
instanceKlass org/springframework/context/ApplicationEventPublisherAware
instanceKlass org/springframework/beans/factory/config/BeanExpressionContext
instanceKlass org/springframework/beans/factory/config/EmbeddedValueResolver
instanceKlass org/springframework/util/StringValueResolver
instanceKlass org/springframework/context/support/ApplicationContextAwareProcessor
instanceKlass org/springframework/beans/support/ResourceEditorRegistrar
instanceKlass org/springframework/expression/Expression
instanceKlass org/springframework/expression/common/TemplateAwareExpressionParser
instanceKlass org/springframework/expression/spel/SpelParserConfiguration
instanceKlass org/springframework/context/expression/StandardBeanExpressionResolver$1
instanceKlass org/springframework/expression/TypeConverter
instanceKlass org/springframework/expression/TypeLocator
instanceKlass org/springframework/expression/BeanResolver
instanceKlass org/springframework/expression/PropertyAccessor
instanceKlass org/springframework/expression/TargetedAccessor
instanceKlass org/springframework/expression/ExpressionParser
instanceKlass org/springframework/expression/ParserContext
instanceKlass org/springframework/context/expression/StandardBeanExpressionResolver
instanceKlass org/springframework/web/context/request/RequestContextHolder
instanceKlass org/springframework/web/context/support/WebApplicationContextUtils
instanceKlass  @bci java/util/function/Function andThen (Ljava/util/function/Function;)Ljava/util/function/Function; 7 <appendix> member <vmtarget> ; # java/util/function/Function$$Lambda+0x000000003d0e64b0
instanceKlass  @bci org/springframework/boot/devtools/logger/DevToolsLogFactory$Listener onApplicationEvent (Lorg/springframework/boot/context/event/ApplicationPreparedEvent;)V 9 <appendix> argL0 ; # org/springframework/boot/devtools/logger/DevToolsLogFactory$Listener$$Lambda+0x000000003d1f82b8
instanceKlass org/springframework/boot/context/logging/LoggingApplicationListener$Lifecycle
instanceKlass org/springframework/context/SmartLifecycle
instanceKlass org/springframework/context/Phased
instanceKlass  @bci java/util/stream/Collectors toUnmodifiableMap (Ljava/util/function/Function;Ljava/util/function/Function;)Ljava/util/stream/Collector; 21 <appendix> argL0 ; # java/util/stream/Collectors$$Lambda+0x000000003d0e6268
instanceKlass  @bci java/util/stream/Collectors uniqKeysMapMerger ()Ljava/util/function/BinaryOperator; 0 <appendix> argL0 ; # java/util/stream/Collectors$$Lambda+0x000000003d0e6018
instanceKlass  @bci java/util/stream/Collectors uniqKeysMapAccumulator (Ljava/util/function/Function;Ljava/util/function/Function;)Ljava/util/function/BiConsumer; 2 <appendix> member <vmtarget> ; # java/util/stream/Collectors$$Lambda+0x000000003d0e5dd8
instanceKlass  @bci java/util/stream/Collectors toMap (Ljava/util/function/Function;Ljava/util/function/Function;)Ljava/util/stream/Collector; 4 <appendix> argL0 ; # java/util/stream/Collectors$$Lambda+0x000000003d0e5bb0
instanceKlass  @bci java/util/function/Function identity ()Ljava/util/function/Function; 0 <appendix> argL0 ; # java/util/function/Function$$Lambda+0x000000003d0e5968
instanceKlass org/springframework/beans/factory/BeanFactoryUtils
instanceKlass  @bci tools/jackson/databind/ext/javatime/deser/MonthDeserializer <init> (Ljava/time/format/DateTimeFormatter;)V 14 <appendix> argL0 ; # tools/jackson/databind/ext/javatime/deser/MonthDeserializer$$Lambda+0x000000003d1f7750
instanceKlass tools/jackson/databind/type/ClassKey
instanceKlass  @bci tools/jackson/databind/ext/javatime/deser/InstantDeserializer <clinit> ()V 131 <appendix> argL0 ; # tools/jackson/databind/ext/javatime/deser/InstantDeserializer$$Lambda+0x000000003d1f72e8
instanceKlass  @bci tools/jackson/databind/ext/javatime/deser/InstantDeserializer <clinit> ()V 126 <appendix> argL0 ; # tools/jackson/databind/ext/javatime/deser/InstantDeserializer$$Lambda+0x000000003d1f70a0
instanceKlass  @bci tools/jackson/databind/ext/javatime/deser/InstantDeserializer <clinit> ()V 121 <appendix> argL0 ; # tools/jackson/databind/ext/javatime/deser/InstantDeserializer$$Lambda+0x000000003d1f6e58
instanceKlass  @bci tools/jackson/databind/ext/javatime/deser/InstantDeserializer <clinit> ()V 116 <appendix> argL0 ; # tools/jackson/databind/ext/javatime/deser/InstantDeserializer$$Lambda+0x000000003d1f6c10
instanceKlass  @bci tools/jackson/databind/ext/javatime/deser/InstantDeserializer <clinit> ()V 89 <appendix> argL0 ; # tools/jackson/databind/ext/javatime/deser/InstantDeserializer$$Lambda+0x000000003d1f69d8
instanceKlass  @bci tools/jackson/databind/ext/javatime/deser/InstantDeserializer <clinit> ()V 84 <appendix> argL0 ; # tools/jackson/databind/ext/javatime/deser/InstantDeserializer$$Lambda+0x000000003d1f6790
instanceKlass  @bci tools/jackson/databind/ext/javatime/deser/InstantDeserializer <clinit> ()V 79 <appendix> argL0 ; # tools/jackson/databind/ext/javatime/deser/InstantDeserializer$$Lambda+0x000000003d1f6548
instanceKlass  @bci tools/jackson/databind/ext/javatime/deser/InstantDeserializer <clinit> ()V 74 <appendix> argL0 ; # tools/jackson/databind/ext/javatime/deser/InstantDeserializer$$Lambda+0x000000003d1f6300
instanceKlass  @bci tools/jackson/databind/ext/javatime/deser/InstantDeserializer <init> (Ljava/lang/Class;Ljava/time/format/DateTimeFormatter;Ljava/util/function/Function;Ljava/util/function/Function;Ljava/util/function/Function;Ljava/util/function/BiFunction;ZZZ)V 29 <appendix> argL0 ; # tools/jackson/databind/ext/javatime/deser/InstantDeserializer$$Lambda+0x000000003d1f60c8
instanceKlass  @bci tools/jackson/databind/ext/javatime/deser/InstantDeserializer <clinit> ()V 46 <appendix> argL0 ; # tools/jackson/databind/ext/javatime/deser/InstantDeserializer$$Lambda+0x000000003d1f5e80
instanceKlass tools/jackson/databind/ext/javatime/deser/InstantDeserializer$FromDecimalArguments
instanceKlass  @bci tools/jackson/databind/ext/javatime/deser/InstantDeserializer <clinit> ()V 41 <appendix> argL0 ; # tools/jackson/databind/ext/javatime/deser/InstantDeserializer$$Lambda+0x000000003d1f5a20
instanceKlass tools/jackson/databind/ext/javatime/deser/InstantDeserializer$FromIntegerArguments
instanceKlass  @bci tools/jackson/databind/ext/javatime/deser/InstantDeserializer <clinit> ()V 36 <appendix> argL0 ; # tools/jackson/databind/ext/javatime/deser/InstantDeserializer$$Lambda+0x000000003d1f55c0
instanceKlass org/springframework/core/style/DefaultValueStyler
instanceKlass tools/jackson/databind/deser/Deserializers$Base
instanceKlass org/springframework/core/style/ValueStyler
instanceKlass tools/jackson/databind/deser/ValueInstantiators
instanceKlass org/springframework/core/style/StylerUtils
instanceKlass tools/jackson/databind/deser/KeyDeserializers
instanceKlass org/springframework/core/style/DefaultToStringStyler
instanceKlass org/springframework/core/style/ToStringStyler
instanceKlass org/springframework/core/style/ToStringCreator
instanceKlass tools/jackson/databind/KeyDeserializer
instanceKlass sun/util/resources/LocaleData$LocaleDataResourceBundleProvider
instanceKlass java/util/spi/ResourceBundleProvider
instanceKlass tools/jackson/databind/ser/Serializers
instanceKlass  @bci org/springframework/boot/context/config/ConfigDataEnvironmentContributors getImportedMessage (Ljava/util/Set;)Ljava/lang/CharSequence; 60 <appendix> argL0 ; # org/springframework/boot/context/config/ConfigDataEnvironmentContributors$$Lambda+0x000000003d1edad8
instanceKlass  @bci org/springframework/boot/context/config/ConfigDataEnvironmentContributors getImportedMessage (Ljava/util/Set;)Ljava/lang/CharSequence; 44 <appendix> form vmentry <vmtarget> ; # java/lang/invoke/LambdaForm$MH+0x000000003d1ecc00
instanceKlass  @bci org/springframework/boot/devtools/restart/ClassLoaderFilesResourcePatternResolver$WebResourcePatternResolverFactory getServletContextResourcePatternResolver (Lorg/springframework/context/support/AbstractApplicationContext;Lorg/springframework/core/io/ResourceLoader;)Lorg/springframework/core/io/support/ResourcePatternResolver; 18 <appendix> member <vmtarget> ; # org/springframework/boot/devtools/restart/ClassLoaderFilesResourcePatternResolver$WebResourcePatternResolverFactory$$Lambda+0x000000003d1eec70
# instanceKlass java/lang/invoke/LambdaForm$MH+0x000000003d1ec400
# instanceKlass java/lang/invoke/LambdaForm$MH+0x000000003d1ec000
instanceKlass jakarta/servlet/ServletContext
instanceKlass org/springframework/boot/web/server/WebServer
instanceKlass org/springframework/boot/devtools/restart/ClassLoaderFilesResourcePatternResolver$ResourcePatternResolverFactory
instanceKlass org/springframework/boot/devtools/restart/ClassLoaderFilesResourcePatternResolver
instanceKlass tools/jackson/databind/ValueSerializer
instanceKlass tools/jackson/databind/jsonFormatVisitors/JsonFormatVisitable
instanceKlass tools/jackson/databind/deser/Deserializers
instanceKlass  @bci org/springframework/boot/SpringApplicationRunListeners contextLoaded (Lorg/springframework/context/ConfigurableApplicationContext;)V 4 <appendix> member <vmtarget> ; # org/springframework/boot/SpringApplicationRunListeners$$Lambda+0x000000003d1e8cf8
instanceKlass org/springframework/beans/factory/support/BeanDefinitionReaderUtils
instanceKlass org/springframework/context/annotation/Proxyable
instanceKlass org/springframework/context/annotation/Description
instanceKlass org/springframework/context/annotation/Role
instanceKlass org/springframework/context/annotation/DependsOn
instanceKlass org/springframework/context/annotation/Fallback
instanceKlass org/springframework/context/annotation/Primary
instanceKlass org/springframework/context/annotation/Lazy
instanceKlass  @bci org/springframework/context/annotation/AnnotationBeanNameGenerator getMetaAnnotationTypes (Lorg/springframework/core/annotation/MergedAnnotation;)Ljava/util/Set; 24 <appendix> argL0 ; # org/springframework/context/annotation/AnnotationBeanNameGenerator$$Lambda+0x000000003d1e5328
instanceKlass  @bci org/springframework/context/annotation/AnnotationBeanNameGenerator getMetaAnnotationTypes (Lorg/springframework/core/annotation/MergedAnnotation;)Ljava/util/Set; 14 <appendix> argL0 ; # org/springframework/context/annotation/AnnotationBeanNameGenerator$$Lambda+0x000000003d1e50e0
instanceKlass  @bci org/springframework/context/annotation/AnnotationBeanNameGenerator determineBeanNameFromAnnotation (Lorg/springframework/beans/factory/annotation/AnnotatedBeanDefinition;)Ljava/lang/String; 132 <appendix> member <vmtarget> ; # org/springframework/context/annotation/AnnotationBeanNameGenerator$$Lambda+0x000000003d1e2a30
instanceKlass tools/jackson/databind/deser/ValueInstantiator$Gettable
instanceKlass  @bci org/springframework/core/annotation/AbstractMergedAnnotation asAnnotationAttributes ([Lorg/springframework/core/annotation/MergedAnnotation$Adapt;)Lorg/springframework/core/annotation/AnnotationAttributes; 1 <appendix> argL0 ; # org/springframework/core/annotation/AbstractMergedAnnotation$$Lambda+0x000000003d1e25e0
instanceKlass  @bci org/springframework/context/annotation/AnnotationBeanNameGenerator determineBeanNameFromAnnotation (Lorg/springframework/beans/factory/annotation/AnnotatedBeanDefinition;)Ljava/lang/String; 30 <appendix> argL0 ; # org/springframework/context/annotation/AnnotationBeanNameGenerator$$Lambda+0x000000003d1e2388
instanceKlass  @bci org/springframework/core/annotation/TypeMappedAnnotation <init> (Lorg/springframework/core/annotation/AnnotationTypeMapping;Ljava/lang/ClassLoader;Ljava/lang/Object;Ljava/lang/Object;Lorg/springframework/core/annotation/ValueExtractor;I[I)V 100 <appendix> member <vmtarget> ; # org/springframework/core/annotation/TypeMappedAnnotation$$Lambda+0x000000003d1e2158
instanceKlass  @bci org/springframework/context/annotation/AnnotationBeanNameGenerator getExplicitBeanName (Lorg/springframework/core/type/AnnotationMetadata;)Ljava/lang/String; 33 <appendix> argL0 ; # org/springframework/context/annotation/AnnotationBeanNameGenerator$$Lambda+0x000000003d1e1f10
instanceKlass  @bci org/springframework/context/annotation/AnnotationBeanNameGenerator getExplicitBeanName (Lorg/springframework/core/type/AnnotationMetadata;)Ljava/lang/String; 23 <appendix> argL0 ; # org/springframework/context/annotation/AnnotationBeanNameGenerator$$Lambda+0x000000003d1e1cb8
instanceKlass  @bci org/springframework/context/annotation/AnnotationBeanNameGenerator getExplicitBeanName (Lorg/springframework/core/type/AnnotationMetadata;)Ljava/lang/String; 13 <appendix> argL0 ; # org/springframework/context/annotation/AnnotationBeanNameGenerator$$Lambda+0x000000003d1e1a70
instanceKlass org/springframework/core/annotation/TypeMappedAnnotations$Aggregate
instanceKlass org/springframework/core/annotation/TypeMappedAnnotations$AggregatesCollector
instanceKlass org/springframework/core/annotation/TypeMappedAnnotations$AggregatesSpliterator
instanceKlass tools/jackson/databind/ValueDeserializer
instanceKlass tools/jackson/databind/deser/NullValueProvider
instanceKlass tools/jackson/databind/ext/javatime/JavaTimeInitializer
instanceKlass tools/jackson/databind/cfg/ModuleContextBase
instanceKlass  @bci org/springframework/core/annotation/AnnotationTypeMappings forAnnotationType (Ljava/lang/Class;Lorg/springframework/core/annotation/RepeatableContainers;Lorg/springframework/core/annotation/AnnotationFilter;Ljava/util/Set;)Lorg/springframework/core/annotation/AnnotationTypeMappings; 43 <appendix> member <vmtarget> ; # org/springframework/core/annotation/AnnotationTypeMappings$$Lambda+0x000000003d1dfc40
instanceKlass org/springframework/context/annotation/ScopeMetadata
instanceKlass org/springframework/beans/BeanMetadataAttribute
instanceKlass org/springframework/context/annotation/ImportResource
instanceKlass org/springframework/core/Conventions
instanceKlass tools/jackson/databind/cfg/DatatypeFeatures$DefaultHolder
instanceKlass tools/jackson/databind/cfg/DatatypeFeatures
instanceKlass org/springframework/context/annotation/ConfigurationClassUtils
instanceKlass org/springframework/boot/autoconfigure/AutoConfigurationPackages$Registrar
instanceKlass org/springframework/boot/context/annotation/DeterminableImports
instanceKlass org/springframework/context/annotation/ImportBeanDefinitionRegistrar
instanceKlass tools/jackson/databind/cfg/CoercionConfig
instanceKlass org/springframework/context/annotation/ComponentScans
instanceKlass tools/jackson/databind/cfg/CoercionConfigs
instanceKlass com/fasterxml/jackson/annotation/JsonFormat$Features
instanceKlass org/springframework/boot/autoconfigure/AutoConfigurationImportSelector
instanceKlass org/springframework/context/annotation/DeferredImportSelector
instanceKlass org/springframework/context/annotation/ImportSelector
instanceKlass com/fasterxml/jackson/annotation/JsonFormat$Value
instanceKlass com/fasterxml/jackson/annotation/JsonSetter$Value
instanceKlass tools/jackson/databind/introspect/VisibilityChecker
instanceKlass com/fasterxml/jackson/annotation/JsonInclude$Value
instanceKlass com/fasterxml/jackson/annotation/JacksonAnnotationValue
instanceKlass tools/jackson/databind/cfg/ConfigOverrides
instanceKlass tools/jackson/core/sym/CharsToNameCanonicalizer$Bucket
instanceKlass tools/jackson/core/sym/CharsToNameCanonicalizer$TableInfo
instanceKlass tools/jackson/core/sym/CharsToNameCanonicalizer
instanceKlass java/lang/Deprecated
instanceKlass tools/jackson/core/sym/ByteQuadsCanonicalizer$TableInfo
instanceKlass tools/jackson/core/sym/ByteQuadsCanonicalizer
instanceKlass tools/jackson/core/util/RecyclerPool$WithPool
instanceKlass tools/jackson/core/util/RecyclerPool$StatefulImplBase
instanceKlass  @bci org/springframework/core/annotation/AnnotationTypeMapping processAliases (ILjava/util/List;)V 118 <appendix> argL0 ; # org/springframework/core/annotation/AnnotationTypeMapping$$Lambda+0x000000003d1d7178
instanceKlass tools/jackson/core/util/RecyclerPool
instanceKlass tools/jackson/core/util/JsonRecyclerPools
instanceKlass tools/jackson/core/ErrorReportConfiguration
instanceKlass tools/jackson/core/StreamWriteConstraints
instanceKlass org/springframework/boot/autoconfigure/AutoConfigurationExcludeFilter
instanceKlass tools/jackson/core/StreamReadConstraints
instanceKlass org/springframework/boot/context/TypeExcludeFilter
instanceKlass tools/jackson/core/ObjectWriteContext$Base
instanceKlass java/lang/annotation/Repeatable
instanceKlass  @bci sun/reflect/annotation/AnnotationParser parseAnnotationArray (ILjava/lang/Class;Ljava/nio/ByteBuffer;Ljdk/internal/reflect/ConstantPool;Ljava/lang/Class;)Ljava/lang/Object; 15 <appendix> member <vmtarget> ; # sun/reflect/annotation/AnnotationParser$$Lambda+0x000000003d0e45d8
instanceKlass tools/jackson/core/async/ByteArrayFeeder
instanceKlass org/springframework/context/annotation/Import
instanceKlass org/springframework/boot/autoconfigure/AutoConfigurationPackage
instanceKlass tools/jackson/core/async/ByteBufferFeeder
instanceKlass tools/jackson/core/async/NonBlockingInputFeeder
instanceKlass org/springframework/context/annotation/Configuration
instanceKlass org/springframework/context/annotation/ComponentScan$Filter
instanceKlass  @bci org/springframework/core/annotation/AnnotationTypeMapping resolveAliasedForTargets ()Ljava/util/Map; 58 <appendix> argL0 ; # org/springframework/core/annotation/AnnotationTypeMapping$$Lambda+0x000000003d1ce7a8
instanceKlass org/springframework/core/annotation/TypeMappedAnnotations$IsPresent
instanceKlass org/springframework/context/annotation/Conditional
instanceKlass org/springframework/context/annotation/ComponentScan
instanceKlass org/springframework/boot/autoconfigure/EnableAutoConfiguration
instanceKlass org/springframework/boot/SpringBootConfiguration
instanceKlass tools/jackson/core/TSFBuilder
instanceKlass  @bci sun/reflect/annotation/AnnotationParser parseClassArray (ILjava/nio/ByteBuffer;Ljdk/internal/reflect/ConstantPool;Ljava/lang/Class;)Ljava/lang/Object; 10 <appendix> member <vmtarget> ; # sun/reflect/annotation/AnnotationParser$$Lambda+0x000000003d0e3bc0
instanceKlass org/springframework/boot/autoconfigure/SpringBootApplication
instanceKlass tools/jackson/core/sym/PropertyNameMatcher
instanceKlass org/springframework/core/type/StandardClassMetadata
instanceKlass tools/jackson/databind/AbstractTypeResolver
instanceKlass org/springframework/core/type/AnnotationMetadata
instanceKlass org/springframework/core/type/ClassMetadata
instanceKlass  @bci org/springframework/beans/factory/xml/XmlBeanDefinitionReader <init> (Lorg/springframework/beans/factory/support/BeanDefinitionRegistry;)V 94 <appendix> argL0 ; # org/springframework/beans/factory/xml/XmlBeanDefinitionReader$$Lambda+0x000000003d1c53c8
instanceKlass org/springframework/util/xml/XmlValidationModeDetector
instanceKlass org/springframework/util/xml/SimpleSaxErrorHandler
instanceKlass org/springframework/beans/factory/xml/DefaultDocumentLoader
instanceKlass org/springframework/beans/factory/parsing/NullSourceExtractor
instanceKlass org/springframework/beans/factory/parsing/EmptyReaderEventListener
instanceKlass tools/jackson/databind/jsontype/TypeIdResolver
instanceKlass tools/jackson/databind/jsontype/impl/StdTypeResolverBuilder
instanceKlass org/springframework/beans/factory/parsing/FailFastProblemReporter
instanceKlass org/springframework/beans/factory/xml/DefaultBeanDefinitionDocumentReader
instanceKlass org/springframework/beans/factory/xml/BeanDefinitionDocumentReader
instanceKlass tools/jackson/databind/jsontype/TypeDeserializer
instanceKlass tools/jackson/databind/jsontype/TypeSerializer
instanceKlass org/springframework/beans/factory/support/DefaultBeanNameGenerator
instanceKlass org/springframework/beans/factory/xml/NamespaceHandlerResolver
instanceKlass tools/jackson/databind/cfg/MapperConfig
instanceKlass org/xml/sax/EntityResolver
instanceKlass tools/jackson/databind/introspect/MixInResolver
instanceKlass tools/jackson/databind/jsontype/TypeResolverProvider
instanceKlass org/xml/sax/ErrorHandler
instanceKlass org/springframework/beans/factory/xml/DocumentLoader
instanceKlass org/springframework/beans/factory/parsing/SourceExtractor
instanceKlass org/springframework/beans/factory/parsing/ReaderEventListener
instanceKlass org/springframework/beans/factory/parsing/ProblemReporter
instanceKlass org/springframework/beans/factory/support/AbstractBeanDefinitionReader
instanceKlass org/springframework/beans/factory/support/BeanDefinitionReader
instanceKlass org/springframework/boot/BeanDefinitionLoader
instanceKlass org/springframework/boot/SpringApplication$PropertySourceOrderingBeanFactoryPostProcessor
instanceKlass  @bci org/springframework/boot/SpringApplication quoteProfiles ([Ljava/lang/String;)Ljava/util/List; 4 <appendix> argL0 ; # org/springframework/boot/SpringApplication$$Lambda+0x000000003d1b9788
instanceKlass  @bci org/springframework/boot/StartupInfoLogger appendVersion (Ljava/lang/StringBuilder;Ljava/lang/Class;)V 5 <appendix> member <vmtarget> ; # org/springframework/boot/StartupInfoLogger$$Lambda+0x000000003d1b9558
instanceKlass  @bci org/springframework/boot/StartupInfoLogger logStarting (Lorg/apache/commons/logging/Log;)V 23 <appendix> member <vmtarget> ; # org/springframework/boot/StartupInfoLogger$$Lambda+0x000000003d1b9328
instanceKlass ch/qos/logback/core/pattern/SpacePadder
instanceKlass java/time/LocalTime$1
instanceKlass java/time/format/DateTimeFormatterBuilder$2
instanceKlass java/time/LocalDate$1
instanceKlass java/time/ZonedDateTime$1
instanceKlass java/time/temporal/TemporalQueries$7
instanceKlass java/time/temporal/TemporalQueries$6
instanceKlass java/time/temporal/TemporalQueries$5
instanceKlass java/time/temporal/TemporalQueries$4
instanceKlass java/time/temporal/TemporalQueries$3
instanceKlass java/time/temporal/TemporalQueries$2
instanceKlass java/time/temporal/TemporalQueries$1
instanceKlass java/time/temporal/TemporalQueries
instanceKlass java/time/format/DateTimePrintContext
instanceKlass ch/qos/logback/core/util/StringUtil
instanceKlass tools/jackson/databind/node/JsonNodeFactory
instanceKlass org/slf4j/helpers/FormattingTuple
instanceKlass tools/jackson/databind/node/JsonNodeCreator
instanceKlass org/slf4j/helpers/NormalizedParameters
instanceKlass org/slf4j/helpers/MessageFormatter
instanceKlass tools/jackson/databind/cfg/DefaultCacheProvider
instanceKlass tools/jackson/databind/cfg/CacheProvider
instanceKlass ch/qos/logback/classic/spi/EventArgUtil
instanceKlass ch/qos/logback/classic/spi/IThrowableProxy
instanceKlass ch/qos/logback/classic/spi/LoggingEvent
instanceKlass tools/jackson/core/Base64Variant
instanceKlass  @bci org/springframework/boot/StartupInfoLogger appendContext (Ljava/lang/StringBuilder;)V 55 <appendix> argL0 ; # org/springframework/boot/StartupInfoLogger$$Lambda+0x000000003d1b2000
instanceKlass tools/jackson/core/Base64Variants
instanceKlass  @bci org/springframework/boot/StartupInfoLogger appendContext (Ljava/lang/StringBuilder;)V 43 <appendix> argL0 ; # org/springframework/boot/StartupInfoLogger$$Lambda+0x000000003d1b7bb0
instanceKlass java/text/DigitList
instanceKlass java/text/FieldPosition
instanceKlass org/springframework/boot/system/ApplicationHome
instanceKlass  @bci org/springframework/boot/StartupInfoLogger appendPid (Ljava/lang/StringBuilder;)V 5 <appendix> member <vmtarget> ; # org/springframework/boot/StartupInfoLogger$$Lambda+0x000000003d1b7758
instanceKlass  @bci org/springframework/boot/StartupInfoLogger appendJavaVersion (Ljava/lang/StringBuilder;)V 4 <appendix> argL0 ; # org/springframework/boot/StartupInfoLogger$$Lambda+0x000000003d1b7530
instanceKlass  @bci org/springframework/boot/StartupInfoLogger appendApplicationVersion (Ljava/lang/StringBuilder;)V 5 <appendix> member <vmtarget> ; # org/springframework/boot/StartupInfoLogger$$Lambda+0x000000003d1b7300
instanceKlass  @bci org/springframework/boot/StartupInfoLogger appendApplicationName (Ljava/lang/StringBuilder;)V 5 <appendix> member <vmtarget> ; # org/springframework/boot/StartupInfoLogger$$Lambda+0x000000003d1b70d0
instanceKlass  @bci org/springframework/boot/StartupInfoLogger appendAotMode (Ljava/lang/StringBuilder;)V 4 <appendix> argL0 ; # org/springframework/boot/StartupInfoLogger$$Lambda+0x000000003d1b6ea8
instanceKlass  @bci org/springframework/boot/StartupInfoLogger logStarting (Lorg/apache/commons/logging/Log;)V 8 <appendix> member <vmtarget> ; # org/springframework/boot/StartupInfoLogger$$Lambda+0x000000003d1b6c78
instanceKlass org/springframework/boot/StartupInfoLogger
instanceKlass  @bci org/springframework/boot/SpringApplicationRunListeners contextPrepared (Lorg/springframework/context/ConfigurableApplicationContext;)V 4 <appendix> member <vmtarget> ; # org/springframework/boot/SpringApplicationRunListeners$$Lambda+0x000000003d1b6810
instanceKlass org/springframework/boot/autoconfigure/logging/ConditionEvaluationReportLogger
instanceKlass java/text/DecimalFormatSymbols
instanceKlass  @bci org/springframework/boot/autoconfigure/logging/ConditionEvaluationReportLoggingListener$ConditionEvaluationReportListener <init> (Lorg/springframework/boot/autoconfigure/logging/ConditionEvaluationReportLoggingListener;Lorg/springframework/context/ConfigurableApplicationContext;)V 29 <appendix> member <vmtarget> ; # org/springframework/boot/autoconfigure/logging/ConditionEvaluationReportLoggingListener$ConditionEvaluationReportListener$$Lambda+0x000000003d1b6188
instanceKlass java/text/DateFormatSymbols
instanceKlass sun/util/calendar/CalendarUtils
instanceKlass sun/util/calendar/CalendarDate
instanceKlass sun/util/resources/Bundles$CacheKeyReference
instanceKlass java/util/ResourceBundle$ResourceBundleProviderHelper
instanceKlass  @bci sun/util/cldr/CLDRLocaleProviderAdapter applyAliases (Ljava/util/Locale;)Ljava/util/Locale; 4 <appendix> argL0 ; # sun/util/cldr/CLDRLocaleProviderAdapter$$Lambda+0x80000005a
instanceKlass sun/util/resources/Bundles$CacheKey
instanceKlass java/util/ResourceBundle$1
instanceKlass jdk/internal/access/JavaUtilResourceBundleAccess
instanceKlass sun/util/resources/Bundles
instanceKlass sun/util/resources/LocaleData$LocaleDataStrategy
instanceKlass sun/util/resources/Bundles$Strategy
instanceKlass sun/util/resources/LocaleData
instanceKlass sun/util/locale/provider/LocaleResources
instanceKlass org/springframework/boot/autoconfigure/condition/ConditionEvaluationReport$AncestorsMatchedCondition
instanceKlass org/springframework/context/annotation/Condition
instanceKlass org/springframework/boot/autoconfigure/condition/ConditionEvaluationReport
instanceKlass org/springframework/boot/autoconfigure/logging/ConditionEvaluationReportLoggingListener$ConditionEvaluationReportListener
instanceKlass  @bci org/springframework/boot/io/ProtocolResolverApplicationContextInitializer initialize (Lorg/springframework/context/ConfigurableApplicationContext;)V 24 <appendix> member <vmtarget> ; # org/springframework/boot/io/ProtocolResolverApplicationContextInitializer$$Lambda+0x000000003d1b5638
instanceKlass org/springframework/boot/io/Base64ProtocolResolver
instanceKlass org/springframework/core/io/ProtocolResolver
instanceKlass org/springframework/boot/context/ConfigurationWarningsApplicationContextInitializer$ComponentScanPackageCheck
instanceKlass org/springframework/boot/context/ConfigurationWarningsApplicationContextInitializer$Check
instanceKlass org/springframework/boot/context/ConfigurationWarningsApplicationContextInitializer$ConfigurationWarningsPostProcessor
instanceKlass org/springframework/boot/devtools/restart/RestartScopeInitializer$RestartScope
instanceKlass  @bci org/springframework/beans/factory/support/DefaultListableBeanFactory registerSingleton (Ljava/lang/String;Ljava/lang/Object;)V 15 <appendix> member <vmtarget> ; # org/springframework/beans/factory/support/DefaultListableBeanFactory$$Lambda+0x000000003d1b44a0
instanceKlass  @bci org/springframework/beans/factory/support/DefaultListableBeanFactory registerSingleton (Ljava/lang/String;Ljava/lang/Object;)V 8 <appendix> member <vmtarget> ; # org/springframework/beans/factory/support/DefaultListableBeanFactory$$Lambda+0x000000003d1b4260
instanceKlass  @bci org/springframework/beans/factory/support/DefaultListableBeanFactory addSingleton (Ljava/lang/String;Ljava/lang/Object;)V 7 <appendix> member <vmtarget> ; # org/springframework/beans/factory/support/DefaultListableBeanFactory$$Lambda+0x000000003d1b4000
instanceKlass org/springframework/boot/context/ContextIdApplicationContextInitializer$ContextId
instanceKlass org/springframework/boot/autoconfigure/SharedMetadataReaderFactoryContextInitializer$CachingMetadataReaderFactoryPostProcessor
instanceKlass  @bci org/springframework/boot/SpringApplication applyInitializers (Lorg/springframework/context/ConfigurableApplicationContext;)V 53 <appendix> member <vmtarget> ; # org/springframework/boot/SpringApplication$$Lambda+0x000000003d1af888
instanceKlass  @bci org/springframework/context/index/CandidateComponentsIndexLoader loadIndex (Ljava/lang/ClassLoader;)Lorg/springframework/context/index/CandidateComponentsIndex; 16 <appendix> argL0 ; # org/springframework/context/index/CandidateComponentsIndexLoader$$Lambda+0x000000003d1af640
instanceKlass org/springframework/context/index/CandidateComponentsIndex
instanceKlass org/springframework/context/index/CandidateComponentsIndexLoader
instanceKlass  @bci org/springframework/core/io/DefaultResourceLoader getResourceCache (Ljava/lang/Class;)Ljava/util/Map; 5 <appendix> argL0 ; # org/springframework/core/io/DefaultResourceLoader$$Lambda+0x000000003d1aefa0
instanceKlass org/springframework/core/type/classreading/MetadataReader
instanceKlass org/springframework/core/type/classreading/MetadataReaderFactoryDelegate
instanceKlass org/springframework/core/type/classreading/AbstractMetadataReaderFactory
instanceKlass org/springframework/core/io/support/ResourcePatternUtils
instanceKlass org/springframework/stereotype/Indexed
instanceKlass org/springframework/stereotype/Component
instanceKlass org/springframework/core/type/filter/AbstractTypeHierarchyTraversingFilter
instanceKlass org/springframework/core/type/filter/TypeFilter
instanceKlass  @bci sun/util/locale/provider/LocaleProviderAdapter toLocaleArray (Ljava/util/Set;)[Ljava/util/Locale; 21 <appendix> argL0 ; # sun/util/locale/provider/LocaleProviderAdapter$$Lambda+0x80000005d
instanceKlass  @bci sun/util/locale/provider/LocaleProviderAdapter toLocaleArray (Ljava/util/Set;)[Ljava/util/Locale; 6 <appendix> argL0 ; # sun/util/locale/provider/LocaleProviderAdapter$$Lambda+0x80000005b
instanceKlass  @bci java/util/ResourceBundle$Control getCandidateLocales (Ljava/lang/String;Ljava/util/Locale;)Ljava/util/List; 23 <appendix> argL0 ; # java/util/ResourceBundle$Control$$Lambda+0x80000001d
instanceKlass org/springframework/beans/factory/support/BeanDefinitionDefaults
instanceKlass  @bci java/util/ResourceBundle$Control <clinit> ()V 39 <appendix> argL0 ; # java/util/ResourceBundle$Control$$Lambda+0x80000001e
instanceKlass java/util/ResourceBundle
instanceKlass java/util/ResourceBundle$Control
instanceKlass sun/util/locale/provider/CalendarDataUtility$CalendarWeekParameterGetter
instanceKlass sun/util/locale/provider/LocaleServiceProviderPool$LocalizedObjectGetter
instanceKlass sun/util/locale/provider/LocaleServiceProviderPool
instanceKlass java/util/Locale$Builder
instanceKlass sun/util/locale/provider/CalendarDataUtility
instanceKlass sun/util/calendar/CalendarSystem$GregorianHolder
instanceKlass sun/util/calendar/CalendarSystem
instanceKlass java/util/Calendar$Builder
instanceKlass org/springframework/core/type/classreading/MetadataReaderFactory
instanceKlass sun/util/locale/provider/AvailableLanguageTags
instanceKlass org/springframework/context/annotation/ClassPathScanningCandidateComponentProvider
instanceKlass sun/util/resources/cldr/provider/CLDRLocaleDataMetaInfo
instanceKlass org/springframework/context/event/DefaultEventListenerFactory
instanceKlass org/springframework/context/event/EventListenerFactory
instanceKlass sun/util/locale/InternalLocaleBuilder$CaseInsensitiveChar
instanceKlass sun/util/locale/InternalLocaleBuilder
instanceKlass sun/util/locale/StringTokenIterator
instanceKlass org/springframework/context/event/EventListenerMethodProcessor
instanceKlass java/text/ParsePosition
instanceKlass org/springframework/beans/factory/SmartInitializingSingleton
instanceKlass sun/util/cldr/CLDRBaseLocaleDataMetaInfo
instanceKlass sun/util/locale/provider/LocaleDataMetaInfo
instanceKlass sun/util/locale/provider/ResourceBundleBasedAdapter
instanceKlass sun/util/locale/provider/LocaleProviderAdapter
instanceKlass java/util/spi/LocaleServiceProvider
instanceKlass java/text/AttributedCharacterIterator$Attribute
instanceKlass org/springframework/beans/factory/annotation/InitDestroyAnnotationBeanPostProcessor
instanceKlass org/springframework/beans/factory/config/DestructionAwareBeanPostProcessor
instanceKlass tools/jackson/databind/cfg/BaseSettings
instanceKlass tools/jackson/databind/introspect/DefaultAccessorNamingStrategy$FirstCharBasedValidator
instanceKlass tools/jackson/databind/introspect/DefaultAccessorNamingStrategy$BaseNameValidator
instanceKlass org/springframework/beans/factory/annotation/AutowiredAnnotationBeanPostProcessor
instanceKlass org/springframework/beans/factory/support/MergedBeanDefinitionPostProcessor
instanceKlass org/springframework/beans/factory/config/SmartInstantiationAwareBeanPostProcessor
instanceKlass org/springframework/beans/factory/config/InstantiationAwareBeanPostProcessor
instanceKlass tools/jackson/databind/introspect/AccessorNamingStrategy
instanceKlass java/util/concurrent/atomic/AtomicLongArray
instanceKlass org/springframework/beans/factory/config/BeanDefinitionHolder
instanceKlass  @bci org/springframework/beans/factory/support/DefaultListableBeanFactory removeManualSingletonName (Ljava/lang/String;)V 8 <appendix> member <vmtarget> ; # org/springframework/beans/factory/support/DefaultListableBeanFactory$$Lambda+0x000000003d1a91a8
instanceKlass  @bci org/springframework/beans/factory/support/DefaultListableBeanFactory removeManualSingletonName (Ljava/lang/String;)V 2 <appendix> member <vmtarget> ; # org/springframework/beans/factory/support/DefaultListableBeanFactory$$Lambda+0x000000003d1a8d10
instanceKlass org/springframework/beans/factory/support/MethodOverrides
instanceKlass org/springframework/context/annotation/ConfigurationClassPostProcessor
instanceKlass org/springframework/context/ApplicationStartupAware
instanceKlass org/springframework/context/ResourceLoaderAware
instanceKlass tools/jackson/databind/util/internal/Linked
instanceKlass org/springframework/beans/factory/aot/BeanRegistrationAotProcessor
instanceKlass org/springframework/beans/factory/support/BeanDefinitionRegistryPostProcessor
instanceKlass tools/jackson/databind/util/internal/PrivateMaxEntriesMap$Builder
instanceKlass tools/jackson/databind/util/SimpleLookupCache
instanceKlass java/beans/ConstructorProperties
instanceKlass java/beans/Transient
instanceKlass org/springframework/beans/factory/annotation/Qualifier
instanceKlass org/springframework/beans/factory/annotation/Value
instanceKlass org/springframework/aop/TargetSource
instanceKlass tools/jackson/databind/ext/beans/JavaBeansAnnotations
instanceKlass com/fasterxml/jackson/annotation/JsonMerge
instanceKlass com/fasterxml/jackson/annotation/JsonDeserializeAs
instanceKlass tools/jackson/databind/annotation/JsonDeserialize
instanceKlass com/fasterxml/jackson/annotation/JsonManagedReference
instanceKlass com/fasterxml/jackson/annotation/JsonBackReference
instanceKlass com/fasterxml/jackson/annotation/JsonUnwrapped
instanceKlass com/fasterxml/jackson/annotation/JsonRawValue
instanceKlass com/fasterxml/jackson/annotation/JsonTypeInfo
instanceKlass jakarta/annotation/PostConstruct
instanceKlass com/fasterxml/jackson/annotation/JsonFormat
instanceKlass com/fasterxml/jackson/annotation/JsonView
instanceKlass org/springframework/context/annotation/AnnotationConfigUtils
instanceKlass com/fasterxml/jackson/annotation/JsonSerializeAs
instanceKlass tools/jackson/databind/annotation/JsonSerialize
instanceKlass org/springframework/context/annotation/ConditionEvaluator$ConditionContextImpl
instanceKlass org/springframework/context/annotation/ConditionContext
instanceKlass org/springframework/context/annotation/ConditionEvaluator
instanceKlass tools/jackson/databind/introspect/ConcreteBeanPropertyBase
instanceKlass tools/jackson/databind/BeanProperty
instanceKlass org/springframework/context/annotation/Scope
instanceKlass org/springframework/context/annotation/AnnotationScopeMetadataResolver
instanceKlass tools/jackson/databind/introspect/BeanPropertyDefinition
instanceKlass tools/jackson/databind/util/FullyNamed
instanceKlass tools/jackson/core/util/Named
instanceKlass org/springframework/context/annotation/AnnotationBeanNameGenerator
instanceKlass org/springframework/beans/factory/annotation/AnnotatedBeanDefinition
instanceKlass org/springframework/core/type/AnnotatedTypeMetadata
instanceKlass tools/jackson/databind/introspect/TypeResolutionContext
instanceKlass org/springframework/context/annotation/ScopeMetadataResolver
instanceKlass org/springframework/beans/factory/support/BeanNameGenerator
instanceKlass tools/jackson/databind/introspect/Annotated
instanceKlass org/springframework/context/annotation/AnnotatedBeanDefinitionReader
instanceKlass tools/jackson/databind/util/LookupCache
instanceKlass org/springframework/beans/factory/support/SimpleAutowireCandidateResolver
instanceKlass org/springframework/beans/factory/support/SimpleInstantiationStrategy
instanceKlass org/springframework/beans/factory/BeanNameAware
instanceKlass  @bci reactor/netty/transport/TransportConfig connectionFactory (Lio/netty/channel/EventLoopGroup;Z)Lio/netty/channel/ChannelFactory; 3 <adapter> ; # java/lang/invoke/LambdaForm$MH+0x000000003d19c800
instanceKlass  @bci tools/jackson/core/util/Separators$Spacing apply (C)Ljava/lang/String; 9 <appendix> form vmentry <vmtarget> ; # java/lang/invoke/LambdaForm$MH+0x000000003d19c400
instanceKlass tools/jackson/core/util/DefaultPrettyPrinter$NopIndenter
instanceKlass tools/jackson/core/io/CharTypes
instanceKlass tools/jackson/core/io/JsonStringEncoder
instanceKlass org/springframework/beans/factory/ObjectProvider
instanceKlass org/springframework/beans/factory/ObjectFactory
instanceKlass tools/jackson/core/io/SerializedString
instanceKlass org/springframework/beans/factory/support/AutowireCandidateResolver
instanceKlass tools/jackson/core/util/Separators
instanceKlass org/springframework/util/ReflectionUtils$MethodCallback
instanceKlass tools/jackson/core/SerializableString
instanceKlass tools/jackson/core/util/DefaultPrettyPrinter$Indenter
instanceKlass tools/jackson/core/util/DefaultPrettyPrinter
instanceKlass tools/jackson/core/util/Instantiatable
instanceKlass tools/jackson/databind/cfg/ConfigFeature
instanceKlass org/springframework/core/AttributeAccessorSupport
instanceKlass tools/jackson/databind/cfg/MapperBuilderState
instanceKlass org/springframework/beans/PropertyValues
instanceKlass org/springframework/beans/factory/InjectionPoint
instanceKlass org/springframework/beans/BeanWrapper
instanceKlass org/springframework/beans/ConfigurablePropertyAccessor
instanceKlass org/springframework/beans/PropertyAccessor
instanceKlass tools/jackson/databind/deser/DeserializerFactory
instanceKlass org/springframework/beans/factory/support/InstantiationStrategy
instanceKlass tools/jackson/databind/cfg/SerializationContexts
instanceKlass org/springframework/beans/factory/DisposableBean
instanceKlass tools/jackson/databind/jsontype/TypeResolverBuilder
instanceKlass tools/jackson/databind/cfg/DeserializationContexts
instanceKlass tools/jackson/databind/JacksonModule$SetupContext
instanceKlass tools/jackson/databind/cfg/DatatypeFeature
instanceKlass tools/jackson/databind/ser/SerializerFactory
instanceKlass tools/jackson/databind/jsontype/SubtypeResolver
instanceKlass org/springframework/core/SimpleAliasRegistry
instanceKlass tools/jackson/databind/introspect/ClassIntrospector
instanceKlass java/text/Format
instanceKlass tools/jackson/databind/introspect/AccessorNamingStrategy$Provider
instanceKlass tools/jackson/databind/jsontype/PolymorphicTypeValidator
instanceKlass tools/jackson/databind/AnnotationIntrospector
instanceKlass tools/jackson/core/PrettyPrinter
instanceKlass tools/jackson/databind/type/TypeBindings
instanceKlass tools/jackson/core/FormatFeature
instanceKlass org/springframework/util/AntPathMatcher$PathSeparatorPatternCache
instanceKlass tools/jackson/core/util/JacksonFeature
instanceKlass org/springframework/util/AntPathMatcher
instanceKlass tools/jackson/core/util/BufferRecycler$Gettable
instanceKlass  @bci org/springframework/core/io/support/PathMatchingResourcePatternResolver <clinit> ()V 64 <appendix> argL0 ; # org/springframework/core/io/support/PathMatchingResourcePatternResolver$$Lambda+0x000000003d188248
instanceKlass  @bci org/springframework/core/io/support/PathMatchingResourcePatternResolver <clinit> ()V 40 <appendix> argL0 ; # org/springframework/core/io/support/PathMatchingResourcePatternResolver$$Lambda+0x000000003d188000
instanceKlass tools/jackson/core/tree/ArrayTreeNode
instanceKlass tools/jackson/core/tree/ObjectTreeNode
instanceKlass org/springframework/util/PathMatcher
instanceKlass org/springframework/core/io/support/PathMatchingResourcePatternResolver
instanceKlass tools/jackson/core/JsonParser
instanceKlass tools/jackson/core/ObjectWriteContext
instanceKlass tools/jackson/core/JsonGenerator
instanceKlass org/springframework/beans/factory/config/BeanDefinition
instanceKlass org/springframework/beans/BeanMetadataElement
instanceKlass org/springframework/core/AttributeAccessor
instanceKlass org/springframework/beans/factory/config/ConfigurableListableBeanFactory
instanceKlass tools/jackson/databind/DatabindContext
instanceKlass org/springframework/context/LifecycleProcessor
instanceKlass org/springframework/beans/PropertyEditorRegistrar
instanceKlass org/springframework/beans/factory/config/BeanExpressionResolver
instanceKlass org/springframework/beans/factory/config/BeanPostProcessor
instanceKlass org/springframework/beans/factory/config/AutowireCapableBeanFactory
instanceKlass tools/jackson/databind/JacksonSerializable$Base
instanceKlass tools/jackson/core/TreeNode
instanceKlass tools/jackson/core/ObjectReadContext
instanceKlass org/springframework/boot/web/server/context/ConfigurableWebServerApplicationContext
instanceKlass tools/jackson/databind/JacksonSerializable
instanceKlass org/springframework/boot/web/server/context/WebServerApplicationContext
instanceKlass org/springframework/context/annotation/AnnotationConfigRegistry
instanceKlass tools/jackson/core/type/ResolvedType
instanceKlass  @bci org/springframework/boot/DefaultApplicationContextFactory create (Lorg/springframework/boot/WebApplicationType;)Lorg/springframework/context/ConfigurableApplicationContext; 8 <appendix> member <vmtarget> ; # org/springframework/boot/DefaultApplicationContextFactory$$Lambda+0x000000003d1764f8
instanceKlass  @bci org/springframework/boot/DefaultApplicationContextFactory create (Lorg/springframework/boot/WebApplicationType;)Lorg/springframework/context/ConfigurableApplicationContext; 2 <appendix> argL0 ; # org/springframework/boot/DefaultApplicationContextFactory$$Lambda+0x000000003d1762c0
instanceKlass org/springframework/boot/SpringApplicationBannerPrinter$PrintedBanner
instanceKlass org/springframework/boot/SpringBootVersion
instanceKlass org/springframework/core/io/ContextResource
instanceKlass tools/jackson/core/TokenStreamFactory
instanceKlass org/springframework/boot/SpringBootBanner
instanceKlass tools/jackson/databind/cfg/MapperBuilder
instanceKlass org/springframework/boot/Banner
instanceKlass org/springframework/boot/SpringApplicationBannerPrinter
instanceKlass  @bci org/springframework/boot/DefaultApplicationContextFactory getEnvironmentType (Lorg/springframework/boot/WebApplicationType;)Ljava/lang/Class; 2 <appendix> argL0 ; # org/springframework/boot/DefaultApplicationContextFactory$$Lambda+0x000000003d172e90
instanceKlass tools/jackson/core/util/Snapshottable
instanceKlass org/springframework/boot/EnvironmentConverter
instanceKlass tools/jackson/databind/ObjectMapper
instanceKlass tools/jackson/core/Versioned
instanceKlass tools/jackson/core/TreeCodec
instanceKlass  @bci org/springframework/boot/context/properties/bind/JavaBeanBinder$BeanProperty getValue (Ljava/util/function/Supplier;)Ljava/util/function/Supplier; 11 <appendix> member <vmtarget> ; # org/springframework/boot/context/properties/bind/JavaBeanBinder$BeanProperty$$Lambda+0x000000003d171450
instanceKlass  @bci org/springframework/boot/context/properties/bind/JavaBeanBinder determinePropertyName (Lorg/springframework/boot/context/properties/bind/JavaBeanBinder$BeanProperty;)Ljava/lang/String; 51 <appendix> argL0 ; # org/springframework/boot/context/properties/bind/JavaBeanBinder$$Lambda+0x000000003d171208
instanceKlass  @bci org/springframework/boot/context/properties/bind/JavaBeanBinder determinePropertyName (Lorg/springframework/boot/context/properties/bind/JavaBeanBinder$BeanProperty;)Ljava/lang/String; 43 <appendix> member <vmtarget> ; # org/springframework/boot/context/properties/bind/JavaBeanBinder$$Lambda+0x000000003d170fb8
instanceKlass  @bci org/springframework/boot/context/properties/bind/JavaBeanBinder determinePropertyName (Lorg/springframework/boot/context/properties/bind/JavaBeanBinder$BeanProperty;)Ljava/lang/String; 21 <appendix> argL0 ; # org/springframework/boot/context/properties/bind/JavaBeanBinder$$Lambda+0x000000003d170d60
instanceKlass  @bci org/springframework/boot/context/properties/bind/JavaBeanBinder$Bean getSupplier (Lorg/springframework/boot/context/properties/bind/Bindable;)Lorg/springframework/boot/context/properties/bind/JavaBeanBinder$BeanSupplier; 6 <appendix> member <vmtarget> ; # org/springframework/boot/context/properties/bind/JavaBeanBinder$Bean$$Lambda+0x000000003d170b30
instanceKlass org/springframework/boot/context/properties/bind/JavaBeanBinder$BeanSupplier
instanceKlass  @bci org/springframework/boot/context/properties/bind/JavaBeanBinder$BeanProperties addProperties ([Ljava/lang/reflect/Method;[Ljava/lang/reflect/Field;)V 166 <appendix> argL0 ; # org/springframework/boot/context/properties/bind/JavaBeanBinder$BeanProperties$$Lambda+0x000000003d1706c0
instanceKlass  @bci org/springframework/boot/context/properties/bind/JavaBeanBinder$BeanProperties addProperties ([Ljava/lang/reflect/Method;[Ljava/lang/reflect/Field;)V 121 <appendix> argL0 ; # org/springframework/boot/context/properties/bind/JavaBeanBinder$BeanProperties$$Lambda+0x000000003d170488
instanceKlass  @bci org/springframework/boot/context/properties/bind/JavaBeanBinder$BeanProperties addMethodIfPossible (Ljava/lang/reflect/Method;Ljava/lang/String;ILjava/util/function/BiConsumer;)V 62 <appendix> member <vmtarget> ; # org/springframework/boot/context/properties/bind/JavaBeanBinder$BeanProperties$$Lambda+0x000000003d170238
instanceKlass java/beans/Introspector$1
instanceKlass jdk/internal/access/JavaBeansAccess
instanceKlass java/beans/FeatureDescriptor
instanceKlass java/beans/Introspector
instanceKlass  @bci org/springframework/boot/context/properties/bind/JavaBeanBinder$BeanProperties addProperties ([Ljava/lang/reflect/Method;[Ljava/lang/reflect/Field;)V 76 <appendix> argL0 ; # org/springframework/boot/context/properties/bind/JavaBeanBinder$BeanProperties$$Lambda+0x000000003d170000
instanceKlass org/springframework/boot/context/properties/bind/JavaBeanBinder$BeanProperty
instanceKlass  @bci org/springframework/boot/context/properties/bind/JavaBeanBinder$BeanProperties addProperties (Ljava/lang/Class;)V 40 <appendix> argL0 ; # org/springframework/boot/context/properties/bind/JavaBeanBinder$BeanProperties$$Lambda+0x000000003d16f988
instanceKlass  @bci org/springframework/boot/context/properties/bind/JavaBeanBinder$BeanProperties addProperties (Ljava/lang/Class;)V 35 <appendix> argL0 ; # org/springframework/boot/context/properties/bind/JavaBeanBinder$BeanProperties$$Lambda+0x000000003d16f740
instanceKlass org/springframework/core/BridgeMethodResolver
instanceKlass  @bci org/springframework/boot/context/properties/bind/JavaBeanBinder$BeanProperties addProperties (Ljava/lang/Class;)V 21 <appendix> argL0 ; # org/springframework/boot/context/properties/bind/JavaBeanBinder$BeanProperties$$Lambda+0x000000003d16f098
instanceKlass  @bci org/springframework/boot/context/properties/bind/JavaBeanBinder$BeanProperties addProperties (Ljava/lang/Class;)V 16 <appendix> member <vmtarget> ; # org/springframework/boot/context/properties/bind/JavaBeanBinder$BeanProperties$$Lambda+0x000000003d16ee48
instanceKlass  @bci org/springframework/boot/context/properties/bind/Bindable withExistingValue (Ljava/lang/Object;)Lorg/springframework/boot/context/properties/bind/Bindable; 64 <appendix> member <vmtarget> ; # org/springframework/boot/context/properties/bind/Bindable$$Lambda+0x000000003d16ea00
instanceKlass  @bci org/springframework/boot/context/properties/bind/Bindable withExistingValue (Ljava/lang/Object;)Lorg/springframework/boot/context/properties/bind/Bindable; 51 <appendix> argL0 ; # org/springframework/boot/context/properties/bind/Bindable$$Lambda+0x000000003d16e7d8
instanceKlass  @bci org/springframework/boot/context/properties/bind/Bindable withExistingValue (Ljava/lang/Object;)Lorg/springframework/boot/context/properties/bind/Bindable; 28 <appendix> member <vmtarget> ; # org/springframework/boot/context/properties/bind/Bindable$$Lambda+0x000000003d16e5a8
instanceKlass org/springframework/boot/autoconfigure/preinitialize/ConversionServiceBackgroundPreinitializer
instanceKlass org/springframework/boot/autoconfigure/preinitialize/CharsetsBackgroundPreinitializer
instanceKlass org/springframework/boot/http/converter/autoconfigure/MessageConverterBackgroundPreinitializer
instanceKlass org/springframework/boot/tomcat/autoconfigure/TomcatBackgroundPreinitializer
instanceKlass org/springframework/boot/jackson/autoconfigure/JacksonBackgroundPreinitializer
instanceKlass org/springframework/boot/autoconfigure/preinitialize/BackgroundPreinitializer
instanceKlass  @bci org/springframework/boot/logging/logback/LogbackLoggingSystem getShutdownHandler ()Ljava/lang/Runnable; 1 <appendix> member <vmtarget> ; # org/springframework/boot/logging/logback/LogbackLoggingSystem$$Lambda+0x000000003d16d260
instanceKlass  @bci org/springframework/boot/context/logging/LoggingApplicationListener setLogLevels (Lorg/springframework/boot/logging/LoggingSystem;Lorg/springframework/core/env/ConfigurableEnvironment;)V 40 <appendix> member <vmtarget> ; # org/springframework/boot/context/logging/LoggingApplicationListener$$Lambda+0x000000003d16d020
instanceKlass  @bci org/springframework/boot/context/logging/LoggingApplicationListener setLogLevels (Lorg/springframework/boot/logging/LoggingSystem;Lorg/springframework/core/env/ConfigurableEnvironment;)V 23 <appendix> argL0 ; # org/springframework/boot/context/logging/LoggingApplicationListener$$Lambda+0x000000003d16cdf8
instanceKlass  @bci org/springframework/boot/context/logging/LoggingApplicationListener getLogLevelConfigurer (Lorg/springframework/boot/logging/LoggingSystem;)Ljava/util/function/BiConsumer; 2 <appendix> member <vmtarget> ; # org/springframework/boot/context/logging/LoggingApplicationListener$$Lambda+0x000000003d16cbb8
instanceKlass  @bci org/springframework/boot/context/logging/LoggingApplicationListener bindLoggerGroups (Lorg/springframework/core/env/ConfigurableEnvironment;)V 31 <appendix> member <vmtarget> ; # org/springframework/boot/context/logging/LoggingApplicationListener$$Lambda+0x000000003d16c978
instanceKlass ch/qos/logback/classic/pattern/TargetLengthBasedClassNameAbbreviator
instanceKlass ch/qos/logback/core/pattern/ConverterUtil
instanceKlass ch/qos/logback/classic/pattern/NamedConverter$CacheMissCalculator
instanceKlass ch/qos/logback/core/pattern/FormatInfo
instanceKlass ch/qos/logback/core/pattern/util/AsIsEscapeUtil
instanceKlass ch/qos/logback/core/pattern/parser/OptionTokenizer
instanceKlass ch/qos/logback/core/pattern/util/RestrictedEscapeUtil
instanceKlass ch/qos/logback/core/pattern/parser/TokenStream
instanceKlass ch/qos/logback/core/pattern/util/RegularEscapeUtil
instanceKlass ch/qos/logback/classic/pattern/EnsureExceptionHandling
instanceKlass  @bci ch/qos/logback/classic/PatternLayout <clinit> ()V 1443 <appendix> argL0 ; # ch/qos/logback/classic/PatternLayout$$Lambda+0x000000003d16a2a0
instanceKlass  @bci ch/qos/logback/classic/PatternLayout <clinit> ()V 1408 <appendix> argL0 ; # ch/qos/logback/classic/PatternLayout$$Lambda+0x000000003d169d28
instanceKlass  @bci ch/qos/logback/classic/PatternLayout <clinit> ()V 1391 <appendix> argL0 ; # ch/qos/logback/classic/PatternLayout$$Lambda+0x000000003d169b00
instanceKlass  @bci ch/qos/logback/classic/PatternLayout <clinit> ()V 1356 <appendix> argL0 ; # ch/qos/logback/classic/PatternLayout$$Lambda+0x000000003d1695b0
instanceKlass  @bci ch/qos/logback/classic/PatternLayout <clinit> ()V 1339 <appendix> argL0 ; # ch/qos/logback/classic/PatternLayout$$Lambda+0x000000003d169058
instanceKlass  @bci ch/qos/logback/classic/PatternLayout <clinit> ()V 1322 <appendix> argL0 ; # ch/qos/logback/classic/PatternLayout$$Lambda+0x000000003d168ae0
instanceKlass  @bci ch/qos/logback/classic/PatternLayout <clinit> ()V 1305 <appendix> argL0 ; # ch/qos/logback/classic/PatternLayout$$Lambda+0x000000003d168570
instanceKlass  @bci ch/qos/logback/classic/PatternLayout <clinit> ()V 1288 <appendix> argL0 ; # ch/qos/logback/classic/PatternLayout$$Lambda+0x000000003d168000
instanceKlass  @bci ch/qos/logback/classic/PatternLayout <clinit> ()V 1271 <appendix> argL0 ; # ch/qos/logback/classic/PatternLayout$$Lambda+0x000000003d167900
instanceKlass  @bci ch/qos/logback/classic/PatternLayout <clinit> ()V 1254 <appendix> argL0 ; # ch/qos/logback/classic/PatternLayout$$Lambda+0x000000003d167390
instanceKlass  @bci ch/qos/logback/classic/PatternLayout <clinit> ()V 1237 <appendix> argL0 ; # ch/qos/logback/classic/PatternLayout$$Lambda+0x000000003d166e20
instanceKlass  @bci ch/qos/logback/classic/PatternLayout <clinit> ()V 1220 <appendix> argL0 ; # ch/qos/logback/classic/PatternLayout$$Lambda+0x000000003d1668b0
instanceKlass  @bci ch/qos/logback/classic/PatternLayout <clinit> ()V 1204 <appendix> argL0 ; # ch/qos/logback/classic/PatternLayout$$Lambda+0x000000003d166340
instanceKlass  @bci ch/qos/logback/classic/PatternLayout <clinit> ()V 1188 <appendix> argL0 ; # ch/qos/logback/classic/PatternLayout$$Lambda+0x000000003d165dd0
instanceKlass  @bci ch/qos/logback/classic/PatternLayout <clinit> ()V 1172 <appendix> argL0 ; # ch/qos/logback/classic/PatternLayout$$Lambda+0x000000003d165860
instanceKlass  @bci ch/qos/logback/classic/PatternLayout <clinit> ()V 1156 <appendix> argL0 ; # ch/qos/logback/classic/PatternLayout$$Lambda+0x000000003d1652f0
instanceKlass  @bci ch/qos/logback/classic/PatternLayout <clinit> ()V 1140 <appendix> argL0 ; # ch/qos/logback/classic/PatternLayout$$Lambda+0x000000003d164d80
instanceKlass  @bci ch/qos/logback/classic/PatternLayout <clinit> ()V 1124 <appendix> argL0 ; # ch/qos/logback/classic/PatternLayout$$Lambda+0x000000003d164810
instanceKlass  @bci ch/qos/logback/classic/PatternLayout <clinit> ()V 1108 <appendix> argL0 ; # ch/qos/logback/classic/PatternLayout$$Lambda+0x000000003d1642a0
instanceKlass  @bci ch/qos/logback/classic/PatternLayout <clinit> ()V 1092 <appendix> argL0 ; # ch/qos/logback/classic/PatternLayout$$Lambda+0x000000003d163d30
instanceKlass  @bci ch/qos/logback/classic/PatternLayout <clinit> ()V 1076 <appendix> argL0 ; # ch/qos/logback/classic/PatternLayout$$Lambda+0x000000003d1637c0
instanceKlass  @bci ch/qos/logback/classic/PatternLayout <clinit> ()V 1060 <appendix> argL0 ; # ch/qos/logback/classic/PatternLayout$$Lambda+0x000000003d162f08
instanceKlass  @bci ch/qos/logback/classic/PatternLayout <clinit> ()V 1044 <appendix> argL0 ; # ch/qos/logback/classic/PatternLayout$$Lambda+0x000000003d1629b8
instanceKlass  @bci ch/qos/logback/classic/PatternLayout <clinit> ()V 1012 <appendix> argL0 ; # ch/qos/logback/classic/PatternLayout$$Lambda+0x000000003d162468
instanceKlass  @bci ch/qos/logback/classic/PatternLayout <clinit> ()V 980 <appendix> argL0 ; # ch/qos/logback/classic/PatternLayout$$Lambda+0x000000003d161f08
instanceKlass  @bci ch/qos/logback/classic/PatternLayout <clinit> ()V 948 <appendix> argL0 ; # ch/qos/logback/classic/PatternLayout$$Lambda+0x000000003d1619b0
instanceKlass  @bci ch/qos/logback/classic/PatternLayout <clinit> ()V 916 <appendix> argL0 ; # ch/qos/logback/classic/PatternLayout$$Lambda+0x000000003d161460
instanceKlass  @bci ch/qos/logback/classic/PatternLayout <clinit> ()V 884 <appendix> argL0 ; # ch/qos/logback/classic/PatternLayout$$Lambda+0x000000003d160ef8
instanceKlass  @bci ch/qos/logback/classic/PatternLayout <clinit> ()V 868 <appendix> argL0 ; # ch/qos/logback/classic/PatternLayout$$Lambda+0x000000003d160cd0
instanceKlass  @bci ch/qos/logback/classic/PatternLayout <clinit> ()V 852 <appendix> argL0 ; # ch/qos/logback/classic/PatternLayout$$Lambda+0x000000003d160780
instanceKlass  @bci ch/qos/logback/classic/PatternLayout <clinit> ()V 836 <appendix> argL0 ; # ch/qos/logback/classic/PatternLayout$$Lambda+0x000000003d160558
instanceKlass  @bci ch/qos/logback/classic/PatternLayout <clinit> ()V 820 <appendix> argL0 ; # ch/qos/logback/classic/PatternLayout$$Lambda+0x000000003d160000
instanceKlass  @bci ch/qos/logback/classic/PatternLayout <clinit> ()V 804 <appendix> argL0 ; # ch/qos/logback/classic/PatternLayout$$Lambda+0x000000003d15fd90
instanceKlass  @bci ch/qos/logback/classic/PatternLayout <clinit> ()V 788 <appendix> argL0 ; # ch/qos/logback/classic/PatternLayout$$Lambda+0x000000003d15fb68
instanceKlass  @bci ch/qos/logback/classic/PatternLayout <clinit> ()V 772 <appendix> argL0 ; # ch/qos/logback/classic/PatternLayout$$Lambda+0x000000003d15f940
instanceKlass  @bci ch/qos/logback/classic/PatternLayout <clinit> ()V 756 <appendix> argL0 ; # ch/qos/logback/classic/PatternLayout$$Lambda+0x000000003d15f718
instanceKlass  @bci ch/qos/logback/classic/PatternLayout <clinit> ()V 740 <appendix> argL0 ; # ch/qos/logback/classic/PatternLayout$$Lambda+0x000000003d15f4f0
instanceKlass  @bci ch/qos/logback/classic/PatternLayout <clinit> ()V 724 <appendix> argL0 ; # ch/qos/logback/classic/PatternLayout$$Lambda+0x000000003d15ef68
instanceKlass  @bci ch/qos/logback/classic/PatternLayout <clinit> ()V 708 <appendix> argL0 ; # ch/qos/logback/classic/PatternLayout$$Lambda+0x000000003d15ed40
instanceKlass  @bci ch/qos/logback/classic/PatternLayout <clinit> ()V 692 <appendix> argL0 ; # ch/qos/logback/classic/PatternLayout$$Lambda+0x000000003d15eb18
instanceKlass  @bci ch/qos/logback/classic/PatternLayout <clinit> ()V 676 <appendix> argL0 ; # ch/qos/logback/classic/PatternLayout$$Lambda+0x000000003d15e8f0
instanceKlass  @bci ch/qos/logback/classic/PatternLayout <clinit> ()V 644 <appendix> argL0 ; # ch/qos/logback/classic/PatternLayout$$Lambda+0x000000003d15e390
instanceKlass  @bci ch/qos/logback/classic/PatternLayout <clinit> ()V 628 <appendix> argL0 ; # ch/qos/logback/classic/PatternLayout$$Lambda+0x000000003d15e168
instanceKlass  @bci ch/qos/logback/classic/PatternLayout <clinit> ()V 596 <appendix> argL0 ; # ch/qos/logback/classic/PatternLayout$$Lambda+0x000000003d15dc18
instanceKlass  @bci ch/qos/logback/classic/PatternLayout <clinit> ()V 580 <appendix> argL0 ; # ch/qos/logback/classic/PatternLayout$$Lambda+0x000000003d15d9f0
instanceKlass  @bci ch/qos/logback/classic/PatternLayout <clinit> ()V 548 <appendix> argL0 ; # ch/qos/logback/classic/PatternLayout$$Lambda+0x000000003d15d4a0
instanceKlass  @bci ch/qos/logback/classic/PatternLayout <clinit> ()V 532 <appendix> argL0 ; # ch/qos/logback/classic/PatternLayout$$Lambda+0x000000003d15d278
instanceKlass  @bci ch/qos/logback/classic/PatternLayout <clinit> ()V 500 <appendix> argL0 ; # ch/qos/logback/classic/PatternLayout$$Lambda+0x000000003d15cd28
instanceKlass  @bci ch/qos/logback/classic/PatternLayout <clinit> ()V 484 <appendix> argL0 ; # ch/qos/logback/classic/PatternLayout$$Lambda+0x000000003d15cb00
instanceKlass  @bci ch/qos/logback/classic/PatternLayout <clinit> ()V 452 <appendix> argL0 ; # ch/qos/logback/classic/PatternLayout$$Lambda+0x000000003d15c590
instanceKlass  @bci ch/qos/logback/classic/PatternLayout <clinit> ()V 436 <appendix> argL0 ; # ch/qos/logback/classic/PatternLayout$$Lambda+0x000000003d15c368
instanceKlass  @bci ch/qos/logback/classic/PatternLayout <clinit> ()V 420 <appendix> argL0 ; # ch/qos/logback/classic/PatternLayout$$Lambda+0x000000003d15c140
instanceKlass  @bci ch/qos/logback/classic/PatternLayout <clinit> ()V 388 <appendix> argL0 ; # ch/qos/logback/classic/PatternLayout$$Lambda+0x000000003d15bbf0
instanceKlass  @bci ch/qos/logback/classic/PatternLayout <clinit> ()V 372 <appendix> argL0 ; # ch/qos/logback/classic/PatternLayout$$Lambda+0x000000003d15b9c8
instanceKlass  @bci ch/qos/logback/classic/PatternLayout <clinit> ()V 356 <appendix> argL0 ; # ch/qos/logback/classic/PatternLayout$$Lambda+0x000000003d15b7a0
instanceKlass ch/qos/logback/classic/pattern/Abbreviator
instanceKlass  @bci ch/qos/logback/classic/PatternLayout <clinit> ()V 324 <appendix> argL0 ; # ch/qos/logback/classic/PatternLayout$$Lambda+0x000000003d15ace0
instanceKlass  @bci ch/qos/logback/classic/PatternLayout <clinit> ()V 308 <appendix> argL0 ; # ch/qos/logback/classic/PatternLayout$$Lambda+0x000000003d15aab8
instanceKlass  @bci ch/qos/logback/classic/PatternLayout <clinit> ()V 276 <appendix> argL0 ; # ch/qos/logback/classic/PatternLayout$$Lambda+0x000000003d15a568
instanceKlass  @bci ch/qos/logback/classic/PatternLayout <clinit> ()V 260 <appendix> argL0 ; # ch/qos/logback/classic/PatternLayout$$Lambda+0x000000003d15a340
instanceKlass  @bci ch/qos/logback/classic/PatternLayout <clinit> ()V 244 <appendix> argL0 ; # ch/qos/logback/classic/PatternLayout$$Lambda+0x000000003d15a118
instanceKlass  @bci ch/qos/logback/classic/PatternLayout <clinit> ()V 212 <appendix> argL0 ; # ch/qos/logback/classic/PatternLayout$$Lambda+0x000000003d159bc8
instanceKlass  @bci ch/qos/logback/classic/PatternLayout <clinit> ()V 196 <appendix> argL0 ; # ch/qos/logback/classic/PatternLayout$$Lambda+0x000000003d1599a0
instanceKlass  @bci ch/qos/logback/classic/PatternLayout <clinit> ()V 164 <appendix> argL0 ; # ch/qos/logback/classic/PatternLayout$$Lambda+0x000000003d159448
instanceKlass  @bci ch/qos/logback/classic/PatternLayout <clinit> ()V 148 <appendix> argL0 ; # ch/qos/logback/classic/PatternLayout$$Lambda+0x000000003d159220
instanceKlass  @bci ch/qos/logback/classic/PatternLayout <clinit> ()V 116 <appendix> argL0 ; # ch/qos/logback/classic/PatternLayout$$Lambda+0x000000003d158cd0
instanceKlass  @bci ch/qos/logback/classic/PatternLayout <clinit> ()V 100 <appendix> argL0 ; # ch/qos/logback/classic/PatternLayout$$Lambda+0x000000003d158aa8
instanceKlass  @bci ch/qos/logback/classic/PatternLayout <clinit> ()V 68 <appendix> argL0 ; # ch/qos/logback/classic/PatternLayout$$Lambda+0x000000003d158558
instanceKlass  @bci ch/qos/logback/classic/PatternLayout <clinit> ()V 52 <appendix> argL0 ; # ch/qos/logback/classic/PatternLayout$$Lambda+0x000000003d158330
instanceKlass  @bci ch/qos/logback/core/pattern/parser/Parser <clinit> ()V 38 <appendix> argL0 ; # ch/qos/logback/core/pattern/parser/Parser$$Lambda+0x000000003d154b40
instanceKlass  @bci ch/qos/logback/core/pattern/parser/Parser <clinit> ()V 22 <appendix> argL0 ; # ch/qos/logback/core/pattern/parser/Parser$$Lambda+0x000000003d155c90
instanceKlass ch/qos/logback/core/pattern/parser/Token
instanceKlass ch/qos/logback/core/pattern/parser/Node
instanceKlass ch/qos/logback/core/pattern/util/IEscapeUtil
instanceKlass ch/qos/logback/core/pattern/PostCompileProcessor
instanceKlass java/util/logging/Logger$SystemLoggerHelper
instanceKlass ch/qos/logback/classic/jul/JULHelper
instanceKlass java/util/Vector$Itr
instanceKlass ch/qos/logback/core/subst/NodeToStringTransformer$1
instanceKlass ch/qos/logback/core/subst/Node
instanceKlass ch/qos/logback/core/subst/Parser$1
instanceKlass ch/qos/logback/core/subst/Parser
instanceKlass ch/qos/logback/core/subst/Token
instanceKlass ch/qos/logback/core/subst/Tokenizer
instanceKlass ch/qos/logback/core/subst/NodeToStringTransformer
instanceKlass  @bci org/springframework/boot/logging/logback/DefaultLogbackConfiguration defaults (Lorg/springframework/boot/logging/logback/LogbackConfigurator;)V 57 <appendix> argL0 ; # org/springframework/boot/logging/logback/DefaultLogbackConfiguration$$Lambda+0x000000003d1525a8
instanceKlass  @bci org/springframework/boot/logging/logback/DefaultLogbackConfiguration defaults (Lorg/springframework/boot/logging/logback/LogbackConfigurator;)V 44 <appendix> argL0 ; # org/springframework/boot/logging/logback/DefaultLogbackConfiguration$$Lambda+0x000000003d151cd0
instanceKlass  @bci org/springframework/boot/logging/logback/DefaultLogbackConfiguration defaults (Lorg/springframework/boot/logging/logback/LogbackConfigurator;)V 31 <appendix> argL0 ; # org/springframework/boot/logging/logback/DefaultLogbackConfiguration$$Lambda+0x000000003d151758
instanceKlass  @bci org/springframework/boot/logging/logback/DefaultLogbackConfiguration defaults (Lorg/springframework/boot/logging/logback/LogbackConfigurator;)V 18 <appendix> argL0 ; # org/springframework/boot/logging/logback/DefaultLogbackConfiguration$$Lambda+0x000000003d1511e8
instanceKlass  @bci org/springframework/boot/logging/logback/DefaultLogbackConfiguration defaults (Lorg/springframework/boot/logging/logback/LogbackConfigurator;)V 5 <appendix> argL0 ; # org/springframework/boot/logging/logback/DefaultLogbackConfiguration$$Lambda+0x000000003d150c90
instanceKlass  @bci org/apache/catalina/core/StandardContext postWorkDirectory ()V 206 <appendix> form vmentry <vmtarget> ; # java/lang/invoke/LambdaForm$MH+0x000000003d154400
instanceKlass  @bci java/util/Collections$UnmodifiableMap$UnmodifiableEntrySet entryConsumer (Ljava/util/function/Consumer;)Ljava/util/function/Consumer; 1 <appendix> member <vmtarget> ; # java/util/Collections$UnmodifiableMap$UnmodifiableEntrySet$$Lambda+0x000000003d0dd6c0
instanceKlass  @bci org/springframework/boot/logging/logback/ColorConverter getName (Lorg/springframework/boot/ansi/AnsiElement;)Ljava/lang/String; 24 <appendix> argL0 ; # org/springframework/boot/logging/logback/ColorConverter$$Lambda+0x000000003d150a48
instanceKlass  @bci org/springframework/boot/logging/logback/ColorConverter getName (Lorg/springframework/boot/ansi/AnsiElement;)Ljava/lang/String; 14 <appendix> member <vmtarget> ; # org/springframework/boot/logging/logback/ColorConverter$$Lambda+0x000000003d1507e8
instanceKlass java/util/Collections$UnmodifiableMap$UnmodifiableEntrySet$UnmodifiableEntrySetSpliterator
instanceKlass  @bci org/springframework/boot/logging/logback/ColorConverter <clinit> ()V 25 <appendix> member <vmtarget> ; # org/springframework/boot/logging/logback/ColorConverter$$Lambda+0x000000003d1505a8
instanceKlass  @bci org/springframework/boot/logging/logback/ColorConverter <clinit> ()V 14 <appendix> argL0 ; # org/springframework/boot/logging/logback/ColorConverter$$Lambda+0x000000003d150350
instanceKlass ch/qos/logback/core/rolling/RollingPolicy
instanceKlass org/springframework/boot/logging/logback/DefaultLogbackConfiguration
instanceKlass  @bci org/springframework/boot/logging/logback/LogbackLoggingSystem lambda$loadDefaults$0 (Lch/qos/logback/classic/LoggerContext;Lorg/springframework/boot/logging/LoggingInitializationContext;Lorg/springframework/boot/logging/LogFile;)V 59 <appendix> member <vmtarget> ; # org/springframework/boot/logging/logback/LogbackLoggingSystem$$Lambda+0x000000003d14aed0
instanceKlass  @cpi org/springframework/web/accept/ContentNegotiationManagerFactoryBean 226 form vmentry <vmtarget> ; # java/lang/invoke/LambdaForm$DMH+0x000000003d148c00
instanceKlass  @bci org/springframework/boot/logging/logback/SystemStatusListener retrospectivePrint ()V 45 <appendix> member <vmtarget> ; # org/springframework/boot/logging/logback/SystemStatusListener$$Lambda+0x000000003d14ac90
instanceKlass  @bci org/springframework/boot/logging/logback/SystemStatusListener retrospectivePrint ()V 34 <appendix> member <vmtarget> ; # org/springframework/boot/logging/logback/SystemStatusListener$$Lambda+0x000000003d14aa38
instanceKlass  @cpi org/springframework/boot/logging/logback/SystemStatusListener 142 form vmentry <vmtarget> ; # java/lang/invoke/LambdaForm$DMH+0x000000003d148800
instanceKlass  @bci org/springframework/boot/logging/logback/LogbackLoggingSystem loadDefaults (Lorg/springframework/boot/logging/LoggingInitializationContext;Lorg/springframework/boot/logging/LogFile;)V 15 <appendix> member <vmtarget> ; # org/springframework/boot/logging/logback/LogbackLoggingSystem$$Lambda+0x000000003d14fce0
instanceKlass java/util/concurrent/Executors$DefaultThreadFactory
instanceKlass ch/qos/logback/core/util/ExecutorServiceUtil$1
instanceKlass java/util/concurrent/ScheduledExecutorService
instanceKlass ch/qos/logback/core/util/ExecutorServiceUtil
instanceKlass ch/qos/logback/core/LifeCycleManager
instanceKlass  @bci org/springframework/boot/logging/logback/LogbackLoggingSystem putInitializationContextObjects (Lch/qos/logback/classic/LoggerContext;Lorg/springframework/boot/logging/LoggingInitializationContext;)V 3 <appendix> member <vmtarget> ; # org/springframework/boot/logging/logback/LogbackLoggingSystem$$Lambda+0x000000003d14f0c8
instanceKlass org/springframework/boot/logging/LoggingInitializationContext
instanceKlass org/springframework/boot/logging/LoggerGroup
instanceKlass  @bci org/springframework/boot/logging/LoggerGroups putAll (Ljava/util/Map;)V 2 <appendix> member <vmtarget> ; # org/springframework/boot/logging/LoggerGroups$$Lambda+0x000000003d14ea50
instanceKlass org/springframework/boot/logging/LoggerGroups
instanceKlass org/springframework/boot/logging/LogFile
instanceKlass  @bci org/springframework/boot/logging/LoggingSystemProperties apply (Lorg/springframework/boot/logging/LogFile;Lorg/springframework/core/env/PropertyResolver;)V 83 <appendix> member <vmtarget> ; # org/springframework/boot/logging/LoggingSystemProperties$$Lambda+0x000000003d14df38
instanceKlass  @bci org/springframework/boot/logging/LoggingSystemProperties apply (Lorg/springframework/boot/logging/LogFile;Lorg/springframework/core/env/PropertyResolver;)V 69 <appendix> member <vmtarget> ; # org/springframework/boot/logging/LoggingSystemProperties$$Lambda+0x000000003d14dce8
instanceKlass  @bci org/springframework/boot/logging/LoggingSystemProperties setSystemProperty (Lorg/springframework/boot/logging/LoggingSystemProperty;Lorg/springframework/core/env/PropertyResolver;Ljava/lang/String;)V 4 <appendix> argL0 ; # org/springframework/boot/logging/LoggingSystemProperties$$Lambda+0x000000003d14daa0
instanceKlass java/io/Console$1
instanceKlass jdk/internal/access/JavaIOAccess
instanceKlass java/util/AbstractMap$ValueIterator
instanceKlass jdk/internal/org/jline/JdkConsoleProviderImpl
instanceKlass jdk/internal/io/JdkConsole
instanceKlass jdk/jshell/execution/impl/ConsoleImpl$ConsoleProviderImpl
instanceKlass jdk/internal/module/ModulePatcher$PatchedModuleReader
instanceKlass java/util/ServiceLoader$LayerLookupIterator
instanceKlass jdk/internal/io/JdkConsoleProvider
instanceKlass java/io/Console
instanceKlass org/springframework/core/convert/support/ConversionUtils
instanceKlass java/lang/foreign/MemorySegment
instanceKlass java/util/concurrent/ConcurrentLinkedDeque$AbstractItr
instanceKlass org/springframework/core/convert/support/GenericConversionService$ConverterCacheKey
instanceKlass  @bci org/springframework/core/env/AbstractPropertyResolver doResolvePlaceholders (Ljava/lang/String;Lorg/springframework/util/PropertyPlaceholderHelper;)Ljava/lang/String; 3 <appendix> member <vmtarget> ; # org/springframework/core/env/AbstractPropertyResolver$$Lambda+0x000000003d14cfd0
instanceKlass  @cpi org/springframework/boot/webmvc/autoconfigure/WebMvcAutoConfiguration$WebMvcAutoConfigurationAdapter 768 form vmentry <vmtarget> ; # java/lang/invoke/LambdaForm$DMH+0x000000003d148400
instanceKlass org/springframework/boot/context/properties/source/ConfigurationProperty
instanceKlass org/springframework/boot/origin/PropertySourceOrigin
instanceKlass  @bci org/springframework/boot/logging/LoggingSystemProperties setSystemProperty (Lorg/springframework/boot/logging/LoggingSystemProperty;Lorg/springframework/core/env/PropertyResolver;)V 3 <appendix> argL0 ; # org/springframework/boot/logging/LoggingSystemProperties$$Lambda+0x000000003d14c8d8
instanceKlass  @bci org/springframework/boot/logging/AbstractLoggingSystem getDefaultValueResolver (Lorg/springframework/core/env/Environment;)Ljava/util/function/Function; 7 <appendix> member <vmtarget> ; # org/springframework/boot/logging/AbstractLoggingSystem$$Lambda+0x000000003d14c238
instanceKlass  @bci org/springframework/boot/logging/LoggingSystemProperties <clinit> ()V 0 <appendix> argL0 ; # org/springframework/boot/logging/LoggingSystemProperties$$Lambda+0x000000003d14c000
instanceKlass  @cpi sun/security/pkcs/PKCS9Attribute 571 form vmentry <vmtarget> ; # java/lang/invoke/LambdaForm$DMH+0x000000003d148000
instanceKlass org/springframework/boot/ansi/AnsiElement
instanceKlass  @bci org/springframework/boot/support/AnsiOutputApplicationListener onApplicationEvent (Lorg/springframework/boot/context/event/ApplicationEnvironmentPreparedEvent;)V 16 <appendix> argL0 ; # org/springframework/boot/support/AnsiOutputApplicationListener$$Lambda+0x000000003d143ad0
instanceKlass org/springframework/boot/ansi/AnsiOutput
instanceKlass  @bci org/springframework/boot/devtools/env/DevToolsHomePropertiesPostProcessor postProcessEnvironment (Lorg/springframework/core/env/ConfigurableEnvironment;Lorg/springframework/boot/SpringApplication;)V 47 <appendix> member <vmtarget> ; # org/springframework/boot/devtools/env/DevToolsHomePropertiesPostProcessor$$Lambda+0x000000003d142b28
instanceKlass  @bci org/springframework/boot/devtools/env/DevToolsHomePropertiesPostProcessor postProcessEnvironment (Lorg/springframework/core/env/ConfigurableEnvironment;Lorg/springframework/boot/SpringApplication;)V 27 <appendix> argL0 ; # org/springframework/boot/devtools/env/DevToolsHomePropertiesPostProcessor$$Lambda+0x000000003d1428e0
instanceKlass  @bci org/springframework/boot/devtools/env/DevToolsHomePropertiesPostProcessor getHomeDirectory ()Ljava/io/File; 26 <appendix> member <vmtarget> ; # org/springframework/boot/devtools/env/DevToolsHomePropertiesPostProcessor$$Lambda+0x000000003d1426b0
instanceKlass  @bci org/springframework/boot/devtools/env/DevToolsHomePropertiesPostProcessor getHomeDirectory ()Ljava/io/File; 17 <appendix> member <vmtarget> ; # org/springframework/boot/devtools/env/DevToolsHomePropertiesPostProcessor$$Lambda+0x000000003d142480
instanceKlass  @bci org/springframework/boot/devtools/env/DevToolsHomePropertiesPostProcessor getHomeDirectory ()Ljava/io/File; 8 <appendix> member <vmtarget> ; # org/springframework/boot/devtools/env/DevToolsHomePropertiesPostProcessor$$Lambda+0x000000003d142250
instanceKlass  @bci org/springframework/boot/devtools/env/DevToolsHomePropertiesPostProcessor getPropertySources ()Ljava/util/List; 40 <appendix> member <vmtarget> ; # org/springframework/boot/devtools/env/DevToolsHomePropertiesPostProcessor$$Lambda+0x000000003d142000
instanceKlass  @bci org/springframework/boot/context/config/InvalidConfigDataPropertyException throwIfPropertyFound (Lorg/springframework/boot/context/config/ConfigDataEnvironmentContributor;)V 14 <appendix> member <vmtarget> ; # org/springframework/boot/context/config/InvalidConfigDataPropertyException$$Lambda+0x000000003d147cd8
instanceKlass  @bci org/springframework/boot/context/config/ConfigDataEnvironmentContributor hasAnyProfileSpecificChildren (Ljava/util/List;)Z 73 <appendix> argL0 ; # org/springframework/boot/context/config/ConfigDataEnvironmentContributor$$Lambda+0x000000003d147800
instanceKlass  @bci org/springframework/boot/context/config/ConfigDataLocationResolvers resolve (Lorg/springframework/boot/context/config/ConfigDataLocationResolver;Lorg/springframework/boot/context/config/ConfigDataLocationResolverContext;Lorg/springframework/boot/context/config/ConfigDataLocation;Lorg/springframework/boot/context/config/Profiles;)Ljava/util/List; 32 <appendix> member <vmtarget> ; # org/springframework/boot/context/config/ConfigDataLocationResolvers$$Lambda+0x000000003d1475d0
instanceKlass  @bci org/springframework/boot/context/config/Profiles expandProfiles (Ljava/util/List;)Ljava/util/List; 92 <appendix> member <vmtarget> ; # org/springframework/boot/context/config/Profiles$$Lambda+0x000000003d147390
instanceKlass  @bci org/springframework/boot/context/config/Profiles expandProfiles (Ljava/util/List;)Ljava/util/List; 19 <appendix> member <vmtarget> ; # org/springframework/boot/context/config/Profiles$$Lambda+0x000000003d147150
instanceKlass  @cpi org/springframework/boot/web/server/servlet/ServletContextInitializers$SessionConfiguringInitializer 196 form vmentry <vmtarget> ; # java/lang/invoke/LambdaForm$DMH+0x000000003d141000
instanceKlass  @bci org/springframework/boot/context/config/Profiles getProfiles (Lorg/springframework/core/env/Environment;Lorg/springframework/boot/context/properties/bind/Binder;Lorg/springframework/boot/context/config/ProfilesValidator;Lorg/springframework/boot/context/config/Profiles$Type;)Ljava/util/Collection; 42 <appendix> member <vmtarget> ; # org/springframework/boot/context/config/Profiles$$Lambda+0x000000003d146f20
instanceKlass  @bci org/springframework/boot/context/config/Profiles$Type <clinit> ()V 33 <appendix> argL0 ; # org/springframework/boot/context/config/Profiles$Type$$Lambda+0x000000003d146ad8
instanceKlass  @bci org/springframework/boot/context/config/Profiles$Type <clinit> ()V 9 <appendix> argL0 ; # org/springframework/boot/context/config/Profiles$Type$$Lambda+0x000000003d146890
instanceKlass  @bci org/springframework/boot/context/config/Profiles <init> (Lorg/springframework/core/env/Environment;Lorg/springframework/boot/context/properties/bind/Binder;Ljava/util/Collection;)V 37 <appendix> argL0 ; # org/springframework/boot/context/config/Profiles$$Lambda+0x000000003d146418
instanceKlass org/springframework/boot/context/properties/bind/MapBinder$EntryBinder
instanceKlass  @bci org/springframework/boot/context/properties/bind/MapBinder bindAggregate (Lorg/springframework/boot/context/properties/source/ConfigurationPropertyName;Lorg/springframework/boot/context/properties/bind/Bindable;Lorg/springframework/boot/context/properties/bind/AggregateElementBinder;)Ljava/lang/Object; 186 <appendix> member <vmtarget> ; # org/springframework/boot/context/properties/bind/MapBinder$$Lambda+0x000000003d145f98
instanceKlass org/springframework/core/CollectionFactory
instanceKlass  @bci org/springframework/boot/context/config/ProfilesValidator validate (Ljava/lang/Object;)V 22 <appendix> member <vmtarget> ; # org/springframework/boot/context/config/ProfilesValidator$$Lambda+0x000000003d145278
instanceKlass  @bci org/springframework/boot/context/config/Profiles <init> (Lorg/springframework/core/env/Environment;Lorg/springframework/boot/context/properties/bind/Binder;Ljava/util/Collection;)V 17 <appendix> argL0 ; # org/springframework/boot/context/config/Profiles$$Lambda+0x000000003d145050
instanceKlass  @bci org/springframework/boot/context/config/ConfigDataEnvironment getIncludedProfiles (Lorg/springframework/boot/context/config/ConfigDataEnvironmentContributors;Lorg/springframework/boot/context/config/ConfigDataActivationContext;)Ljava/util/Collection; 117 <appendix> member <vmtarget> ; # org/springframework/boot/context/config/ConfigDataEnvironment$$Lambda+0x000000003d144e10
instanceKlass  @bci org/springframework/boot/context/properties/bind/CollectionBinder bindAggregate (Lorg/springframework/boot/context/properties/source/ConfigurationPropertyName;Lorg/springframework/boot/context/properties/bind/Bindable;Lorg/springframework/boot/context/properties/bind/AggregateElementBinder;)Ljava/lang/Object; 38 <appendix> member <vmtarget> ; # org/springframework/boot/context/properties/bind/CollectionBinder$$Lambda+0x000000003d144be0
instanceKlass org/springframework/boot/context/config/ProfilesValidator
instanceKlass org/springframework/boot/context/config/Profiles
instanceKlass  @bci org/springframework/boot/context/config/ConfigDataEnvironment withProfiles (Lorg/springframework/boot/context/config/ConfigDataEnvironmentContributors;Lorg/springframework/boot/context/config/ConfigDataActivationContext;)Lorg/springframework/boot/context/config/ConfigDataActivationContext; 14 <appendix> argL0 ; # org/springframework/boot/context/config/ConfigDataEnvironment$$Lambda+0x000000003d1444a8
instanceKlass  @bci org/springframework/boot/cloud/CloudPlatform$7 isDetected (Lorg/springframework/core/env/Environment;)Z 15 <appendix> member <vmtarget> ; # org/springframework/boot/cloud/CloudPlatform$7$$Lambda+0x000000003d144248
instanceKlass  @bci org/springframework/boot/context/config/ConfigDataEnvironmentContributors getBinderSources (Ljava/util/function/Predicate;)Ljava/util/Iterator; 24 <appendix> argL0 ; # org/springframework/boot/context/config/ConfigDataEnvironmentContributors$$Lambda+0x000000003d144000
instanceKlass  @bci org/springframework/boot/context/config/ConfigDataEnvironmentContributors getBinderSources (Ljava/util/function/Predicate;)Ljava/util/Iterator; 8 <appendix> member <vmtarget> ; # org/springframework/boot/context/config/ConfigDataEnvironmentContributors$$Lambda+0x000000003d13bc20
instanceKlass  @bci java/util/function/Predicate and (Ljava/util/function/Predicate;)Ljava/util/function/Predicate; 7 <appendix> member <vmtarget> ; # java/util/function/Predicate$$Lambda+0x000000003d0d9030
instanceKlass  @cpi java/util/function/Predicate 72 form vmentry <vmtarget> ; # java/lang/invoke/LambdaForm$DMH+0x000000003d140c00
instanceKlass  @bci org/springframework/boot/context/config/ConfigDataEnvironmentContributors lambda$getBinder$0 (Ljava/util/function/Predicate;ZLorg/springframework/boot/context/config/ConfigDataActivationContext;)Ljava/util/Iterator; 4 <appendix> form vmentry <vmtarget> ; # java/lang/invoke/LambdaForm$DMH+0x000000003d140800
instanceKlass  @bci org/springframework/boot/context/config/ConfigDataEnvironmentContributors lambda$getBinder$0 (Ljava/util/function/Predicate;ZLorg/springframework/boot/context/config/ConfigDataActivationContext;)Ljava/util/Iterator; 4 <appendix> member <vmtarget> ; # org/springframework/boot/context/config/ConfigDataEnvironmentContributors$$Lambda+0x000000003d13b9c0
instanceKlass  @cpi org/springframework/boot/context/config/ConfigDataEnvironmentContributors 513 form vmentry <vmtarget> ; # java/lang/invoke/LambdaForm$DMH+0x000000003d140400
instanceKlass org/springframework/boot/context/config/ConfigDataEnvironmentContributors$InactiveSourceChecker
instanceKlass  @bci reactor/netty/transport/TransportConnector lambda$connect$6 (Lreactor/netty/transport/TransportConfig;Ljava/net/SocketAddress;Lio/netty/resolver/AddressResolverGroup;Lreactor/util/context/ContextView;Lio/netty/channel/ChannelInitializer;ZLio/netty/channel/EventLoop;Lio/netty/channel/Channel;)Lreactor/core/publisher/Mono; 18 <adapter> ; # java/lang/invoke/LambdaForm$MH+0x000000003d140000
instanceKlass  @bci tools/jackson/core/util/Separators$Spacing apply (C)Ljava/lang/String; 9 <appendix> form names 6 function resolvedHandle form vmentry <vmtarget> ; # java/lang/invoke/LambdaForm$DMH+0x000000003d139c00
instanceKlass  @bci reactor/netty/transport/TransportConnector lambda$connect$6 (Lreactor/netty/transport/TransportConfig;Ljava/net/SocketAddress;Lio/netty/resolver/AddressResolverGroup;Lreactor/util/context/ContextView;Lio/netty/channel/ChannelInitializer;ZLio/netty/channel/EventLoop;Lio/netty/channel/Channel;)Lreactor/core/publisher/Mono; 18 <appendix> form vmentry <vmtarget> ; # java/lang/invoke/LambdaForm$DMH+0x000000003d139800
instanceKlass  @bci org/springframework/boot/context/config/ConfigDataEnvironmentContributors getBinder (Lorg/springframework/boot/context/config/ConfigDataActivationContext;Ljava/util/function/Predicate;Ljava/util/Set;)Lorg/springframework/boot/context/properties/bind/Binder; 16 <appendix> member <vmtarget> ; # org/springframework/boot/context/config/ConfigDataEnvironmentContributors$$Lambda+0x000000003d13b4f8
instanceKlass org/springframework/boot/context/properties/bind/DefaultValue
instanceKlass org/springframework/boot/context/properties/bind/DataObjectPropertyName
instanceKlass org/springframework/boot/context/properties/bind/ValueObjectBinder$ConstructorParameter
instanceKlass org/springframework/core/SerializableTypeWrapper$MethodInvokeTypeProvider
instanceKlass  @bci java/lang/reflect/Proxy getProxyConstructor (Ljava/lang/ClassLoader;[Ljava/lang/Class;)Ljava/lang/reflect/Constructor; 51 <appendix> argL0 ; # java/lang/reflect/Proxy$$Lambda+0x000000003d0d8df8
instanceKlass org/springframework/core/SerializableTypeWrapper$TypeProxyInvocationHandler
instanceKlass sun/reflect/generics/tree/MethodTypeSignature
instanceKlass sun/reflect/generics/tree/VoidDescriptor
instanceKlass org/springframework/core/SerializableTypeWrapper$MethodParameterTypeProvider
instanceKlass  @bci org/springframework/core/MethodParameter validateIndex (Ljava/lang/reflect/Executable;I)I 21 <appendix> member <vmtarget> ; # org/springframework/core/MethodParameter$$Lambda+0x000000003d13a350
instanceKlass org/springframework/core/MethodParameter
instanceKlass org/springframework/boot/context/properties/bind/Name
instanceKlass  @bci org/springframework/boot/context/properties/bind/DefaultBindConstructorProvider$Constructors getConstructors (Ljava/lang/Class;Z)Lorg/springframework/boot/context/properties/bind/DefaultBindConstructorProvider$Constructors; 123 <appendix> member <vmtarget> ; # org/springframework/boot/context/properties/bind/DefaultBindConstructorProvider$Constructors$$Lambda+0x000000003d13f1d0
instanceKlass org/springframework/boot/context/properties/bind/ConstructorBinding
instanceKlass  @bci org/springframework/boot/context/properties/bind/DefaultBindConstructorProvider$Constructors getCandidateConstructors (Ljava/lang/Class;)[Ljava/lang/reflect/Constructor; 29 <appendix> argL0 ; # org/springframework/boot/context/properties/bind/DefaultBindConstructorProvider$Constructors$$Lambda+0x000000003d13eba0
instanceKlass  @bci org/springframework/boot/context/properties/bind/DefaultBindConstructorProvider$Constructors getCandidateConstructors (Ljava/lang/Class;)[Ljava/lang/reflect/Constructor; 19 <appendix> argL0 ; # org/springframework/boot/context/properties/bind/DefaultBindConstructorProvider$Constructors$$Lambda+0x000000003d13e948
instanceKlass org/springframework/beans/factory/annotation/Autowired
instanceKlass  @bci org/springframework/boot/context/properties/bind/DefaultBindConstructorProvider$Constructors isAutowiredPresent (Ljava/lang/Class;)Z 17 <appendix> argL0 ; # org/springframework/boot/context/properties/bind/DefaultBindConstructorProvider$Constructors$$Lambda+0x000000003d13e4e8
instanceKlass  @bci org/springframework/boot/context/properties/bind/DefaultBindConstructorProvider$Constructors isAutowiredPresent (Ljava/lang/Class;)Z 7 <appendix> argL0 ; # org/springframework/boot/context/properties/bind/DefaultBindConstructorProvider$Constructors$$Lambda+0x000000003d13e2a0
instanceKlass org/springframework/boot/context/config/ConfigDataProperties$Activate
instanceKlass org/springframework/boot/context/properties/bind/DefaultBindConstructorProvider$Constructors
instanceKlass  @bci org/springframework/web/method/annotation/ExceptionHandlerMethodResolver$ExceptionMapping hashCode ()I 1 <appendix> form vmentry <vmtarget> ; # java/lang/invoke/LambdaForm$MH+0x000000003d139400
# instanceKlass java/lang/invoke/LambdaForm$MH+0x000000003d139000
# instanceKlass java/lang/invoke/LambdaForm$MH+0x000000003d138c00
instanceKlass  @bci org/springframework/web/method/annotation/ExceptionHandlerMethodResolver$ExceptionMapping hashCode ()I 1 <appendix> argL1 form vmentry <vmtarget> ; # java/lang/invoke/LambdaForm$MH+0x000000003d138800
instanceKlass  @bci org/springframework/web/method/annotation/ExceptionHandlerMethodResolver$ExceptionMapping hashCode ()I 1 <appendix> argL2 argL2 form vmentry <vmtarget> ; # java/lang/invoke/LambdaForm$MH+0x000000003d138400
instanceKlass  @bci java/lang/runtime/ObjectMethods bootstrap (Ljava/lang/invoke/MethodHandles$Lookup;Ljava/lang/String;Ljava/lang/invoke/TypeDescriptor;Ljava/lang/Class;Ljava/lang/String;[Ljava/lang/invoke/MethodHandle;)Ljava/lang/Object; 37 <appendix> argL0 ; # java/lang/runtime/ObjectMethods$$Lambda+0x800000015
instanceKlass java/lang/invoke/DirectMethodHandle$1
instanceKlass sun/invoke/util/ValueConversions$WrapperCache
instanceKlass java/lang/invoke/MethodHandleImpl$2
instanceKlass java/lang/runtime/ObjectMethods
instanceKlass org/springframework/boot/context/properties/bind/AbstractBindHandler
instanceKlass org/springframework/boot/context/config/ConfigDataEnvironmentContributorPlaceholdersResolver
instanceKlass  @bci org/springframework/boot/env/PropertiesPropertySourceLoader loadProperties (Lorg/springframework/core/io/Resource;)Ljava/util/List; 58 <appendix> member <vmtarget> ; # org/springframework/boot/env/PropertiesPropertySourceLoader$$Lambda+0x000000003d13d068
instanceKlass org/springframework/boot/origin/OriginTrackedValue
instanceKlass org/springframework/boot/origin/TextResourceOrigin
instanceKlass org/springframework/boot/origin/TextResourceOrigin$Location
instanceKlass org/springframework/boot/env/OriginTrackedPropertiesLoader$CharacterReader
instanceKlass org/springframework/boot/env/OriginTrackedPropertiesLoader$Document
instanceKlass org/springframework/boot/env/OriginTrackedPropertiesLoader
instanceKlass org/springframework/boot/origin/OriginTrackedResource
instanceKlass  @bci org/springframework/boot/context/config/ConfigDataEnvironmentContributor withReplacement (Lorg/springframework/boot/context/config/ConfigDataEnvironmentContributor;Lorg/springframework/boot/context/config/ConfigDataEnvironmentContributor;)Lorg/springframework/boot/context/config/ConfigDataEnvironmentContributor; 31 <appendix> member <vmtarget> ; # org/springframework/boot/context/config/ConfigDataEnvironmentContributor$$Lambda+0x000000003d135470
instanceKlass  @cpi io/netty/bootstrap/AbstractBootstrap 360 form vmentry <vmtarget> ; # java/lang/invoke/LambdaForm$DMH+0x000000003d138000
instanceKlass  @bci org/springframework/boot/context/config/ConfigDataEnvironmentContributors asContributors (Ljava/util/Map;)Ljava/util/List; 19 <appendix> member <vmtarget> ; # org/springframework/boot/context/config/ConfigDataEnvironmentContributors$$Lambda+0x000000003d135230
instanceKlass  @cpi tools/jackson/databind/ser/impl/ReadOnlyClassToSerializerMap 147 form vmentry <vmtarget> ; # java/lang/invoke/LambdaForm$DMH+0x000000003d134c00
instanceKlass  @bci org/springframework/boot/context/config/ConfigDataEnvironmentContributors withProcessedImports (Lorg/springframework/boot/context/config/ConfigDataImporter;Lorg/springframework/boot/context/config/ConfigDataActivationContext;)Lorg/springframework/boot/context/config/ConfigDataEnvironmentContributors; 201 <appendix> member <vmtarget> ; # org/springframework/boot/context/config/ConfigDataEnvironmentContributors$$Lambda+0x000000003d135000
instanceKlass org/springframework/boot/context/config/ConfigData
instanceKlass  @bci org/springframework/boot/context/config/ConfigDataLoaders load (Lorg/springframework/boot/context/config/ConfigDataLoaderContext;Lorg/springframework/boot/context/config/ConfigDataResource;)Lorg/springframework/boot/context/config/ConfigData; 13 <appendix> member <vmtarget> ; # org/springframework/boot/context/config/ConfigDataLoaders$$Lambda+0x000000003d137b68
instanceKlass  @bci org/springframework/boot/context/config/ConfigDataLoaders getLoader (Lorg/springframework/boot/context/config/ConfigDataLoaderContext;Lorg/springframework/boot/context/config/ConfigDataResource;)Lorg/springframework/boot/context/config/ConfigDataLoader; 127 <appendix> member <vmtarget> ; # org/springframework/boot/context/config/ConfigDataLoaders$$Lambda+0x000000003d137938
instanceKlass org/springframework/boot/context/config/ConfigDataResolutionResult
instanceKlass  @bci org/springframework/boot/context/config/StandardConfigDataLocationResolver resolvePatternEmptyDirectories (Lorg/springframework/boot/context/config/StandardConfigDataReference;)Ljava/util/Set; 108 <appendix> argL0 ; # org/springframework/boot/context/config/StandardConfigDataLocationResolver$$Lambda+0x000000003d1374e0
instanceKlass  @bci org/springframework/boot/context/config/StandardConfigDataLocationResolver resolvePatternEmptyDirectories (Lorg/springframework/boot/context/config/StandardConfigDataReference;)Ljava/util/Set; 98 <appendix> member <vmtarget> ; # org/springframework/boot/context/config/StandardConfigDataLocationResolver$$Lambda+0x000000003d137290
instanceKlass  @bci org/springframework/boot/context/config/StandardConfigDataLocationResolver resolvePatternEmptyDirectories (Lorg/springframework/boot/context/config/StandardConfigDataReference;)Ljava/util/Set; 87 <appendix> argL0 ; # org/springframework/boot/context/config/StandardConfigDataLocationResolver$$Lambda+0x000000003d137038
instanceKlass  @cpi reactor/netty/http/HttpOperations 323 form vmentry <vmtarget> ; # java/lang/invoke/LambdaForm$DMH+0x000000003d134800
instanceKlass  @bci org/springframework/boot/context/config/LocationResourceLoader validatePattern (Ljava/lang/String;Lorg/springframework/boot/context/config/LocationResourceLoader$ResourceType;)V 93 <appendix> member <vmtarget> ; # org/springframework/boot/context/config/LocationResourceLoader$$Lambda+0x000000003d136690
instanceKlass  @bci org/springframework/boot/context/config/LocationResourceLoader validatePattern (Ljava/lang/String;Lorg/springframework/boot/context/config/LocationResourceLoader$ResourceType;)V 53 <appendix> member <vmtarget> ; # org/springframework/boot/context/config/LocationResourceLoader$$Lambda+0x000000003d136460
instanceKlass  @bci org/springframework/boot/context/config/LocationResourceLoader validatePattern (Ljava/lang/String;Lorg/springframework/boot/context/config/LocationResourceLoader$ResourceType;)V 29 <appendix> member <vmtarget> ; # org/springframework/boot/context/config/LocationResourceLoader$$Lambda+0x000000003d136230
instanceKlass  @bci org/springframework/boot/context/config/LocationResourceLoader validatePattern (Ljava/lang/String;Lorg/springframework/boot/context/config/LocationResourceLoader$ResourceType;)V 6 <appendix> member <vmtarget> ; # org/springframework/boot/context/config/LocationResourceLoader$$Lambda+0x000000003d136000
instanceKlass  @bci org/springframework/boot/context/config/LocationResourceLoader validateNonPattern (Ljava/lang/String;)V 14 <appendix> member <vmtarget> ; # org/springframework/boot/context/config/LocationResourceLoader$$Lambda+0x000000003d133808
instanceKlass  @bci org/springframework/web/method/HandlerMethod initDescription (Ljava/lang/Class;Ljava/lang/reflect/Method;)Ljava/lang/String; 67 <appendix> form vmentry <vmtarget> ; # java/lang/invoke/LambdaForm$MH+0x000000003d134400
instanceKlass org/springframework/boot/context/config/StandardConfigDataReference
instanceKlass  @bci org/springframework/boot/context/config/ConfigDataLocationResolvers resolve (Lorg/springframework/boot/context/config/ConfigDataLocationResolver;Lorg/springframework/boot/context/config/ConfigDataLocationResolverContext;Lorg/springframework/boot/context/config/ConfigDataLocation;Lorg/springframework/boot/context/config/Profiles;)Ljava/util/List; 6 <appendix> member <vmtarget> ; # org/springframework/boot/context/config/ConfigDataLocationResolvers$$Lambda+0x000000003d133388
instanceKlass org/springframework/boot/context/config/ConfigDataEnvironmentContributors$ContributorDataLoaderContext
instanceKlass org/springframework/boot/context/config/ConfigDataEnvironmentContributors$ContributorConfigDataLocationResolverContext
instanceKlass org/springframework/boot/context/config/ConfigDataEnvironmentContributor$ContributorIterator
instanceKlass  @bci org/springframework/boot/bootstrap/DefaultBootstrapContext register (Ljava/lang/Class;Lorg/springframework/boot/bootstrap/BootstrapRegistry$InstanceSupplier;Z)V 60 <appendix> member <vmtarget> ; # org/springframework/boot/bootstrap/DefaultBootstrapContext$$Lambda+0x000000003d132a70
instanceKlass org/springframework/boot/bootstrap/BootstrapRegistry$InstanceSupplier$1
instanceKlass  @bci org/springframework/boot/bootstrap/BootstrapRegistry$InstanceSupplier from (Ljava/util/function/Supplier;)Lorg/springframework/boot/bootstrap/BootstrapRegistry$InstanceSupplier; 1 <appendix> member <vmtarget> ; # org/springframework/boot/bootstrap/BootstrapRegistry$InstanceSupplier$$Lambda+0x000000003d132178
instanceKlass org/springframework/boot/bootstrap/BootstrapRegistry$InstanceSupplier
instanceKlass  @bci org/springframework/boot/context/config/ConfigDataEnvironment registerBootstrapBinder (Lorg/springframework/boot/context/config/ConfigDataEnvironmentContributors;Lorg/springframework/boot/context/config/ConfigDataActivationContext;[Lorg/springframework/boot/context/config/ConfigDataEnvironmentContributors$BinderOption;)V 9 <appendix> member <vmtarget> ; # org/springframework/boot/context/config/ConfigDataEnvironment$$Lambda+0x000000003d131d40
instanceKlass org/springframework/boot/context/config/ConfigDataActivationContext
instanceKlass org/springframework/boot/context/config/ConfigDataImporter
instanceKlass  @bci org/springframework/boot/context/config/ConfigDataEnvironmentContributors <clinit> ()V 0 <appendix> argL0 ; # org/springframework/boot/context/config/ConfigDataEnvironmentContributors$$Lambda+0x000000003d131238
instanceKlass org/springframework/boot/context/config/ConfigDataLocationResolverContext
instanceKlass org/springframework/boot/context/config/ConfigDataLoaderContext
instanceKlass org/springframework/boot/context/config/ConfigDataEnvironmentContributors
instanceKlass  @bci org/springframework/boot/context/config/ConfigDataProperties <init> (Ljava/util/List;Lorg/springframework/boot/context/config/ConfigDataProperties$Activate;)V 15 <appendix> argL0 ; # org/springframework/boot/context/config/ConfigDataProperties$$Lambda+0x000000003d130958
instanceKlass org/springframework/boot/context/config/ConfigDataProperties
instanceKlass org/springframework/boot/context/config/ConfigDataEnvironmentContributor
instanceKlass org/springframework/boot/context/config/SystemEnvironmentConfigDataLoader
instanceKlass org/springframework/boot/context/config/ConfigData$Options
instanceKlass org/springframework/boot/context/config/ConfigData$AlwaysPropertySourceOptions
instanceKlass org/springframework/boot/context/config/ConfigData$PropertySourceOptions
instanceKlass org/springframework/boot/context/config/StandardConfigDataLoader
instanceKlass org/springframework/boot/context/config/ConfigDataResource
instanceKlass org/springframework/boot/context/config/ConfigTreeConfigDataLoader
instanceKlass org/springframework/boot/context/config/ConfigDataLoader
instanceKlass  @bci org/springframework/boot/context/config/ConfigDataLoaders <init> (Lorg/springframework/boot/logging/DeferredLogFactory;Lorg/springframework/boot/bootstrap/ConfigurableBootstrapContext;Lorg/springframework/core/io/support/SpringFactoriesLoader;)V 66 <appendix> argL0 ; # org/springframework/boot/context/config/ConfigDataLoaders$$Lambda+0x000000003d12ec00
instanceKlass org/springframework/boot/context/config/ConfigDataLoaders
instanceKlass org/springframework/boot/context/config/ConfigDataEnvironmentUpdateListener$1
instanceKlass org/springframework/boot/context/config/ConfigDataEnvironmentUpdateListener
instanceKlass  @bci org/springframework/boot/context/config/SystemEnvironmentConfigDataLocationResolver <init> ()V 21 <appendix> argL0 ; # org/springframework/boot/context/config/SystemEnvironmentConfigDataLocationResolver$$Lambda+0x000000003d12e340
instanceKlass org/springframework/boot/context/config/SystemEnvironmentConfigDataLocationResolver
instanceKlass  @bci org/springframework/boot/context/config/StandardConfigDataLocationResolver validateConfigName (Ljava/lang/String;)V 15 <appendix> member <vmtarget> ; # org/springframework/boot/context/config/StandardConfigDataLocationResolver$$Lambda+0x000000003d12deb8
instanceKlass  @bci org/springframework/boot/context/properties/bind/Binder lambda$bindAggregate$0 (Lorg/springframework/boot/context/properties/bind/AggregateBinder;Lorg/springframework/boot/context/properties/bind/BindHandler;Lorg/springframework/boot/context/properties/bind/Binder$Context;Lorg/springframework/boot/context/properties/source/ConfigurationPropertyName;Lorg/springframework/boot/context/properties/bind/Bindable;Lorg/springframework/boot/context/properties/source/ConfigurationPropertySource;)Ljava/lang/Object; 17 <adapter> ; # java/lang/invoke/LambdaForm$MH+0x000000003d12ac00
# instanceKlass java/lang/invoke/LambdaForm$DMH+0x000000003d12a800
instanceKlass  @bci org/springframework/boot/context/properties/bind/Binder lambda$bindAggregate$0 (Lorg/springframework/boot/context/properties/bind/AggregateBinder;Lorg/springframework/boot/context/properties/bind/BindHandler;Lorg/springframework/boot/context/properties/bind/Binder$Context;Lorg/springframework/boot/context/properties/source/ConfigurationPropertyName;Lorg/springframework/boot/context/properties/bind/Bindable;Lorg/springframework/boot/context/properties/source/ConfigurationPropertySource;)Ljava/lang/Object; 17 <appendix> form vmentry <vmtarget> ; # java/lang/invoke/LambdaForm$DMH+0x000000003d12a400
instanceKlass  @bci org/springframework/boot/context/properties/bind/Binder lambda$bindAggregate$0 (Lorg/springframework/boot/context/properties/bind/AggregateBinder;Lorg/springframework/boot/context/properties/bind/BindHandler;Lorg/springframework/boot/context/properties/bind/Binder$Context;Lorg/springframework/boot/context/properties/source/ConfigurationPropertyName;Lorg/springframework/boot/context/properties/bind/Bindable;Lorg/springframework/boot/context/properties/source/ConfigurationPropertySource;)Ljava/lang/Object; 17 <appendix> member <vmtarget> ; # org/springframework/boot/context/properties/bind/Binder$$Lambda+0x000000003d12dc88
instanceKlass  @cpi org/springframework/boot/context/properties/bind/Binder 729 form vmentry <vmtarget> ; # java/lang/invoke/LambdaForm$DMH+0x000000003d12a000
instanceKlass  @bci java/util/stream/StreamSpliterators$WrappingSpliterator initPartialTraversalState ()V 37 <appendix> member <vmtarget> ; # java/util/stream/StreamSpliterators$WrappingSpliterator$$Lambda+0x000000003d0d7510
instanceKlass  @bci java/util/stream/StreamSpliterators$WrappingSpliterator initPartialTraversalState ()V 24 <appendix> member <vmtarget> ; # java/util/stream/StreamSpliterators$WrappingSpliterator$$Lambda+0x000000003d0d7258
instanceKlass java/util/stream/StreamSpliterators
instanceKlass java/util/stream/StreamSpliterators$AbstractWrappingSpliterator
instanceKlass  @bci java/util/stream/AbstractPipeline spliterator ()Ljava/util/Spliterator; 103 <appendix> member <vmtarget> ; # java/util/stream/AbstractPipeline$$Lambda+0x000000003d0d68d8
instanceKlass  @bci org/springframework/boot/context/properties/source/SpringIterableConfigurationPropertySource stream ()Ljava/util/stream/Stream; 9 <appendix> argL0 ; # org/springframework/boot/context/properties/source/SpringIterableConfigurationPropertySource$$Lambda+0x000000003d12da30
instanceKlass org/springframework/boot/context/properties/source/FilteredConfigurationPropertiesSource
instanceKlass  @bci org/springframework/boot/context/properties/bind/IndexedElementsBinder getKnownIndexedChildren (Lorg/springframework/boot/context/properties/source/IterableConfigurationPropertySource;Lorg/springframework/boot/context/properties/source/ConfigurationPropertyName;)Ljava/util/Set; 15 <appendix> member <vmtarget> ; # org/springframework/boot/context/properties/bind/IndexedElementsBinder$$Lambda+0x000000003d12d1d8
instanceKlass  @bci org/springframework/boot/context/properties/bind/ArrayBinder bindAggregate (Lorg/springframework/boot/context/properties/source/ConfigurationPropertyName;Lorg/springframework/boot/context/properties/bind/Bindable;Lorg/springframework/boot/context/properties/bind/AggregateElementBinder;)Ljava/lang/Object; 4 <appendix> argL0 ; # org/springframework/boot/context/properties/bind/ArrayBinder$$Lambda+0x000000003d12cfb0
instanceKlass org/springframework/boot/context/properties/bind/AggregateBinder$AggregateSupplier
instanceKlass  @bci org/springframework/boot/context/properties/bind/Binder bindAggregate (Lorg/springframework/boot/context/properties/source/ConfigurationPropertyName;Lorg/springframework/boot/context/properties/bind/Bindable;Lorg/springframework/boot/context/properties/bind/BindHandler;Lorg/springframework/boot/context/properties/bind/Binder$Context;Lorg/springframework/boot/context/properties/bind/AggregateBinder;)Ljava/lang/Object; 19 <appendix> member <vmtarget> ; # org/springframework/boot/context/properties/bind/Binder$$Lambda+0x000000003d12c930
instanceKlass  @bci org/springframework/boot/context/properties/bind/Binder bindAggregate (Lorg/springframework/boot/context/properties/source/ConfigurationPropertyName;Lorg/springframework/boot/context/properties/bind/Bindable;Lorg/springframework/boot/context/properties/bind/BindHandler;Lorg/springframework/boot/context/properties/bind/Binder$Context;Lorg/springframework/boot/context/properties/bind/AggregateBinder;)Ljava/lang/Object; 6 <appendix> member <vmtarget> ; # org/springframework/boot/context/properties/bind/Binder$$Lambda+0x000000003d12c6f0
instanceKlass org/springframework/boot/context/properties/bind/AggregateElementBinder
instanceKlass  @bci org/springframework/boot/tomcat/TomcatWebServer startNonDaemonAwaitThread ()V 11 <appendix> form vmentry <vmtarget> ; # java/lang/invoke/LambdaForm$MH+0x000000003d129c00
# instanceKlass java/lang/invoke/LambdaForm$MH+0x000000003d129800
# instanceKlass java/lang/invoke/LambdaForm$MH+0x000000003d129400
# instanceKlass java/lang/invoke/LambdaForm$MH+0x000000003d129000
instanceKlass org/springframework/boot/context/config/StandardConfigDataLocationResolver
instanceKlass  @bci org/springframework/boot/context/config/LocationResourceLoader <clinit> ()V 18 <appendix> argL0 ; # org/springframework/boot/context/config/LocationResourceLoader$$Lambda+0x000000003d127cf8
instanceKlass  @bci java/util/Comparator comparing (Ljava/util/function/Function;)Ljava/util/Comparator; 6 <appendix> member <vmtarget> ; # java/util/Comparator$$Lambda+0x000000003d0d6630
instanceKlass  @cpi org/springframework/web/servlet/mvc/method/annotation/RequestMappingHandlerAdapter 1154 form vmentry <vmtarget> ; # java/lang/invoke/LambdaForm$DMH+0x000000003d128c00
instanceKlass  @bci org/springframework/boot/context/config/LocationResourceLoader <clinit> ()V 7 <appendix> argL0 ; # org/springframework/boot/context/config/LocationResourceLoader$$Lambda+0x000000003d127ab0
instanceKlass org/springframework/boot/context/config/LocationResourceLoader
instanceKlass org/springframework/boot/context/config/ConfigTreeConfigDataLocationResolver
instanceKlass org/springframework/boot/context/config/ConfigDataLocationResolver
instanceKlass  @bci org/springframework/boot/context/config/ConfigDataLocationResolvers <init> (Lorg/springframework/boot/logging/DeferredLogFactory;Lorg/springframework/boot/bootstrap/ConfigurableBootstrapContext;Lorg/springframework/boot/context/properties/bind/Binder;Lorg/springframework/core/io/ResourceLoader;Lorg/springframework/core/io/support/SpringFactoriesLoader;)V 77 <appendix> argL0 ; # org/springframework/boot/context/config/ConfigDataLocationResolvers$$Lambda+0x000000003d1271f8
instanceKlass org/springframework/boot/context/config/ConfigDataLocationResolvers
instanceKlass org/springframework/boot/context/properties/bind/BindResult
instanceKlass  @bci org/springframework/boot/context/properties/source/ConfigurationPropertySourcesCaching$CacheOverrides close ()V 4 <appendix> argL0 ; # org/springframework/boot/context/properties/source/ConfigurationPropertySourcesCaching$CacheOverrides$$Lambda+0x000000003d126710
instanceKlass  @cpi org/springframework/boot/context/properties/source/ConfigurationPropertySourcesCaching$CacheOverrides 63 form vmentry <vmtarget> ; # java/lang/invoke/LambdaForm$DMH+0x000000003d128800
instanceKlass org/springframework/boot/context/properties/bind/JavaBeanBinder$BeanProperties
instanceKlass org/springframework/boot/context/properties/bind/ValueObjectBinder$ValueObject
instanceKlass  @bci org/springframework/boot/context/properties/bind/ValueObjectBinder$Discoverer <clinit> ()V 35 <appendix> argL0 ; # org/springframework/boot/context/properties/bind/ValueObjectBinder$Discoverer$$Lambda+0x000000003d1259b8
instanceKlass  @bci org/springframework/boot/context/properties/bind/ValueObjectBinder$Discoverer <clinit> ()V 17 <appendix> argL0 ; # org/springframework/boot/context/properties/bind/ValueObjectBinder$Discoverer$$Lambda+0x000000003d125780
instanceKlass  @cpi reactor/core/Exceptions 372 form vmentry <vmtarget> ; # java/lang/invoke/LambdaForm$DMH+0x000000003d128400
instanceKlass org/springframework/core/StandardReflectionParameterNameDiscoverer
instanceKlass org/springframework/core/PrioritizedParameterNameDiscoverer
instanceKlass org/springframework/boot/context/properties/bind/ValueObjectBinder$Discoverer
instanceKlass org/springframework/core/ParameterNameDiscoverer
instanceKlass  @bci org/springframework/boot/context/properties/bind/Binder lambda$bindDataObject$1 (Lorg/springframework/boot/context/properties/bind/BindMethod;Lorg/springframework/boot/context/properties/source/ConfigurationPropertyName;Lorg/springframework/boot/context/properties/bind/Bindable;Lorg/springframework/boot/context/properties/bind/Binder$Context;Lorg/springframework/boot/context/properties/bind/DataObjectPropertyBinder;)Ljava/lang/Object; 8 <appendix> member <vmtarget> ; # org/springframework/boot/context/properties/bind/Binder$$Lambda+0x000000003d124a10
instanceKlass  @bci org/springframework/web/reactive/function/BodyInserters write (Lorg/reactivestreams/Publisher;Lorg/springframework/core/ResolvableType;Lorg/springframework/http/MediaType;Lorg/springframework/http/ReactiveHttpOutputMessage;Lorg/springframework/web/reactive/function/BodyInserter$Context;Lorg/springframework/http/codec/HttpMessageWriter;)Lreactor/core/publisher/Mono; 15 <appendix> form vmentry <vmtarget> ; # java/lang/invoke/LambdaForm$DMH+0x000000003d128000
instanceKlass  @bci org/springframework/boot/context/properties/bind/Binder bindDataObject (Lorg/springframework/boot/context/properties/source/ConfigurationPropertyName;Lorg/springframework/boot/context/properties/bind/Bindable;Lorg/springframework/boot/context/properties/bind/BindHandler;Lorg/springframework/boot/context/properties/bind/Binder$Context;Z)Ljava/lang/Object; 68 <appendix> member <vmtarget> ; # org/springframework/boot/context/properties/bind/Binder$$Lambda+0x000000003d1247e0
instanceKlass  @bci org/springframework/boot/context/properties/bind/Binder bindDataObject (Lorg/springframework/boot/context/properties/source/ConfigurationPropertyName;Lorg/springframework/boot/context/properties/bind/Bindable;Lorg/springframework/boot/context/properties/bind/BindHandler;Lorg/springframework/boot/context/properties/bind/Binder$Context;Z)Ljava/lang/Object; 52 <appendix> member <vmtarget> ; # org/springframework/boot/context/properties/bind/Binder$$Lambda+0x000000003d1245b0
instanceKlass org/springframework/boot/context/properties/bind/DataObjectPropertyBinder
instanceKlass  @bci org/springframework/boot/context/properties/source/ConfigurationPropertyName asSystemEnvironmentLegacyName ()Lorg/springframework/boot/context/properties/source/ConfigurationPropertyName; 13 <appendix> member <vmtarget> ; # org/springframework/boot/context/properties/source/ConfigurationPropertyName$$Lambda+0x000000003d124178
instanceKlass  @bci org/springframework/boot/context/properties/source/ConfigurationPropertySourcesCaching override ()Lorg/springframework/boot/context/properties/source/ConfigurationPropertyCaching$CacheOverride; 16 <appendix> member <vmtarget> ; # org/springframework/boot/context/properties/source/ConfigurationPropertySourcesCaching$$Lambda+0x000000003d1238a0
instanceKlass org/springframework/boot/context/properties/source/ConfigurationPropertySourcesCaching$CacheOverrides
instanceKlass org/springframework/boot/context/properties/bind/Binder$Context
instanceKlass org/springframework/boot/context/properties/bind/JavaBeanBinder
instanceKlass org/springframework/boot/context/properties/bind/ValueObjectBinder
instanceKlass org/springframework/boot/context/properties/bind/DataObjectBinder
instanceKlass org/springframework/boot/context/properties/bind/DefaultBindConstructorProvider
instanceKlass org/springframework/boot/context/properties/bind/BindConstructorProvider
instanceKlass org/springframework/boot/context/properties/bind/BindHandler$1
instanceKlass org/springframework/beans/TypeConverterDelegate
instanceKlass org/springframework/beans/PropertyEditorRegistrySupport
instanceKlass org/springframework/beans/PropertyEditorRegistry
instanceKlass org/springframework/beans/TypeConverter
instanceKlass java/beans/PropertyEditorSupport
instanceKlass java/beans/PropertyEditor
instanceKlass org/springframework/boot/context/properties/bind/BindConverter$TypeConverterConverter
instanceKlass org/springframework/boot/context/properties/bind/BindConverter
instanceKlass org/springframework/boot/context/properties/source/ConfigurationPropertySourcesCaching
instanceKlass org/springframework/boot/context/properties/bind/PropertySourcesPlaceholdersResolver
instanceKlass org/springframework/boot/context/properties/bind/AggregateBinder
instanceKlass org/springframework/boot/context/properties/bind/BindContext
instanceKlass org/springframework/boot/context/properties/bind/Binder
instanceKlass org/springframework/boot/context/config/ConfigDataLocation
instanceKlass org/springframework/boot/context/properties/bind/BindHandler
instanceKlass org/springframework/boot/context/properties/bind/PlaceholdersResolver
instanceKlass org/springframework/boot/origin/OriginProvider
instanceKlass org/springframework/boot/context/config/ConfigDataEnvironment
instanceKlass org/springframework/core/io/WritableResource
instanceKlass  @bci org/springframework/boot/support/SpringApplicationJsonEnvironmentPostProcessor postProcessEnvironment (Lorg/springframework/core/env/ConfigurableEnvironment;Lorg/springframework/boot/SpringApplication;)V 38 <appendix> member <vmtarget> ; # org/springframework/boot/support/SpringApplicationJsonEnvironmentPostProcessor$$Lambda+0x000000003d11a7f8
instanceKlass  @bci org/springframework/boot/support/SpringApplicationJsonEnvironmentPostProcessor postProcessEnvironment (Lorg/springframework/core/env/ConfigurableEnvironment;Lorg/springframework/boot/SpringApplication;)V 21 <appendix> argL0 ; # org/springframework/boot/support/SpringApplicationJsonEnvironmentPostProcessor$$Lambda+0x000000003d11a5a0
instanceKlass  @bci org/springframework/boot/support/SpringApplicationJsonEnvironmentPostProcessor postProcessEnvironment (Lorg/springframework/core/env/ConfigurableEnvironment;Lorg/springframework/boot/SpringApplication;)V 11 <appendix> argL0 ; # org/springframework/boot/support/SpringApplicationJsonEnvironmentPostProcessor$$Lambda+0x000000003d11a358
instanceKlass org/springframework/boot/support/SpringApplicationJsonEnvironmentPostProcessor$JsonPropertyValue
instanceKlass java/util/stream/Sink$OfInt
instanceKlass java/util/function/IntConsumer
instanceKlass  @bci java/util/stream/MatchOps makeInt (Ljava/util/function/IntPredicate;Ljava/util/stream/MatchOps$MatchKind;)Ljava/util/stream/TerminalOp; 20 <appendix> member <vmtarget> ; # java/util/stream/MatchOps$$Lambda+0x000000003d0d59d0
instanceKlass  @bci org/springframework/boot/context/properties/source/SystemEnvironmentPropertyMapper isNumber (Ljava/lang/String;)Z 4 <appendix> argL0 ; # org/springframework/boot/context/properties/source/SystemEnvironmentPropertyMapper$$Lambda+0x000000003d119ed8
instanceKlass java/util/function/IntPredicate
instanceKlass java/util/stream/IntStream
instanceKlass java/lang/StringLatin1$CharsSpliterator
instanceKlass java/util/Spliterator$OfInt
instanceKlass java/util/Spliterator$OfPrimitive
instanceKlass  @bci org/springframework/boot/context/properties/source/SystemEnvironmentPropertyMapper convertName (Ljava/lang/String;)Lorg/springframework/boot/context/properties/source/ConfigurationPropertyName; 4 <appendix> member <vmtarget> ; # org/springframework/boot/context/properties/source/SystemEnvironmentPropertyMapper$$Lambda+0x000000003d119c88
instanceKlass  @bci org/springframework/boot/context/properties/source/ConfigurationPropertyName buildToString (Lorg/springframework/boot/context/properties/source/ConfigurationPropertyName$ToStringFormat;)Ljava/lang/String; 66 <appendix> member <vmtarget> ; # org/springframework/boot/context/properties/source/ConfigurationPropertyName$$Lambda+0x000000003d119a58
instanceKlass  @bci org/springframework/boot/context/properties/source/ConfigurationPropertyName convertToUniformElement (Ljava/lang/CharSequence;)Ljava/lang/CharSequence; 3 <appendix> argL0 ; # org/springframework/boot/context/properties/source/ConfigurationPropertyName$$Lambda+0x000000003d119830
instanceKlass org/springframework/boot/context/properties/source/ConfigurationPropertyName$ElementCharPredicate
instanceKlass  @bci org/springframework/boot/context/properties/source/ConfigurationPropertyName buildToString (Lorg/springframework/boot/context/properties/source/ConfigurationPropertyName$ToStringFormat;)Ljava/lang/String; 51 <appendix> member <vmtarget> ; # org/springframework/boot/context/properties/source/ConfigurationPropertyName$$Lambda+0x000000003d1193f8
instanceKlass  @bci java/util/function/BiPredicate or (Ljava/util/function/BiPredicate;)Ljava/util/function/BiPredicate; 7 <appendix> member <vmtarget> ; # java/util/function/BiPredicate$$Lambda+0x000000003d0d3f90
instanceKlass  @cpi java/util/function/BiPredicate 60 form vmentry <vmtarget> ; # java/lang/invoke/LambdaForm$DMH+0x000000003d11c000
instanceKlass  @bci org/springframework/boot/context/properties/source/SystemEnvironmentPropertyMapper getAncestorOfCheck ()Ljava/util/function/BiPredicate; 1 <appendix> member <vmtarget> ; # org/springframework/boot/context/properties/source/SystemEnvironmentPropertyMapper$$Lambda+0x000000003d119198
instanceKlass  @bci org/springframework/boot/context/properties/source/SpringIterableConfigurationPropertySource$Cache add (Ljava/util/Map;Ljava/lang/Object;Ljava/lang/Object;)V 2 <appendix> argL0 ; # org/springframework/boot/context/properties/source/SpringIterableConfigurationPropertySource$Cache$$Lambda+0x000000003d1188e8
instanceKlass  @bci org/springframework/core/env/PropertiesPropertySource getPropertyNames ()[Ljava/lang/String; 37 <appendix> argL0 ; # org/springframework/core/env/PropertiesPropertySource$$Lambda+0x000000003d1186c0
instanceKlass  @bci org/springframework/core/env/PropertiesPropertySource getPropertyNames ()[Ljava/lang/String; 27 <appendix> argL0 ; # org/springframework/core/env/PropertiesPropertySource$$Lambda+0x000000003d118468
instanceKlass  @bci org/springframework/boot/context/properties/source/SpringIterableConfigurationPropertySource getCache ()Lorg/springframework/boot/context/properties/source/SpringIterableConfigurationPropertySource$Cache; 11 <appendix> member <vmtarget> ; # org/springframework/boot/context/properties/source/SpringIterableConfigurationPropertySource$$Lambda+0x000000003d118000
instanceKlass java/util/function/UnaryOperator
instanceKlass  @bci org/springframework/boot/context/properties/source/SpringIterableConfigurationPropertySource getCache ()Lorg/springframework/boot/context/properties/source/SpringIterableConfigurationPropertySource$Cache; 5 <appendix> member <vmtarget> ; # org/springframework/boot/context/properties/source/SpringIterableConfigurationPropertySource$$Lambda+0x000000003d111c68
instanceKlass org/springframework/boot/context/properties/source/SpringIterableConfigurationPropertySource$Cache
instanceKlass org/springframework/boot/context/properties/source/DefaultPropertyMapper$LastMapping
instanceKlass java/time/Clock
instanceKlass java/time/InstantSource
instanceKlass  @bci org/springframework/boot/context/properties/source/SoftReferenceConfigurationPropertyCache <clinit> ()V 6 <appendix> argL0 ; # org/springframework/boot/context/properties/source/SoftReferenceConfigurationPropertyCache$$Lambda+0x000000003d113bd0
instanceKlass  @cpi org/springframework/boot/tomcat/TomcatEmbeddedContext$DeferredStartupExceptions 30 form vmentry <vmtarget> ; # java/lang/invoke/LambdaForm$DMH+0x000000003d111400
instanceKlass org/springframework/boot/context/properties/source/ConfigurationPropertyCaching$CacheOverride
instanceKlass org/springframework/boot/context/properties/source/SoftReferenceConfigurationPropertyCache
instanceKlass org/springframework/boot/context/properties/source/ConfigurationPropertyCaching
instanceKlass org/springframework/boot/context/properties/source/SystemEnvironmentPropertyMapper
instanceKlass  @bci org/springframework/boot/context/properties/source/PropertyMapper <clinit> ()V 0 <appendix> argL0 ; # org/springframework/boot/context/properties/source/PropertyMapper$$Lambda+0x000000003d113088
instanceKlass java/util/function/BiPredicate
instanceKlass org/springframework/boot/context/properties/source/DefaultPropertyMapper
instanceKlass org/springframework/boot/context/properties/source/PropertyMapper
instanceKlass org/springframework/boot/context/properties/source/CachingConfigurationPropertySource
instanceKlass org/springframework/boot/context/properties/source/IterableConfigurationPropertySource
instanceKlass org/springframework/boot/context/properties/source/SpringConfigurationPropertySource
instanceKlass  @bci org/springframework/boot/context/properties/source/SpringConfigurationPropertySources iterator ()Ljava/util/Iterator; 14 <appendix> member <vmtarget> ; # org/springframework/boot/context/properties/source/SpringConfigurationPropertySources$$Lambda+0x000000003d117c48
instanceKlass org/springframework/boot/context/properties/source/SpringConfigurationPropertySources$SourcesIterator
instanceKlass org/springframework/boot/origin/Origin
instanceKlass  @bci sun/security/provider/AbstractDrbg <clinit> ()V 12 <appendix> argL0 ; # sun/security/provider/AbstractDrbg$$Lambda+0x000000003d0d3b60
instanceKlass  @cpi sun/security/provider/AbstractDrbg 383 form vmentry <vmtarget> ; # java/lang/invoke/LambdaForm$DMH+0x000000003d111000
# instanceKlass java/lang/invoke/LambdaForm$DMH+0x000000003d110c00
instanceKlass sun/security/provider/EntropySource
instanceKlass sun/security/provider/AbstractDrbg
instanceKlass java/security/DrbgParameters$Instantiation
instanceKlass java/security/DrbgParameters
instanceKlass sun/security/provider/MoreDrbgParameters
instanceKlass java/security/SecureRandomSpi
instanceKlass sun/security/util/SecurityProviderConstants
instanceKlass java/security/Provider$UString
instanceKlass java/security/Provider$Service
instanceKlass sun/security/provider/NativePRNG$NonBlocking
instanceKlass sun/security/provider/NativePRNG$Blocking
instanceKlass sun/security/provider/NativePRNG
instanceKlass sun/security/provider/SunEntries
instanceKlass sun/security/util/SecurityConstants
instanceKlass java/util/AbstractList$Itr
instanceKlass jdk/internal/math/FloatingDecimal$ASCIIToBinaryBuffer
instanceKlass jdk/internal/math/MathUtils
instanceKlass jdk/internal/math/FloatingDecimal$PreparedASCIIToBinaryBuffer
instanceKlass jdk/internal/math/FloatingDecimal$ASCIIToBinaryConverter
instanceKlass jdk/internal/math/FloatingDecimal$BinaryToASCIIBuffer
instanceKlass jdk/internal/math/FloatingDecimal$ExceptionalBinaryToASCIIBuffer
instanceKlass jdk/internal/math/FloatingDecimal$BinaryToASCIIConverter
instanceKlass jdk/internal/math/FloatingDecimal
instanceKlass javax/security/auth/login/Configuration$Parameters
instanceKlass java/security/Policy$Parameters
instanceKlass javax/crypto/KDFParameters
instanceKlass java/security/cert/CertStoreParameters
instanceKlass java/security/SecureRandomParameters
instanceKlass java/security/Provider$EngineDescription
instanceKlass  @bci java/security/Provider <clinit> ()V 28 <appendix> argL0 ; # java/security/Provider$$Lambda+0x000000003d0cdf70
instanceKlass java/security/Provider$ServiceKey
instanceKlass sun/security/jca/ProviderConfig
instanceKlass sun/security/jca/ProviderList
instanceKlass sun/security/jca/Providers
instanceKlass org/springframework/aot/AotDetector
instanceKlass  @bci java/util/stream/Collectors toCollection (Ljava/util/function/Supplier;)Ljava/util/stream/Collector; 10 <appendix> argL0 ; # java/util/stream/Collectors$$Lambda+0x000000003d0cbcc8
instanceKlass  @bci java/util/stream/Collectors toCollection (Ljava/util/function/Supplier;)Ljava/util/stream/Collector; 5 <appendix> argL0 ; # java/util/stream/Collectors$$Lambda+0x000000003d0cba90
instanceKlass  @bci org/springframework/boot/support/SpringFactoriesEnvironmentPostProcessorsFactory getEnvironmentPostProcessors (Lorg/springframework/boot/logging/DeferredLogFactory;Lorg/springframework/boot/bootstrap/ConfigurableBootstrapContext;)Ljava/util/List; 99 <appendix> argL0 ; # org/springframework/boot/support/SpringFactoriesEnvironmentPostProcessorsFactory$$Lambda+0x000000003d1154d8
instanceKlass  @bci org/springframework/boot/support/SpringFactoriesEnvironmentPostProcessorsFactory getEnvironmentPostProcessors (Lorg/springframework/boot/logging/DeferredLogFactory;Lorg/springframework/boot/bootstrap/ConfigurableBootstrapContext;)Ljava/util/List; 89 <appendix> argL0 ; # org/springframework/boot/support/SpringFactoriesEnvironmentPostProcessorsFactory$$Lambda+0x000000003d115290
instanceKlass org/springframework/boot/env/EnvironmentPostProcessor
instanceKlass org/springframework/boot/reactor/ReactorEnvironmentPostProcessor
instanceKlass org/springframework/boot/support/SystemEnvironmentPropertySourceEnvironmentPostProcessor
instanceKlass org/springframework/boot/support/SpringApplicationJsonEnvironmentPostProcessor
instanceKlass org/springframework/boot/support/RandomValuePropertySourceEnvironmentPostProcessor
instanceKlass org/springframework/boot/context/config/ConfigDataEnvironmentPostProcessor
instanceKlass  @bci org/springframework/boot/logging/DeferredLogs getLog (Ljava/lang/Class;)Lorg/apache/commons/logging/Log; 2 <appendix> member <vmtarget> ; # org/springframework/boot/logging/DeferredLogs$$Lambda+0x000000003d10f960
instanceKlass org/springframework/boot/cloud/CloudFoundryVcapEnvironmentPostProcessor
instanceKlass org/springframework/boot/devtools/env/DevToolsPropertyDefaultsPostProcessor
instanceKlass org/springframework/boot/env/YamlPropertySourceLoader
instanceKlass org/yaml/snakeyaml/Yaml
instanceKlass org/springframework/boot/env/PropertiesPropertySourceLoader
instanceKlass org/springframework/boot/env/PropertySourceLoader
instanceKlass org/springframework/boot/devtools/env/DevToolsHomePropertiesPostProcessor
instanceKlass org/springframework/boot/EnvironmentPostProcessor
instanceKlass org/springframework/boot/support/SpringFactoriesEnvironmentPostProcessorsFactory
instanceKlass  @bci org/springframework/boot/SpringApplicationRunListeners environmentPrepared (Lorg/springframework/boot/bootstrap/ConfigurableBootstrapContext;Lorg/springframework/core/env/ConfigurableEnvironment;)V 5 <appendix> member <vmtarget> ; # org/springframework/boot/SpringApplicationRunListeners$$Lambda+0x000000003d10e298
instanceKlass org/springframework/boot/context/properties/source/ConfigurationPropertySource
instanceKlass org/springframework/boot/context/properties/source/SpringConfigurationPropertySources
instanceKlass jdk/internal/vm/ThreadContainers
instanceKlass jdk/internal/vm/StackableScope
instanceKlass java/util/concurrent/LinkedTransferQueue$DualNode
instanceKlass java/util/concurrent/ForkJoinPool$ManagedBlocker
instanceKlass java/util/concurrent/TransferQueue
instanceKlass java/util/concurrent/ThreadPoolExecutor$AbortPolicy
instanceKlass java/util/concurrent/RejectedExecutionHandler
instanceKlass java/util/concurrent/AbstractExecutorService
instanceKlass java/util/concurrent/Executors
instanceKlass  @bci java/lang/ProcessHandleImpl initReaper ()Ljava/util/concurrent/Executor; 45 <appendix> form vmentry <vmtarget> ; # java/lang/invoke/LambdaForm$DMH+0x000000003d110800
instanceKlass  @bci java/lang/ProcessHandleImpl initReaper ()Ljava/util/concurrent/Executor; 45 <appendix> member <vmtarget> ; # java/lang/ProcessHandleImpl$$Lambda+0x000000003d0c9528
instanceKlass  @cpi java/lang/ProcessHandleImpl 358 form vmentry <vmtarget> ; # java/lang/invoke/LambdaForm$DMH+0x000000003d110400
# instanceKlass java/lang/invoke/LambdaForm$DMH+0x000000003d110000
instanceKlass jdk/internal/util/random/RandomSupport
instanceKlass java/util/Random
instanceKlass java/util/random/RandomGenerator
instanceKlass java/lang/ProcessHandleImpl
instanceKlass java/lang/ProcessHandle
instanceKlass org/springframework/boot/system/ApplicationPid
instanceKlass org/springframework/boot/convert/CharSequenceToObjectConverter
instanceKlass org/springframework/boot/convert/LenientObjectToEnumConverterFactory
instanceKlass sun/reflect/generics/tree/ByteSignature
instanceKlass org/springframework/boot/convert/InputStreamSourceToByteArrayConverter
instanceKlass org/springframework/boot/convert/StringToFileConverter
instanceKlass org/springframework/boot/convert/NumberToDataSizeConverter
instanceKlass org/springframework/util/unit/DataSize
instanceKlass org/springframework/boot/convert/StringToDataSizeConverter
instanceKlass org/springframework/boot/convert/NumberToPeriodConverter
instanceKlass org/springframework/boot/convert/PeriodToStringConverter
instanceKlass org/springframework/boot/convert/StringToPeriodConverter
instanceKlass org/springframework/boot/convert/DurationToNumberConverter
instanceKlass org/springframework/boot/convert/NumberToDurationConverter
instanceKlass org/springframework/boot/convert/DurationToStringConverter
instanceKlass org/springframework/boot/convert/StringToDurationConverter
instanceKlass org/springframework/boot/convert/DelimitedStringToCollectionConverter
instanceKlass org/springframework/boot/convert/DelimitedStringToArrayConverter
instanceKlass org/springframework/boot/convert/CollectionToDelimitedStringConverter
instanceKlass org/springframework/boot/convert/ArrayToDelimitedStringConverter
instanceKlass org/springframework/boot/convert/IsoOffsetFormatter
instanceKlass org/springframework/boot/convert/InetAddressFormatter
instanceKlass  @bci org/springframework/format/support/FormattingConversionService getFieldType (Ljava/lang/Object;Ljava/lang/Class;)Ljava/lang/Class; 39 <appendix> member <vmtarget> ; # org/springframework/format/support/FormattingConversionService$$Lambda+0x000000003d10a808
instanceKlass sun/reflect/generics/tree/ArrayTypeSignature
instanceKlass sun/reflect/generics/tree/CharSignature
instanceKlass org/springframework/boot/convert/CharArrayFormatter
instanceKlass org/springframework/format/annotation/DurationFormat
instanceKlass org/springframework/format/annotation/DateTimeFormat
instanceKlass org/springframework/format/datetime/standard/MonthDayFormatter
instanceKlass java/time/MonthDay
instanceKlass org/springframework/format/datetime/standard/YearMonthFormatter
instanceKlass java/time/YearMonth
instanceKlass org/springframework/format/datetime/standard/MonthFormatter
instanceKlass org/springframework/format/datetime/standard/YearFormatter
instanceKlass org/springframework/format/datetime/standard/DurationFormatter
instanceKlass org/springframework/format/datetime/standard/PeriodFormatter
instanceKlass org/springframework/format/datetime/standard/InstantFormatter
instanceKlass java/time/OffsetTime
instanceKlass org/springframework/format/support/FormattingConversionService$ParserConverter
instanceKlass org/springframework/format/support/FormattingConversionService$PrinterConverter
instanceKlass org/springframework/format/datetime/standard/TemporalAccessorParser
instanceKlass org/springframework/format/datetime/standard/TemporalAccessorPrinter
instanceKlass java/time/format/DateTimeFormatterBuilder$LocalizedPrinterParser
instanceKlass org/springframework/format/datetime/standard/DateTimeConverters$InstantToLongConverter
instanceKlass org/springframework/format/datetime/standard/DateTimeConverters$LongToInstantConverter
instanceKlass org/springframework/format/datetime/standard/DateTimeConverters$CalendarToInstantConverter
instanceKlass org/springframework/format/datetime/standard/DateTimeConverters$CalendarToLocalDateTimeConverter
instanceKlass org/springframework/format/datetime/standard/DateTimeConverters$CalendarToLocalTimeConverter
instanceKlass org/springframework/format/datetime/standard/DateTimeConverters$CalendarToLocalDateConverter
instanceKlass org/springframework/format/datetime/standard/DateTimeConverters$CalendarToOffsetDateTimeConverter
instanceKlass org/springframework/format/datetime/standard/DateTimeConverters$CalendarToZonedDateTimeConverter
instanceKlass org/springframework/format/datetime/standard/DateTimeConverters$OffsetDateTimeToInstantConverter
instanceKlass org/springframework/format/datetime/standard/DateTimeConverters$OffsetDateTimeToZonedDateTimeConverter
instanceKlass org/springframework/format/datetime/standard/DateTimeConverters$OffsetDateTimeToLocalDateTimeConverter
instanceKlass org/springframework/format/datetime/standard/DateTimeConverters$OffsetDateTimeToLocalTimeConverter
instanceKlass org/springframework/format/datetime/standard/DateTimeConverters$OffsetDateTimeToLocalDateConverter
instanceKlass org/springframework/format/datetime/standard/DateTimeConverters$ZonedDateTimeToInstantConverter
instanceKlass java/time/OffsetDateTime
instanceKlass org/springframework/format/datetime/standard/DateTimeConverters$ZonedDateTimeToOffsetDateTimeConverter
instanceKlass org/springframework/format/datetime/standard/DateTimeConverters$ZonedDateTimeToLocalDateTimeConverter
instanceKlass org/springframework/format/datetime/standard/DateTimeConverters$ZonedDateTimeToLocalTimeConverter
instanceKlass org/springframework/format/datetime/standard/DateTimeConverters$ZonedDateTimeToLocalDateConverter
instanceKlass org/springframework/format/datetime/standard/DateTimeConverters$LocalDateTimeToLocalTimeConverter
instanceKlass org/springframework/format/datetime/standard/DateTimeConverters$LocalDateTimeToLocalDateConverter
instanceKlass org/springframework/format/datetime/DateFormatterRegistrar$LongToCalendarConverter
instanceKlass org/springframework/format/datetime/DateFormatterRegistrar$LongToDateConverter
instanceKlass org/springframework/format/datetime/DateFormatterRegistrar$CalendarToLongConverter
instanceKlass org/springframework/format/datetime/DateFormatterRegistrar$CalendarToDateConverter
instanceKlass org/springframework/format/datetime/DateFormatterRegistrar$DateToCalendarConverter
instanceKlass org/springframework/format/datetime/DateFormatterRegistrar$DateToLongConverter
instanceKlass org/springframework/format/datetime/DateFormatterRegistrar
instanceKlass org/springframework/format/datetime/standard/DateTimeConverters
instanceKlass org/springframework/format/datetime/standard/DateTimeFormatterFactory
instanceKlass org/springframework/format/datetime/standard/DateTimeFormatterRegistrar
instanceKlass org/springframework/format/FormatterRegistrar
instanceKlass org/springframework/format/support/FormattingConversionService$AnnotationParserConverter
instanceKlass org/springframework/format/support/FormattingConversionService$AnnotationPrinterConverter
instanceKlass org/springframework/util/NumberUtils
instanceKlass  @bci org/springframework/core/GenericTypeResolver getSingleGeneric (Lorg/springframework/core/ResolvableType;)Ljava/lang/Class; 15 <appendix> member <vmtarget> ; # org/springframework/core/GenericTypeResolver$$Lambda+0x000000003d102670
instanceKlass org/springframework/format/annotation/NumberFormat
instanceKlass org/springframework/core/GenericTypeResolver
instanceKlass org/springframework/context/support/EmbeddedValueResolutionSupport
instanceKlass org/springframework/format/AnnotationFormatterFactory
instanceKlass org/springframework/core/convert/support/OptionalToObjectConverter
instanceKlass org/springframework/core/convert/support/ObjectToOptionalConverter
instanceKlass org/springframework/core/convert/support/FallbackObjectToStringConverter
instanceKlass org/springframework/core/convert/support/IdToEntityConverter
instanceKlass org/springframework/core/convert/support/ObjectToObjectConverter
instanceKlass java/time/ZonedDateTime
instanceKlass java/time/chrono/ChronoZonedDateTime
instanceKlass java/util/Calendar
instanceKlass org/springframework/core/convert/support/ZonedDateTimeToCalendarConverter
instanceKlass org/springframework/core/convert/support/ZoneIdToTimeZoneConverter
instanceKlass org/springframework/core/convert/support/StringToTimeZoneConverter
instanceKlass org/springframework/core/convert/support/InstantToDateConverter
instanceKlass java/util/Date
instanceKlass org/springframework/core/convert/support/DateToInstantConverter
instanceKlass org/springframework/core/convert/support/ByteBufferConverter
instanceKlass  @bci org/springframework/core/convert/TypeDescriptor <init> (Lorg/springframework/core/ResolvableType;Ljava/lang/Class;[Ljava/lang/annotation/Annotation;)V 27 <appendix> member <vmtarget> ; # org/springframework/core/convert/TypeDescriptor$$Lambda+0x000000003d0bf8e8
instanceKlass java/lang/invoke/TypeConvertingMethodAdapter$1
instanceKlass java/lang/classfile/constantpool/IntegerEntry
instanceKlass sun/invoke/util/BytecodeDescriptor
instanceKlass java/lang/invoke/InnerClassLambdaMetafactory$4
instanceKlass java/lang/invoke/InnerClassLambdaMetafactory$SerializationSupport
instanceKlass org/springframework/core/annotation/AnnotatedElementAdapter
instanceKlass org/springframework/core/convert/TypeDescriptor$AnnotatedElementSupplier
instanceKlass org/springframework/core/convert/TypeDescriptor
instanceKlass org/springframework/core/convert/support/StreamConverter
instanceKlass org/springframework/core/convert/support/ObjectToCollectionConverter
instanceKlass org/springframework/core/convert/support/CollectionToObjectConverter
instanceKlass org/springframework/core/convert/support/StringToCollectionConverter
instanceKlass org/springframework/core/convert/support/ObjectToArrayConverter
instanceKlass org/springframework/core/convert/support/ArrayToObjectConverter
instanceKlass org/springframework/core/convert/support/StringToArrayConverter
instanceKlass org/springframework/core/convert/support/CollectionToStringConverter
instanceKlass org/springframework/core/convert/support/ArrayToStringConverter
instanceKlass org/springframework/core/convert/support/MapToMapConverter
instanceKlass org/springframework/core/convert/support/CollectionToCollectionConverter
instanceKlass org/springframework/core/convert/support/ArrayToArrayConverter
instanceKlass org/springframework/core/convert/support/CollectionToArrayConverter
instanceKlass org/springframework/core/convert/support/ArrayToCollectionConverter
instanceKlass org/springframework/core/convert/support/StringToPatternConverter
instanceKlass java/util/UUID
instanceKlass org/springframework/core/convert/support/StringToUUIDConverter
instanceKlass org/springframework/core/convert/support/PropertiesToStringConverter
instanceKlass org/springframework/core/convert/support/StringToPropertiesConverter
instanceKlass java/util/Currency
instanceKlass org/springframework/core/convert/support/StringToCurrencyConverter
instanceKlass org/springframework/core/convert/support/StringToCharsetConverter
instanceKlass org/springframework/core/convert/support/StringToLocaleConverter
instanceKlass org/springframework/core/convert/support/IntegerToEnumConverterFactory
instanceKlass sun/reflect/generics/tree/Wildcard
instanceKlass sun/reflect/generics/tree/BottomSignature
instanceKlass org/springframework/core/convert/support/AbstractConditionalEnumConverter
instanceKlass org/springframework/core/convert/support/StringToEnumConverterFactory
instanceKlass org/springframework/core/convert/support/StringToBooleanConverter
instanceKlass org/springframework/core/convert/support/CharacterToNumberFactory
instanceKlass org/springframework/core/convert/support/NumberToCharacterConverter
instanceKlass org/springframework/core/convert/support/StringToCharacterConverter
instanceKlass org/springframework/core/convert/support/GenericConversionService$ConverterAdapter
instanceKlass org/springframework/core/convert/support/ObjectToStringConverter
instanceKlass org/springframework/core/convert/support/StringToNumberConverterFactory
instanceKlass java/util/concurrent/ConcurrentLinkedDeque$Node
instanceKlass  @bci org/springframework/core/convert/support/GenericConversionService$Converters getMatchableConverters (Lorg/springframework/core/convert/converter/GenericConverter$ConvertiblePair;)Lorg/springframework/core/convert/support/GenericConversionService$ConvertersForPair; 5 <appendix> argL0 ; # org/springframework/core/convert/support/GenericConversionService$Converters$$Lambda+0x000000003d0ba378
instanceKlass org/springframework/core/convert/support/GenericConversionService$ConvertersForPair
instanceKlass org/springframework/core/convert/converter/GenericConverter$ConvertiblePair
instanceKlass org/springframework/core/convert/support/GenericConversionService$ConverterFactoryAdapter
instanceKlass org/springframework/core/convert/converter/ConditionalGenericConverter
instanceKlass org/springframework/core/convert/support/NumberToNumberConverterFactory
instanceKlass org/springframework/core/convert/converter/ConditionalConverter
instanceKlass org/springframework/core/convert/support/GenericConversionService$Converters
instanceKlass org/springframework/core/convert/support/GenericConversionService$NoOpConverter
instanceKlass org/springframework/format/Formatter
instanceKlass org/springframework/core/convert/converter/ConverterFactory
instanceKlass org/springframework/core/convert/converter/Converter
instanceKlass org/springframework/format/Parser
instanceKlass org/springframework/format/Printer
instanceKlass org/springframework/core/convert/converter/GenericConverter
instanceKlass org/springframework/core/convert/support/GenericConversionService
instanceKlass org/springframework/context/EmbeddedValueResolverAware
instanceKlass org/springframework/format/FormatterRegistry
instanceKlass javax/naming/spi/NamingManager
instanceKlass com/sun/naming/internal/VersionHelper$InputStreamEnumeration
instanceKlass javax/naming/NamingEnumeration
instanceKlass com/sun/naming/internal/VersionHelper
instanceKlass com/sun/naming/internal/ResourceManager
instanceKlass org/springframework/jndi/JndiAccessor
instanceKlass org/springframework/util/PlaceholderParser
instanceKlass org/springframework/util/PropertyPlaceholderHelper
instanceKlass org/springframework/util/PropertyPlaceholderHelper$PlaceholderResolver
instanceKlass org/springframework/util/SystemPropertyUtils
instanceKlass org/springframework/core/SpringProperties
instanceKlass org/springframework/core/env/AbstractPropertyResolver
instanceKlass org/springframework/boot/origin/OriginLookup
instanceKlass org/springframework/boot/context/properties/source/ConfigurationPropertySources
instanceKlass org/springframework/core/env/MutablePropertySources
instanceKlass javax/naming/InitialContext
instanceKlass javax/naming/Context
instanceKlass org/springframework/core/env/PropertySources
instanceKlass org/springframework/core/env/AbstractEnvironment
instanceKlass org/springframework/web/context/ConfigurableWebEnvironment
instanceKlass org/springframework/boot/web/server/servlet/context/ServletWebServerApplicationContextFactory
instanceKlass org/springframework/boot/web/server/reactive/context/ReactiveWebServerApplicationContextFactory
instanceKlass  @bci org/springframework/boot/DefaultApplicationContextFactory createEnvironment (Lorg/springframework/boot/WebApplicationType;)Lorg/springframework/core/env/ConfigurableEnvironment; 2 <appendix> argL0 ; # org/springframework/boot/DefaultApplicationContextFactory$$Lambda+0x000000003d0b1290
instanceKlass org/springframework/core/env/CommandLineArgs
instanceKlass org/springframework/core/env/SimpleCommandLineArgsParser
instanceKlass org/springframework/boot/DefaultApplicationArguments
instanceKlass java/util/logging/LogManager$CloseOnReset
instanceKlass java/util/logging/ErrorManager
instanceKlass jdk/internal/logger/SimpleConsoleLogger$Formatting
instanceKlass sun/util/logging/PlatformLogger
instanceKlass sun/util/logging/PlatformLogger$ConfigurableBridge$LoggerConfiguration
instanceKlass  @bci java/util/logging/SimpleFormatter <init> ()V 5 <appendix> argL0 ; # java/util/logging/SimpleFormatter$$Lambda+0x000000003d03fa58
instanceKlass java/util/logging/Formatter
instanceKlass jdk/internal/logger/BootstrapLogger$BootstrapExecutors
instanceKlass jdk/internal/logger/BootstrapLogger$RedirectedLoggers
instanceKlass jdk/internal/logger/BootstrapLogger$DetectBackend
instanceKlass jdk/internal/logger/BootstrapLogger
instanceKlass sun/util/logging/PlatformLogger$ConfigurableBridge
instanceKlass sun/util/logging/PlatformLogger$Bridge
instanceKlass java/lang/System$Logger
instanceKlass  @bci java/util/stream/MatchOps makeRef (Ljava/util/function/Predicate;Ljava/util/stream/MatchOps$MatchKind;)Ljava/util/stream/TerminalOp; 20 <appendix> member <vmtarget> ; # java/util/stream/MatchOps$$Lambda+0x800000004
instanceKlass java/util/stream/MatchOps$BooleanTerminalSink
instanceKlass java/util/stream/MatchOps$MatchOp
instanceKlass java/util/stream/MatchOps
instanceKlass java/util/stream/Streams
instanceKlass java/util/stream/Stream$Builder
instanceKlass java/util/stream/Streams$AbstractStreamBuilderImpl
instanceKlass java/util/stream/ReferencePipeline$7$1FlatMap
instanceKlass  @bci java/util/logging/Level$KnownLevel findByName (Ljava/lang/String;Ljava/util/function/Function;)Ljava/util/Optional; 29 <appendix> argL0 ; # java/util/logging/Level$KnownLevel$$Lambda+0x800000022
instanceKlass  @bci java/util/logging/Level findLevel (Ljava/lang/String;)Ljava/util/logging/Level; 13 <appendix> argL0 ; # java/util/logging/Level$$Lambda+0x80000001f
instanceKlass java/util/Hashtable$Enumerator
instanceKlass java/util/Collections$3
instanceKlass java/util/logging/LogManager$VisitedLoggers
instanceKlass java/nio/file/Paths
instanceKlass java/util/logging/Logger$ConfigurationData
instanceKlass java/util/logging/Logger$LoggerBundle
instanceKlass java/util/logging/Logger
instanceKlass java/lang/System$LoggerFinder
instanceKlass java/util/logging/LogManager$LoggingProviderAccess
instanceKlass sun/util/logging/internal/LoggingProviderImpl$LogManagerAccess
instanceKlass java/lang/Shutdown$Lock
instanceKlass java/lang/Shutdown
instanceKlass java/lang/ApplicationShutdownHooks$1
instanceKlass java/lang/ApplicationShutdownHooks
instanceKlass java/util/Collections$SynchronizedMap
instanceKlass java/util/logging/LogManager$LogNode
instanceKlass java/util/logging/LogManager$LoggerContext
instanceKlass  @bci java/util/logging/Level$KnownLevel add (Ljava/util/logging/Level;)V 49 <appendix> argL0 ; # java/util/logging/Level$KnownLevel$$Lambda+0x800000021
instanceKlass  @bci java/util/logging/Level$KnownLevel add (Ljava/util/logging/Level;)V 19 <appendix> argL0 ; # java/util/logging/Level$KnownLevel$$Lambda+0x800000020
instanceKlass java/util/logging/Level
instanceKlass java/util/logging/Handler
instanceKlass  @bci org/springframework/boot/logging/logback/LogbackLoggingSystem getLoggerContext ()Lch/qos/logback/classic/LoggerContext; 11 <appendix> member <vmtarget> ; # org/springframework/boot/logging/logback/LogbackLoggingSystem$$Lambda+0x000000003d0b0000
instanceKlass org/springframework/boot/logging/AbstractLoggingSystem$LogLevels
instanceKlass org/springframework/boot/logging/LoggerConfigurationComparator
instanceKlass ch/qos/logback/classic/spi/LoggerContextListener
instanceKlass org/springframework/boot/logging/logback/LogbackConfigurator
instanceKlass org/springframework/boot/logging/LoggingSystemProperties
instanceKlass org/springframework/beans/factory/aot/BeanFactoryInitializationAotProcessor
instanceKlass org/springframework/boot/logging/logback/LogbackLoggingSystem$Factory
instanceKlass org/springframework/boot/logging/log4j2/Log4J2LoggingSystem$Factory
instanceKlass org/springframework/boot/logging/java/JavaLoggingSystem$Factory
instanceKlass  @bci org/springframework/boot/logging/LoggingSystemFactory fromSpringFactories ()Lorg/springframework/boot/logging/LoggingSystemFactory; 4 <appendix> argL0 ; # org/springframework/boot/logging/LoggingSystemFactory$$Lambda+0x000000003d0aa6b0
instanceKlass org/springframework/boot/logging/DelegatingLoggingSystemFactory
instanceKlass org/springframework/boot/logging/LoggingSystemFactory
instanceKlass org/springframework/boot/logging/LoggingSystem
instanceKlass java/util/Spliterators$EmptySpliterator
# instanceKlass java/lang/invoke/LambdaForm$MH+0x000000003d0ad800
# instanceKlass java/lang/invoke/LambdaForm$MH+0x000000003d0ad400
# instanceKlass java/lang/invoke/LambdaForm$MH+0x000000003d0ad000
instanceKlass br/com/CarSearch/carSearch_backend/CarSearchBackendApplication
instanceKlass  @bci org/springframework/web/reactive/function/client/WebClientUtils getRequestDescription (Lorg/springframework/http/HttpMethod;Ljava/net/URI;)Ljava/lang/String; 49 <appendix> form vmentry <vmtarget> ; # java/lang/invoke/LambdaForm$MH+0x000000003d0ac400
instanceKlass  @bci org/springframework/boot/devtools/restart/FailureHandler <clinit> ()V 0 <appendix> argL0 ; # org/springframework/boot/devtools/restart/FailureHandler$$Lambda+0x000000003d0a95c0
instanceKlass org/springframework/boot/devtools/restart/FailureHandler
instanceKlass  @bci org/springframework/boot/devtools/restart/Restarter immediateRestart ()V 5 <appendix> member <vmtarget> ; # org/springframework/boot/devtools/restart/Restarter$$Lambda+0x000000003d0a8f38
instanceKlass jdk/internal/reflect/FieldAccessorImpl
instanceKlass jdk/internal/reflect/FieldAccessor
instanceKlass org/springframework/asm/ClassVisitor
instanceKlass org/springframework/cglib/core/ClassNameReader
instanceKlass java/util/concurrent/LinkedBlockingDeque$Node
instanceKlass java/lang/Thread$ThreadNumbering
instanceKlass org/springframework/boot/devtools/restart/MainMethod
instanceKlass  @bci org/springframework/boot/devtools/settings/DevToolsSettings add (Ljava/util/Map;)V 50 <appendix> member <vmtarget> ; # org/springframework/boot/devtools/settings/DevToolsSettings$$Lambda+0x000000003d0a0c00
instanceKlass  @bci org/springframework/boot/devtools/settings/DevToolsSettings getPatterns (Ljava/util/Map;Ljava/lang/String;)Ljava/util/Map; 11 <appendix> member <vmtarget> ; # org/springframework/boot/devtools/settings/DevToolsSettings$$Lambda+0x000000003d0a1d68
instanceKlass org/springframework/boot/devtools/settings/DevToolsSettings
instanceKlass java/util/jar/JarVerifier
instanceKlass  @bci org/springframework/boot/devtools/restart/ChangeableUrls urlsFromClassLoader (Ljava/lang/ClassLoader;)[Ljava/net/URL; 44 <appendix> argL0 ; # org/springframework/boot/devtools/restart/ChangeableUrls$$Lambda+0x000000003d0a1910
instanceKlass  @bci org/springframework/boot/devtools/restart/ChangeableUrls urlsFromClassLoader (Ljava/lang/ClassLoader;)[Ljava/net/URL; 34 <appendix> argL0 ; # org/springframework/boot/devtools/restart/ChangeableUrls$$Lambda+0x000000003d0a16c8
instanceKlass  @bci java/util/stream/Collectors toList ()Ljava/util/stream/Collector; 14 <appendix> argL0 ; # java/util/stream/Collectors$$Lambda+0x000000003d03d810
instanceKlass  @bci java/util/stream/Collectors toList ()Ljava/util/stream/Collector; 9 <appendix> argL0 ; # java/util/stream/Collectors$$Lambda+0x000000003d03d5d8
instanceKlass  @bci java/util/stream/Collectors toList ()Ljava/util/stream/Collector; 4 <appendix> argL0 ; # java/util/stream/Collectors$$Lambda+0x000000003d03d3b0
instanceKlass  @bci sun/management/spi/PlatformMBeanProvider$PlatformComponent getMBeans (Ljava/lang/Class;)Ljava/util/List; 63 <appendix> member <vmtarget> ; # sun/management/spi/PlatformMBeanProvider$PlatformComponent$$Lambda+0x000000003d03d160
instanceKlass  @bci sun/management/spi/PlatformMBeanProvider$PlatformComponent getMBeans (Ljava/lang/Class;)Ljava/util/List; 47 <appendix> member <vmtarget> ; # sun/management/spi/PlatformMBeanProvider$PlatformComponent$$Lambda+0x000000003d03cf00
instanceKlass sun/management/RuntimeImpl
instanceKlass java/util/stream/ReduceOps$2ReducingSink
instanceKlass  @bci java/lang/management/ManagementFactory$PlatformMBeanFinder findSingleton (Ljava/lang/Class;)Lsun/management/spi/PlatformMBeanProvider$PlatformComponent; 30 <appendix> member <vmtarget> ; # java/lang/management/ManagementFactory$PlatformMBeanFinder$$Lambda+0x000000003d03c390
instanceKlass  @bci java/lang/management/ManagementFactory$PlatformMBeanFinder findSingleton (Ljava/lang/Class;)Lsun/management/spi/PlatformMBeanProvider$PlatformComponent; 19 <appendix> member <vmtarget> ; # java/lang/management/ManagementFactory$PlatformMBeanFinder$$Lambda+0x000000003d03c130
instanceKlass java/util/HashMap$HashMapSpliterator
instanceKlass jdk/management/jfr/internal/FlightRecorderMXBeanProvider$SingleMBeanComponent
instanceKlass jdk/management/jfr/FlightRecorderMXBean
instanceKlass java/lang/management/DefaultPlatformMBeanProvider$11
instanceKlass java/lang/management/DefaultPlatformMBeanProvider$10
instanceKlass java/lang/management/DefaultPlatformMBeanProvider$9
instanceKlass java/util/logging/LogManager
instanceKlass sun/management/ManagementFactoryHelper$LoggingMXBeanAccess
instanceKlass java/lang/management/DefaultPlatformMBeanProvider$8
instanceKlass java/lang/management/DefaultPlatformMBeanProvider$7
instanceKlass java/lang/management/DefaultPlatformMBeanProvider$6
instanceKlass java/lang/management/DefaultPlatformMBeanProvider$5
instanceKlass java/lang/management/DefaultPlatformMBeanProvider$4
instanceKlass java/lang/management/DefaultPlatformMBeanProvider$3
instanceKlass java/lang/management/DefaultPlatformMBeanProvider$2
instanceKlass java/lang/management/DefaultPlatformMBeanProvider$1
instanceKlass com/sun/management/internal/PlatformMBeanProviderImpl$6
instanceKlass sun/management/VMManagementImpl
instanceKlass sun/management/VMManagement
instanceKlass sun/management/ManagementFactoryHelper
instanceKlass sun/management/NotificationEmitterSupport
instanceKlass javax/management/NotificationEmitter
instanceKlass javax/management/NotificationBroadcaster
instanceKlass com/sun/management/DiagnosticCommandMBean
instanceKlass javax/management/DynamicMBean
instanceKlass com/sun/management/internal/PlatformMBeanProviderImpl$5
instanceKlass com/sun/management/internal/PlatformMBeanProviderImpl$4
instanceKlass jdk/management/VirtualThreadSchedulerMXBean
instanceKlass com/sun/management/internal/PlatformMBeanProviderImpl$3
instanceKlass com/sun/management/internal/PlatformMBeanProviderImpl$2
instanceKlass com/sun/management/internal/PlatformMBeanProviderImpl$1
instanceKlass sun/management/spi/PlatformMBeanProvider$PlatformComponent
instanceKlass java/util/concurrent/Callable
instanceKlass java/util/concurrent/CopyOnWriteArrayList$COWIterator
instanceKlass sun/management/spi/PlatformMBeanProvider
instanceKlass java/lang/management/ManagementFactory$PlatformMBeanFinder
instanceKlass java/lang/management/RuntimeMXBean
instanceKlass java/lang/management/PlatformManagedObject
instanceKlass java/lang/management/ManagementFactory
instanceKlass org/springframework/boot/devtools/logger/DevToolsLogFactory
instanceKlass org/springframework/boot/devtools/restart/ChangeableUrls
instanceKlass org/springframework/boot/devtools/restart/SilentExitExceptionHandler
instanceKlass org/springframework/boot/logging/DeferredLog$Line
instanceKlass org/springframework/boot/logging/DeferredLog
instanceKlass org/springframework/boot/devtools/restart/classloader/ClassLoaderFiles
instanceKlass org/springframework/core/SmartClassLoader
instanceKlass org/springframework/boot/devtools/restart/classloader/ClassLoaderFileRepository
instanceKlass org/springframework/beans/factory/support/BeanDefinitionRegistry
instanceKlass org/springframework/core/AliasRegistry
instanceKlass org/springframework/core/io/DefaultResourceLoader
instanceKlass java/util/concurrent/BlockingDeque
instanceKlass org/springframework/boot/devtools/restart/Restarter
instanceKlass org/springframework/boot/devtools/restart/AgentReloader
instanceKlass org/springframework/boot/devtools/restart/DefaultRestartInitializer
instanceKlass java/lang/StackTraceElement$HashedModules
instanceKlass org/springframework/context/aot/AbstractAotProcessor
instanceKlass org/springframework/boot/devtools/system/DevToolsEnablementDeducer
instanceKlass org/springframework/aop/SpringProxy
instanceKlass org/springframework/aop/support/AopUtils
instanceKlass org/springframework/context/event/GenericApplicationListenerAdapter
instanceKlass org/springframework/context/event/AbstractApplicationEventMulticaster$CachedListenerRetriever
instanceKlass org/springframework/context/event/AbstractApplicationEventMulticaster$ListenerCacheKey
instanceKlass org/springframework/core/ResolvableTypeProvider
instanceKlass org/springframework/aop/framework/Advised
instanceKlass org/springframework/aop/TargetClassAware
instanceKlass org/springframework/aop/framework/AopProxyUtils
instanceKlass  @bci org/springframework/boot/context/event/EventPublishingRunListener refreshApplicationListeners ()V 16 <appendix> member <vmtarget> ; # org/springframework/boot/context/event/EventPublishingRunListener$$Lambda+0x000000003d09fd08
instanceKlass  @bci org/springframework/boot/SpringApplicationRunListeners starting (Lorg/springframework/boot/bootstrap/ConfigurableBootstrapContext;Ljava/lang/Class;)V 10 <appendix> member <vmtarget> ; # org/springframework/boot/SpringApplicationRunListeners$$Lambda+0x000000003d09fac8
instanceKlass  @bci org/springframework/boot/SpringApplicationRunListeners starting (Lorg/springframework/boot/bootstrap/ConfigurableBootstrapContext;Ljava/lang/Class;)V 4 <appendix> member <vmtarget> ; # org/springframework/boot/SpringApplicationRunListeners$$Lambda+0x000000003d09f888
instanceKlass org/springframework/boot/SpringApplicationRunListeners
# instanceKlass java/lang/invoke/LambdaForm$MH+0x000000003d0a0800
# instanceKlass java/lang/invoke/LambdaForm$MH+0x000000003d0a0400
instanceKlass java/util/stream/Nodes$ArrayNode
instanceKlass  @bci org/springframework/core/io/support/SpringFactoriesLoader$FactoryInstantiator resolveArgs (Lorg/springframework/core/io/support/SpringFactoriesLoader$ArgumentResolver;)[Ljava/lang/Object; 22 <appendix> member <vmtarget> ; # org/springframework/core/io/support/SpringFactoriesLoader$FactoryInstantiator$$Lambda+0x000000003d09f3e8
instanceKlass  @cpi org/springframework/web/reactive/function/client/DefaultWebClient$DefaultRequestBodyUriSpec 842 form vmentry <vmtarget> ; # java/lang/invoke/LambdaForm$DMH+0x000000003d0a0000
instanceKlass org/springframework/util/ErrorHandler
instanceKlass org/springframework/boot/availability/AvailabilityState
instanceKlass org/springframework/boot/context/event/EventPublishingRunListener
instanceKlass org/springframework/boot/SpringApplicationRunListener
instanceKlass  @bci org/springframework/core/io/support/SpringFactoriesLoader$ArgumentResolver and (Lorg/springframework/core/io/support/SpringFactoriesLoader$ArgumentResolver;)Lorg/springframework/core/io/support/SpringFactoriesLoader$ArgumentResolver; 2 <appendix> member <vmtarget> ; # org/springframework/core/io/support/SpringFactoriesLoader$ArgumentResolver$$Lambda+0x000000003d09e210
instanceKlass  @cpi org/springframework/web/reactive/function/client/ExchangeFilterFunction 105 form vmentry <vmtarget> ; # java/lang/invoke/LambdaForm$DMH+0x000000003d094400
instanceKlass org/springframework/core/io/support/SpringFactoriesLoader$ArgumentResolver$1
instanceKlass  @bci org/springframework/core/io/support/SpringFactoriesLoader$ArgumentResolver ofSupplied (Ljava/lang/Class;Ljava/util/function/Supplier;)Lorg/springframework/core/io/support/SpringFactoriesLoader$ArgumentResolver; 2 <appendix> member <vmtarget> ; # org/springframework/core/io/support/SpringFactoriesLoader$ArgumentResolver$$Lambda+0x000000003d09dd58
instanceKlass  @bci org/springframework/core/io/support/SpringFactoriesLoader$ArgumentResolver of (Ljava/lang/Class;Ljava/lang/Object;)Lorg/springframework/core/io/support/SpringFactoriesLoader$ArgumentResolver; 2 <appendix> member <vmtarget> ; # org/springframework/core/io/support/SpringFactoriesLoader$ArgumentResolver$$Lambda+0x000000003d09db28
instanceKlass org/springframework/core/io/support/SpringFactoriesLoader$ArgumentResolver
instanceKlass  @bci org/springframework/boot/SpringApplication createBootstrapContext ()Lorg/springframework/boot/bootstrap/DefaultBootstrapContext; 13 <appendix> member <vmtarget> ; # org/springframework/boot/SpringApplication$$Lambda+0x000000003d09d6e0
instanceKlass org/springframework/context/event/AbstractApplicationEventMulticaster$DefaultListenerRetriever
instanceKlass org/springframework/context/event/AbstractApplicationEventMulticaster
instanceKlass org/springframework/beans/factory/BeanFactoryAware
instanceKlass org/springframework/beans/factory/BeanClassLoaderAware
instanceKlass org/springframework/context/event/ApplicationEventMulticaster
instanceKlass org/springframework/boot/bootstrap/DefaultBootstrapContext
instanceKlass org/springframework/boot/SpringApplication$Startup
instanceKlass  @bci org/springframework/boot/SpringApplication findMainClass (Ljava/util/stream/Stream;)Ljava/util/Optional; 16 <appendix> argL0 ; # org/springframework/boot/SpringApplication$$Lambda+0x000000003d09b7a0
instanceKlass  @bci org/springframework/boot/SpringApplication findMainClass (Ljava/util/stream/Stream;)Ljava/util/Optional; 1 <appendix> argL0 ; # org/springframework/boot/SpringApplication$$Lambda+0x000000003d09b548
instanceKlass  @bci org/springframework/boot/SpringApplication deduceMainApplicationClass ()Ljava/lang/Class; 7 <appendix> member <vmtarget> ; # org/springframework/boot/SpringApplication$$Lambda+0x000000003d09b2f8
instanceKlass org/springframework/core/NativeDetector
instanceKlass java/util/concurrent/CountDownLatch
instanceKlass org/springframework/boot/autoconfigure/preinitialize/BackgroundPreinitializingApplicationListener
instanceKlass org/springframework/boot/logging/DeferredLog$Lines
instanceKlass org/springframework/boot/logging/DeferredLogs
instanceKlass  @bci org/springframework/boot/support/EnvironmentPostProcessorApplicationListener <init> ()V 1 <appendix> argL0 ; # org/springframework/boot/support/EnvironmentPostProcessorApplicationListener$$Lambda+0x000000003d09a768
instanceKlass org/springframework/boot/support/EnvironmentPostProcessorsFactory
instanceKlass org/springframework/boot/logging/DeferredLogFactory
instanceKlass org/springframework/boot/support/EnvironmentPostProcessorApplicationListener
instanceKlass org/springframework/boot/support/AnsiOutputApplicationListener
instanceKlass  @bci org/springframework/util/MultiValueMapAdapter add (Ljava/lang/Object;Ljava/lang/Object;)V 5 <appendix> argL0 ; # org/springframework/util/MultiValueMapAdapter$$Lambda+0x000000003d0984d8
instanceKlass org/springframework/util/MultiValueMapAdapter
instanceKlass org/springframework/core/ResolvableType$DefaultVariableResolver
instanceKlass sun/reflect/generics/reflectiveObjects/ParameterizedTypeImpl
instanceKlass sun/reflect/generics/tree/TypeVariableSignature
instanceKlass org/springframework/core/ResolvableType$TypeVariablesVariableResolver
instanceKlass org/springframework/core/ResolvableType$SyntheticParameterizedType
instanceKlass org/springframework/core/SerializableTypeWrapper$SerializableTypeProxy
instanceKlass java/lang/reflect/WildcardType
instanceKlass java/lang/reflect/ParameterizedType
instanceKlass org/springframework/core/SerializableTypeWrapper
instanceKlass  @bci org/springframework/core/ResolvableType forClassWithGenerics (Ljava/lang/Class;[Lorg/springframework/core/ResolvableType;)Lorg/springframework/core/ResolvableType; 29 <appendix> member <vmtarget> ; # org/springframework/core/ResolvableType$$Lambda+0x000000003d095000
instanceKlass sun/reflect/generics/reflectiveObjects/LazyReflectiveObjectGenerator
instanceKlass sun/reflect/generics/tree/ClassSignature
instanceKlass sun/reflect/generics/tree/Signature
instanceKlass sun/reflect/generics/tree/FormalTypeParameter
instanceKlass java/lang/reflect/TypeVariable
instanceKlass sun/reflect/generics/repository/AbstractRepository
instanceKlass org/springframework/core/ResolvableType$EmptyType
instanceKlass org/springframework/core/ResolvableType$VariableResolver
instanceKlass org/springframework/core/SerializableTypeWrapper$TypeProvider
instanceKlass org/springframework/core/ResolvableType
instanceKlass org/springframework/boot/context/properties/bind/Bindable
instanceKlass org/springframework/boot/context/properties/source/ConfigurationPropertyName$ElementsParser
instanceKlass org/springframework/boot/context/properties/source/ConfigurationPropertyName$Elements
instanceKlass org/springframework/boot/context/properties/source/ConfigurationPropertyName
instanceKlass org/springframework/boot/context/logging/LoggingApplicationListener
instanceKlass org/springframework/context/event/GenericApplicationListener
instanceKlass org/springframework/context/event/SmartApplicationListener
instanceKlass org/springframework/boot/context/FileEncodingApplicationListener
instanceKlass org/springframework/boot/builder/ParentContextCloserApplicationListener
instanceKlass org/springframework/boot/ClearCachesApplicationListener
instanceKlass org/springframework/boot/devtools/restart/RestartInitializer
instanceKlass org/springframework/boot/devtools/restart/RestartApplicationListener
instanceKlass org/springframework/boot/devtools/logger/DevToolsLogFactory$Listener
instanceKlass org/springframework/core/DecoratingProxy
instanceKlass java/lang/FunctionalInterface
instanceKlass org/springframework/boot/web/server/context/ServerPortInfoApplicationContextInitializer
instanceKlass  @bci org/springframework/boot/logging/LogLevel <clinit> ()V 97 <appendix> argL0 ; # org/springframework/boot/logging/LogLevel$$Lambda+0x000000003d0915d0
instanceKlass  @bci org/springframework/boot/logging/LogLevel <clinit> ()V 79 <appendix> argL0 ; # org/springframework/boot/logging/LogLevel$$Lambda+0x000000003d0913a8
instanceKlass  @bci org/springframework/boot/logging/LogLevel <clinit> ()V 61 <appendix> argL0 ; # org/springframework/boot/logging/LogLevel$$Lambda+0x000000003d091180
instanceKlass  @bci org/springframework/boot/logging/LogLevel <clinit> ()V 43 <appendix> argL0 ; # org/springframework/boot/logging/LogLevel$$Lambda+0x000000003d090f58
instanceKlass  @bci org/springframework/boot/logging/LogLevel <clinit> ()V 25 <appendix> argL0 ; # org/springframework/boot/logging/LogLevel$$Lambda+0x000000003d090d30
instanceKlass  @bci org/springframework/boot/logging/LogLevel <clinit> ()V 7 <appendix> argL0 ; # org/springframework/boot/logging/LogLevel$$Lambda+0x000000003d090b08
instanceKlass  @cpi org/springframework/core/annotation/MergedAnnotationCollectors 269 form vmentry <vmtarget> ; # java/lang/invoke/LambdaForm$DMH+0x000000003d094000
instanceKlass org/springframework/boot/logging/LogLevel$LogMethod
instanceKlass org/springframework/boot/autoconfigure/logging/ConditionEvaluationReportLoggingListener
instanceKlass org/springframework/boot/autoconfigure/SharedMetadataReaderFactoryContextInitializer
instanceKlass org/springframework/beans/factory/aot/BeanRegistrationExcludeFilter
instanceKlass org/springframework/boot/io/ProtocolResolverApplicationContextInitializer
instanceKlass org/springframework/boot/context/ContextIdApplicationContextInitializer
instanceKlass org/springframework/boot/context/ConfigurationWarningsApplicationContextInitializer
instanceKlass org/springframework/beans/factory/config/Scope
instanceKlass org/springframework/boot/devtools/restart/RestartScopeInitializer
instanceKlass org/springframework/context/ApplicationContextInitializer
instanceKlass org/springframework/boot/bootstrap/BootstrapRegistryInitializer
instanceKlass org/springframework/web/context/ConfigurableWebApplicationContext
instanceKlass org/springframework/web/context/WebApplicationContext
instanceKlass jakarta/servlet/GenericServlet
instanceKlass jakarta/servlet/ServletConfig
instanceKlass org/springframework/context/EnvironmentAware
instanceKlass org/springframework/context/ApplicationContextAware
instanceKlass org/springframework/beans/factory/Aware
instanceKlass jakarta/servlet/Servlet
instanceKlass  @bci org/springframework/core/annotation/TypeMappedAnnotation createIfPossible (Lorg/springframework/core/annotation/AnnotationTypeMapping;Ljava/lang/Object;Ljava/lang/annotation/Annotation;ILorg/springframework/core/annotation/IntrospectionFailureLogger;)Lorg/springframework/core/annotation/TypeMappedAnnotation; 3 <appendix> argL0 ; # org/springframework/core/annotation/TypeMappedAnnotation$$Lambda+0x000000003d08bdc8
instanceKlass org/springframework/core/annotation/AnnotationUtils
instanceKlass org/springframework/core/annotation/ValueExtractor
instanceKlass org/springframework/core/annotation/AbstractMergedAnnotation
instanceKlass  @bci org/springframework/core/annotation/AnnotationTypeMappings <init> (Lorg/springframework/core/annotation/RepeatableContainers;Lorg/springframework/core/annotation/AnnotationFilter;Ljava/lang/Class;Ljava/util/Set;)V 36 <appendix> argL0 ; # org/springframework/core/annotation/AnnotationTypeMappings$$Lambda+0x000000003d08ad08
instanceKlass  @bci org/springframework/web/reactive/function/BodyExtractors readToMono (Lorg/springframework/http/ReactiveHttpInputMessage;Lorg/springframework/web/reactive/function/BodyExtractor$Context;Lorg/springframework/core/ResolvableType;Lorg/springframework/http/codec/HttpMessageReader;)Lreactor/core/publisher/Mono; 10 <appendix> form vmentry <vmtarget> ; # java/lang/invoke/LambdaForm$DMH+0x000000003d08c000
instanceKlass  @bci sun/reflect/annotation/AnnotationParser parseEnumArray (ILjava/lang/Class;Ljava/nio/ByteBuffer;Ljdk/internal/reflect/ConstantPool;Ljava/lang/Class;)Ljava/lang/Object; 16 <appendix> member <vmtarget> ; # sun/reflect/annotation/AnnotationParser$$Lambda+0x000000003d030868
instanceKlass org/springframework/core/annotation/AliasFor
instanceKlass org/springframework/core/annotation/AnnotationTypeMapping$MirrorSets
instanceKlass org/springframework/core/annotation/AnnotationTypeMapping$MirrorSets$MirrorSet
instanceKlass org/springframework/core/annotation/AnnotationTypeMapping
instanceKlass  @bci org/springframework/core/annotation/AnnotationTypeMappings forAnnotationType (Ljava/lang/Class;Lorg/springframework/core/annotation/RepeatableContainers;Lorg/springframework/core/annotation/AnnotationFilter;Ljava/util/Set;)Lorg/springframework/core/annotation/AnnotationTypeMappings; 12 <appendix> member <vmtarget> ; # org/springframework/core/annotation/AnnotationTypeMappings$$Lambda+0x000000003d089918
instanceKlass org/springframework/core/annotation/AnnotationTypeMappings$Cache
instanceKlass org/springframework/core/annotation/AnnotationTypeMappings
instanceKlass org/springframework/util/ObjectUtils
instanceKlass  @bci org/springframework/core/annotation/RepeatableContainers$StandardRepeatableContainers getRepeatedAnnotationsMethod (Ljava/lang/Class;)Ljava/lang/reflect/Method; 4 <appendix> argL0 ; # org/springframework/core/annotation/RepeatableContainers$StandardRepeatableContainers$$Lambda+0x000000003d089088
instanceKlass  @bci org/springframework/core/annotation/AttributeMethods forAnnotationType (Ljava/lang/Class;)Lorg/springframework/core/annotation/AttributeMethods; 12 <appendix> argL0 ; # org/springframework/core/annotation/AttributeMethods$$Lambda+0x000000003d088e40
instanceKlass  @bci org/springframework/core/annotation/AttributeMethods <clinit> ()V 31 <appendix> argL0 ; # org/springframework/core/annotation/AttributeMethods$$Lambda+0x000000003d088ba0
instanceKlass org/springframework/core/annotation/AttributeMethods
instanceKlass java/lang/Class$AnnotationData
instanceKlass java/lang/annotation/Documented
instanceKlass java/lang/annotation/Target
instanceKlass jdk/internal/classfile/impl/StackMapDecoder$1
instanceKlass jdk/internal/classfile/impl/StackMapDecoder
instanceKlass jdk/internal/classfile/impl/StackCounter
instanceKlass  @bci java/lang/reflect/ProxyGenerator lambda$generateLookupAccessor$0 (Ljava/lang/classfile/MethodBuilder;)V 30 <appendix> member <vmtarget> ; # java/lang/reflect/ProxyGenerator$$Lambda+0x000000003d02ef28
instanceKlass  @bci java/lang/reflect/ProxyGenerator generateLookupAccessor (Ljava/lang/classfile/ClassBuilder;)V 10 <appendix> member <vmtarget> ; # java/lang/reflect/ProxyGenerator$$Lambda+0x000000003d02ece8
instanceKlass java/lang/classfile/constantpool/StringEntry
instanceKlass java/lang/classfile/constantpool/ConstantValueEntry
instanceKlass  @bci java/lang/reflect/ProxyGenerator generateStaticInitializer (Ljava/lang/classfile/ClassBuilder;)V 10 <appendix> member <vmtarget> ; # java/lang/reflect/ProxyGenerator$$Lambda+0x000000003d02e340
instanceKlass java/lang/classfile/attribute/StackMapTableAttribute
instanceKlass java/lang/classfile/attribute/StackMapFrameInfo
instanceKlass java/lang/classfile/instruction/ExceptionCatch
instanceKlass  @bci java/lang/reflect/ProxyGenerator$ProxyMethod lambda$generateMethod$0 (Ljava/lang/classfile/MethodBuilder;)V 30 <appendix> member <vmtarget> ; # java/lang/reflect/ProxyGenerator$ProxyMethod$$Lambda+0x000000003d02d5d0
instanceKlass java/lang/classfile/attribute/ExceptionsAttribute
instanceKlass  @bci java/lang/reflect/ProxyGenerator$ProxyMethod generateMethod (Ljava/lang/classfile/ClassBuilder;)V 42 <appendix> member <vmtarget> ; # java/lang/reflect/ProxyGenerator$ProxyMethod$$Lambda+0x000000003d02cc68
instanceKlass  @bci java/lang/reflect/ProxyGenerator generateConstructor (Ljava/lang/classfile/ClassBuilder;)V 8 <appendix> member <vmtarget> ; # java/lang/reflect/ProxyGenerator$$Lambda+0x000000003d02ca28
instanceKlass  @bci java/lang/reflect/ProxyGenerator generateClassFile ()[B 197 <appendix> member <vmtarget> ; # java/lang/reflect/ProxyGenerator$$Lambda+0x000000003d02c7e8
instanceKlass  @cpi org/springframework/http/client/reactive/ReactorClientHttpResponse 429 form vmentry <vmtarget> ; # java/lang/invoke/LambdaForm$DMH+0x000000003d081400
instanceKlass  @bci java/lang/reflect/ProxyGenerator proxyMethodsFor (Ljava/lang/String;)Ljava/util/List; 5 <appendix> argL0 ; # java/lang/reflect/ProxyGenerator$$Lambda+0x000000003d02c5a0
instanceKlass java/lang/reflect/ProxyGenerator$ProxyMethod
instanceKlass java/lang/classfile/attribute/StackMapFrameInfo$ObjectVerificationTypeInfo
instanceKlass java/lang/classfile/attribute/StackMapFrameInfo$VerificationTypeInfo
instanceKlass java/util/StringJoiner
instanceKlass java/lang/classfile/ClassFile$Option
instanceKlass java/lang/reflect/ProxyGenerator
instanceKlass  @bci java/lang/WeakPairMap computeIfAbsent (Ljava/lang/Object;Ljava/lang/Object;Ljava/util/function/BiFunction;)Ljava/lang/Object; 18 <appendix> member <vmtarget> ; # java/lang/WeakPairMap$$Lambda+0x000000003d02b908
instanceKlass  @bci java/lang/Module implAddExportsOrOpens (Ljava/lang/String;Ljava/lang/Module;ZZ)V 151 <appendix> argL0 ; # java/lang/Module$$Lambda+0x000000003d02b6d0
instanceKlass  @bci java/lang/module/ModuleDescriptor$Builder packages (Ljava/util/Set;)Ljava/lang/module/ModuleDescriptor$Builder; 17 <appendix> argL0 ; # java/lang/module/ModuleDescriptor$Builder$$Lambda+0x80000000e
instanceKlass java/lang/WeakPairMap$Pair$Lookup
instanceKlass java/lang/WeakPairMap$Pair
instanceKlass java/lang/WeakPairMap
instanceKlass java/lang/Module$ReflectionData
instanceKlass jdk/internal/module/Checks
instanceKlass java/lang/module/ModuleDescriptor$Builder
instanceKlass  @bci java/lang/reflect/Proxy$ProxyBuilder getDynamicModule (Ljava/lang/ClassLoader;)Ljava/lang/Module; 4 <appendix> argL0 ; # java/lang/reflect/Proxy$ProxyBuilder$$Lambda+0x000000003d02ad40
instanceKlass java/lang/PublicMethods
instanceKlass java/lang/reflect/Proxy$ProxyBuilder
instanceKlass  @bci java/lang/reflect/Proxy getProxyConstructor (Ljava/lang/ClassLoader;[Ljava/lang/Class;)Ljava/lang/reflect/Constructor; 18 <appendix> argL0 ; # java/lang/reflect/Proxy$$Lambda+0x000000003d029a40
instanceKlass java/lang/ClassValue$Identity
instanceKlass java/lang/ClassValue$Entry
instanceKlass java/lang/ClassValue
instanceKlass java/lang/reflect/Proxy
instanceKlass sun/reflect/annotation/AnnotationInvocationHandler
instanceKlass java/lang/reflect/InvocationHandler
instanceKlass java/lang/annotation/Inherited
instanceKlass java/lang/annotation/Retention
instanceKlass sun/reflect/annotation/ExceptionProxy
instanceKlass sun/reflect/annotation/AnnotationType
instanceKlass java/lang/reflect/GenericArrayType
instanceKlass sun/reflect/generics/visitor/Reifier
instanceKlass sun/reflect/generics/visitor/TypeTreeVisitor
instanceKlass sun/reflect/generics/factory/CoreReflectionFactory
instanceKlass sun/reflect/generics/factory/GenericsFactory
instanceKlass sun/reflect/generics/scope/AbstractScope
instanceKlass sun/reflect/generics/scope/Scope
instanceKlass sun/reflect/generics/tree/ClassTypeSignature
instanceKlass sun/reflect/generics/tree/SimpleClassTypeSignature
instanceKlass sun/reflect/generics/tree/FieldTypeSignature
instanceKlass sun/reflect/generics/tree/BaseType
instanceKlass sun/reflect/generics/tree/TypeSignature
instanceKlass sun/reflect/generics/tree/ReturnType
instanceKlass sun/reflect/generics/tree/TypeArgument
instanceKlass sun/reflect/generics/tree/TypeTree
instanceKlass sun/reflect/generics/tree/Tree
instanceKlass sun/reflect/generics/parser/SignatureParser
instanceKlass org/springframework/core/annotation/AnnotationsScanner$1
instanceKlass org/springframework/core/annotation/MergedAnnotationSelectors$FirstDirectlyDeclared
instanceKlass org/springframework/core/annotation/MergedAnnotationSelectors$Nearest
instanceKlass org/springframework/core/annotation/MergedAnnotationSelector
instanceKlass org/springframework/core/annotation/MergedAnnotationSelectors
instanceKlass org/springframework/core/annotation/MergedAnnotation
instanceKlass org/springframework/core/annotation/TypeMappedAnnotations$MergedAnnotationFinder
instanceKlass org/springframework/core/annotation/Order
instanceKlass org/springframework/core/annotation/OrderUtils
instanceKlass org/springframework/core/annotation/AnnotationsScanner
instanceKlass org/springframework/core/annotation/AnnotationsProcessor
instanceKlass org/springframework/core/annotation/TypeMappedAnnotations
instanceKlass  @bci org/springframework/core/annotation/MergedAnnotations$Search <clinit> ()V 8 <appendix> argL0 ; # org/springframework/core/annotation/MergedAnnotations$Search$$Lambda+0x000000003d082470
instanceKlass  @bci org/springframework/core/annotation/MergedAnnotations$Search <clinit> ()V 0 <appendix> argL0 ; # org/springframework/core/annotation/MergedAnnotations$Search$$Lambda+0x000000003d082218
instanceKlass org/springframework/core/annotation/MergedAnnotations$Search
instanceKlass org/springframework/core/annotation/AnnotationFilter$2
instanceKlass org/springframework/core/annotation/AnnotationFilter$1
instanceKlass java/util/ComparableTimSort
instanceKlass org/springframework/core/annotation/PackagesAnnotationFilter
instanceKlass org/springframework/core/annotation/AnnotationFilter
instanceKlass org/springframework/core/annotation/RepeatableContainers
instanceKlass org/springframework/core/annotation/MergedAnnotations
instanceKlass org/springframework/core/PriorityOrdered
instanceKlass org/springframework/core/Ordered
instanceKlass org/springframework/boot/webflux/WebFluxWebApplicationTypeDeducer
instanceKlass  @bci org/springframework/util/ReflectionUtils <clinit> ()V 8 <appendix> argL0 ; # org/springframework/util/ReflectionUtils$$Lambda+0x000000003d085ec0
instanceKlass org/springframework/util/ReflectionUtils$FieldFilter
instanceKlass  @bci org/springframework/util/ReflectionUtils <clinit> ()V 0 <appendix> argL0 ; # org/springframework/util/ReflectionUtils$$Lambda+0x000000003d085a80
instanceKlass  @cpi org/springframework/web/reactive/function/client/DefaultClientResponse 427 form vmentry <vmtarget> ; # java/lang/invoke/LambdaForm$DMH+0x000000003d081000
instanceKlass org/springframework/util/ReflectionUtils$MethodFilter
instanceKlass org/springframework/util/ReflectionUtils
instanceKlass  @bci org/springframework/core/io/support/SpringFactoriesLoader$FactoryInstantiator forClass (Ljava/lang/Class;)Lorg/springframework/core/io/support/SpringFactoriesLoader$FactoryInstantiator; 15 <appendix> member <vmtarget> ; # org/springframework/core/io/support/SpringFactoriesLoader$FactoryInstantiator$$Lambda+0x000000003d085438
instanceKlass org/springframework/core/KotlinDetector
instanceKlass org/springframework/core/io/support/SpringFactoriesLoader$FactoryInstantiator
instanceKlass  @bci org/springframework/core/io/support/SpringFactoriesLoader instantiateFactory (Ljava/lang/String;Ljava/lang/Class;Lorg/springframework/core/io/support/SpringFactoriesLoader$ArgumentResolver;Lorg/springframework/core/io/support/SpringFactoriesLoader$FailureHandler;)Ljava/lang/Object; 18 <appendix> member <vmtarget> ; # org/springframework/core/io/support/SpringFactoriesLoader$$Lambda+0x000000003d084de0
instanceKlass org/springframework/boot/webmvc/WebMvcWebApplicationTypeDeducer
instanceKlass java/util/IdentityHashMap$EntryIterator$Entry
instanceKlass java/util/IdentityHashMap$IdentityHashMapIterator
instanceKlass org/springframework/util/ClassUtils
instanceKlass org/springframework/core/log/LogMessage
instanceKlass org/springframework/boot/WebApplicationType$Deducer
instanceKlass java/util/stream/Node$Builder
instanceKlass java/util/stream/AbstractSpinedBuffer
instanceKlass java/util/stream/Node$OfDouble
instanceKlass java/util/stream/Node$OfLong
instanceKlass java/util/stream/Node$OfInt
instanceKlass java/util/stream/Node$OfPrimitive
instanceKlass java/util/stream/Nodes$EmptyNode
instanceKlass java/util/stream/Node
instanceKlass java/util/stream/Nodes
instanceKlass  @bci java/util/stream/ReferencePipeline toArray ()[Ljava/lang/Object; 1 <appendix> argL0 ; # java/util/stream/ReferencePipeline$$Lambda+0x000000003d023320
instanceKlass java/util/function/IntFunction
instanceKlass java/util/stream/DistinctOps
instanceKlass java/util/ArrayList$ArrayListSpliterator
instanceKlass  @bci org/springframework/core/io/support/SpringFactoriesLoader loadFactoriesResource (Ljava/lang/ClassLoader;Ljava/lang/String;)Ljava/util/Map; 63 <appendix> argL0 ; # org/springframework/core/io/support/SpringFactoriesLoader$$Lambda+0x000000003d07eab0
instanceKlass  @bci org/springframework/core/io/support/SpringFactoriesLoader lambda$loadFactoriesResource$0 (Ljava/util/Map;Ljava/lang/Object;Ljava/lang/Object;)V 53 <appendix> member <vmtarget> ; # org/springframework/core/io/support/SpringFactoriesLoader$$Lambda+0x000000003d07e870
instanceKlass  @bci org/springframework/core/io/support/SpringFactoriesLoader lambda$loadFactoriesResource$0 (Ljava/util/Map;Ljava/lang/Object;Ljava/lang/Object;)V 36 <appendix> argL0 ; # org/springframework/core/io/support/SpringFactoriesLoader$$Lambda+0x000000003d07e628
instanceKlass  @bci org/springframework/core/io/support/SpringFactoriesLoader lambda$loadFactoriesResource$0 (Ljava/util/Map;Ljava/lang/Object;Ljava/lang/Object;)V 17 <appendix> member <vmtarget> ; # org/springframework/core/io/support/SpringFactoriesLoader$$Lambda+0x000000003d07e3d8
instanceKlass  @bci org/springframework/core/io/support/SpringFactoriesLoader loadFactoriesResource (Ljava/lang/ClassLoader;Ljava/lang/String;)Ljava/util/Map; 51 <appendix> member <vmtarget> ; # org/springframework/core/io/support/SpringFactoriesLoader$$Lambda+0x000000003d07e198
instanceKlass java/net/URLDecoder
instanceKlass org/springframework/util/MultiValueMap
instanceKlass org/springframework/util/CollectionUtils
instanceKlass org/springframework/util/ResourceUtils
instanceKlass org/springframework/util/PropertiesPersister
instanceKlass org/springframework/core/io/support/PropertiesLoaderUtils
instanceKlass org/springframework/core/io/AbstractResource
instanceKlass  @bci org/springframework/core/io/support/SpringFactoriesLoader forResourceLocation (Ljava/lang/String;Ljava/lang/ClassLoader;)Lorg/springframework/core/io/support/SpringFactoriesLoader; 42 <appendix> member <vmtarget> ; # org/springframework/core/io/support/SpringFactoriesLoader$$Lambda+0x000000003d07ca98
instanceKlass org/springframework/util/ConcurrentReferenceHashMap$Entry
instanceKlass  @bci org/springframework/util/ConcurrentReferenceHashMap$Segment doTask (ILjava/lang/Object;Lorg/springframework/util/ConcurrentReferenceHashMap$Task;)Ljava/lang/Object; 112 <adapter> ; # java/lang/invoke/LambdaForm$MH+0x000000003d080c00
# instanceKlass java/lang/invoke/LambdaForm$DMH+0x000000003d080800
instanceKlass  @bci org/springframework/util/ConcurrentReferenceHashMap$Segment doTask (ILjava/lang/Object;Lorg/springframework/util/ConcurrentReferenceHashMap$Task;)Ljava/lang/Object; 112 <appendix> form vmentry <vmtarget> ; # java/lang/invoke/LambdaForm$DMH+0x000000003d080400
instanceKlass  @bci org/springframework/util/ConcurrentReferenceHashMap$Segment doTask (ILjava/lang/Object;Lorg/springframework/util/ConcurrentReferenceHashMap$Task;)Ljava/lang/Object; 112 <appendix> member <vmtarget> ; # org/springframework/util/ConcurrentReferenceHashMap$Segment$$Lambda+0x000000003d07c170
instanceKlass  @cpi org/springframework/util/ConcurrentReferenceHashMap$Segment 256 form vmentry <vmtarget> ; # java/lang/invoke/LambdaForm$DMH+0x000000003d080000
instanceKlass org/springframework/util/ConcurrentReferenceHashMap$Entries
instanceKlass  @bci org/springframework/core/io/support/SpringFactoriesLoader forResourceLocation (Ljava/lang/String;Ljava/lang/ClassLoader;)Lorg/springframework/core/io/support/SpringFactoriesLoader; 24 <appendix> argL0 ; # org/springframework/core/io/support/SpringFactoriesLoader$$Lambda+0x000000003d07b480
instanceKlass org/springframework/util/StringUtils
instanceKlass org/springframework/util/ConcurrentReferenceHashMap$Reference
instanceKlass org/springframework/util/ConcurrentReferenceHashMap$ReferenceManager
instanceKlass org/springframework/util/ConcurrentReferenceHashMap$Task
instanceKlass  @bci org/springframework/core/io/support/SpringFactoriesLoader$FailureHandler handleMessage (Ljava/util/function/BiConsumer;)Lorg/springframework/core/io/support/SpringFactoriesLoader$FailureHandler; 1 <appendix> member <vmtarget> ; # org/springframework/core/io/support/SpringFactoriesLoader$FailureHandler$$Lambda+0x000000003d078680
instanceKlass  @bci org/springframework/core/io/support/SpringFactoriesLoader$FailureHandler throwing (Ljava/util/function/BiFunction;)Lorg/springframework/core/io/support/SpringFactoriesLoader$FailureHandler; 1 <appendix> member <vmtarget> ; # org/springframework/core/io/support/SpringFactoriesLoader$FailureHandler$$Lambda+0x000000003d078440
instanceKlass  @bci org/springframework/core/io/support/SpringFactoriesLoader$FailureHandler throwing ()Lorg/springframework/core/io/support/SpringFactoriesLoader$FailureHandler; 0 <appendix> argL0 ; # org/springframework/core/io/support/SpringFactoriesLoader$FailureHandler$$Lambda+0x000000003d078208
instanceKlass org/springframework/core/io/support/SpringFactoriesLoader$FailureHandler
instanceKlass org/springframework/core/io/Resource
instanceKlass org/springframework/core/io/InputStreamSource
instanceKlass org/springframework/core/io/support/SpringFactoriesLoader
instanceKlass org/springframework/util/Assert
instanceKlass org/springframework/boot/ApplicationProperties
instanceKlass org/springframework/core/metrics/DefaultApplicationStartup$DefaultStartupStep$DefaultTags
instanceKlass org/springframework/core/metrics/StartupStep$Tags
instanceKlass org/springframework/core/metrics/DefaultApplicationStartup$DefaultStartupStep
instanceKlass org/springframework/core/metrics/StartupStep
instanceKlass org/springframework/core/metrics/DefaultApplicationStartup
instanceKlass org/springframework/core/metrics/ApplicationStartup
instanceKlass org/springframework/context/ConfigurableApplicationContext
instanceKlass org/springframework/context/Lifecycle
instanceKlass org/springframework/boot/DefaultApplicationContextFactory
instanceKlass org/springframework/boot/ApplicationContextFactory
instanceKlass org/springframework/boot/SpringApplicationShutdownHook$ApplicationContextClosedListener
instanceKlass org/springframework/boot/SpringApplicationShutdownHook$Handlers
instanceKlass org/springframework/boot/SpringApplicationShutdownHandlers
instanceKlass org/springframework/boot/SpringApplicationShutdownHook
instanceKlass org/apache/commons/logging/impl/Slf4jLogFactory$Slf4jLocationAwareLog
instanceKlass ch/qos/logback/classic/util/LoggerNameUtil
instanceKlass  @bci org/apache/commons/logging/impl/Slf4jLogFactory getInstance (Ljava/lang/String;)Lorg/apache/commons/logging/Log; 5 <appendix> argL0 ; # org/apache/commons/logging/impl/Slf4jLogFactory$$Lambda+0x000000003d074a68
instanceKlass  @bci org/apache/commons/logging/LogFactory newStandardFactory (Ljava/lang/ClassLoader;)Lorg/apache/commons/logging/LogFactory; 36 <appendix> argL0 ; # org/apache/commons/logging/LogFactory$$Lambda+0x000000003d074840
instanceKlass org/slf4j/helpers/BasicMarker
instanceKlass org/slf4j/helpers/Reporter
instanceKlass ch/qos/logback/core/util/StatusPrinter2
instanceKlass ch/qos/logback/core/util/StatusPrinter
instanceKlass ch/qos/logback/core/status/StatusUtil
instanceKlass ch/qos/logback/core/spi/AppenderAttachableImpl
instanceKlass ch/qos/logback/core/util/ReentryGuard$ReentryGuardImpl
instanceKlass ch/qos/logback/core/util/ReentryGuard
instanceKlass ch/qos/logback/core/util/ReentryGuardFactory
instanceKlass ch/qos/logback/core/pattern/Converter
instanceKlass java/util/concurrent/atomic/AtomicReference
instanceKlass ch/qos/logback/core/util/CachingDateFormatter$CacheTuple
instanceKlass  @bci java/time/format/DateTimeFormatter <clinit> ()V 1075 <appendix> argL0 ; # java/time/format/DateTimeFormatter$$Lambda+0x80000001b
instanceKlass  @bci java/time/format/DateTimeFormatter <clinit> ()V 1067 <appendix> argL0 ; # java/time/format/DateTimeFormatter$$Lambda+0x80000001a
instanceKlass java/time/Period
instanceKlass java/time/chrono/ChronoPeriod
instanceKlass java/time/format/DateTimeFormatterBuilder$TextPrinterParser
instanceKlass java/time/format/DateTimeTextProvider$1
instanceKlass java/time/format/DateTimeTextProvider
instanceKlass java/util/Collections$1
instanceKlass java/util/AbstractMap$SimpleImmutableEntry
instanceKlass java/time/format/DateTimeTextProvider$LocaleStore
instanceKlass java/time/format/DateTimeFormatterBuilder$InstantPrinterParser
instanceKlass java/time/format/DateTimeFormatterBuilder$StringLiteralPrinterParser
instanceKlass java/time/format/DateTimeFormatterBuilder$ZoneIdPrinterParser
instanceKlass java/time/format/DateTimeFormatterBuilder$OffsetIdPrinterParser
instanceKlass java/time/format/DecimalStyle
instanceKlass java/time/format/DateTimeFormatterBuilder$CharLiteralPrinterParser
instanceKlass java/time/format/DateTimeFormatter
instanceKlass java/time/format/DateTimeFormatterBuilder$CompositePrinterParser
instanceKlass java/time/format/DateTimeFormatterBuilder$NumberPrinterParser
instanceKlass java/time/format/DateTimeFormatterBuilder$DateTimePrinterParser
instanceKlass java/time/temporal/JulianFields
instanceKlass java/time/temporal/IsoFields
instanceKlass  @bci java/time/format/DateTimeFormatterBuilder <clinit> ()V 0 <appendix> argL0 ; # java/time/format/DateTimeFormatterBuilder$$Lambda+0x80000001c
instanceKlass java/time/temporal/TemporalQuery
instanceKlass java/time/format/DateTimeFormatterBuilder
instanceKlass java/time/Year
instanceKlass java/time/chrono/AbstractChronology
instanceKlass java/time/chrono/Chronology
instanceKlass java/time/LocalTime
instanceKlass java/time/Instant
instanceKlass java/time/temporal/ValueRange
instanceKlass java/time/Duration
instanceKlass java/time/temporal/TemporalAmount
instanceKlass java/time/temporal/TemporalUnit
instanceKlass java/time/temporal/TemporalField
instanceKlass java/time/LocalDate
instanceKlass java/time/chrono/ChronoLocalDate
instanceKlass java/time/zone/ZoneOffsetTransition
instanceKlass java/util/concurrent/atomic/AtomicReferenceArray
instanceKlass java/time/LocalDateTime
instanceKlass java/time/chrono/ChronoLocalDateTime
instanceKlass java/time/temporal/TemporalAdjuster
instanceKlass java/time/temporal/Temporal
instanceKlass java/time/zone/ZoneOffsetTransitionRule
instanceKlass java/time/zone/ZoneRules
instanceKlass java/time/zone/Ser
instanceKlass java/io/Externalizable
instanceKlass java/util/Arrays$ArrayItr
instanceKlass java/time/zone/ZoneRulesProvider
instanceKlass sun/util/calendar/ZoneInfoFile$ZoneOffsetTransitionRule
instanceKlass jdk/internal/util/ByteArray
instanceKlass sun/util/calendar/ZoneInfoFile
instanceKlass java/util/TimeZone
instanceKlass java/time/ZoneId
instanceKlass java/time/temporal/TemporalAccessor
instanceKlass ch/qos/logback/core/util/CachingDateFormatter
instanceKlass ch/qos/logback/core/util/SimpleTimeBasedGuard
instanceKlass java/util/concurrent/atomic/AtomicBoolean
instanceKlass ch/qos/logback/core/util/COWArrayList
instanceKlass ch/qos/logback/core/spi/FilterAttachableImpl
instanceKlass ch/qos/logback/core/Appender
instanceKlass ch/qos/logback/core/spi/FilterAttachable
instanceKlass ch/qos/logback/core/encoder/Encoder
instanceKlass ch/qos/logback/core/Layout
instanceKlass  @bci reactor/netty/internal/shaded/reactor/pool/SimpleDequePool drainLoop ()V 490 <adapter> ; # java/lang/invoke/LambdaForm$MH+0x000000003d06d800
instanceKlass  @bci ch/qos/logback/classic/util/ContextInitializer printDuration (JLch/qos/logback/classic/spi/Configurator;Lch/qos/logback/classic/spi/Configurator$ExecutionStatus;)V 31 <appendix> form vmentry <vmtarget> ; # java/lang/invoke/LambdaForm$MH+0x000000003d06d400
# instanceKlass java/lang/invoke/LambdaForm$BMH+0x000000003d06d000
instanceKlass  @bci ch/qos/logback/classic/util/ContextInitializer printDuration (JLch/qos/logback/classic/spi/Configurator;Lch/qos/logback/classic/spi/Configurator$ExecutionStatus;)V 31 <appendix> form names 6 function resolvedHandle form vmentry <vmtarget> ; # java/lang/invoke/LambdaForm$DMH+0x000000003d06cc00
instanceKlass  @bci ch/qos/logback/classic/util/ContextInitializer printDuration (JLch/qos/logback/classic/spi/Configurator;Lch/qos/logback/classic/spi/Configurator$ExecutionStatus;)V 31 <appendix> argL0 form vmentry <vmtarget> ; # java/lang/invoke/LambdaForm$DMH+0x000000003d06c800
instanceKlass java/lang/StringConcatHelper$StringConcatBase
instanceKlass java/lang/invoke/StringConcatFactory$InlineHiddenClassStrategy$6
instanceKlass java/lang/invoke/StringConcatFactory$InlineHiddenClassStrategy$3$4
instanceKlass java/lang/invoke/StringConcatFactory$InlineHiddenClassStrategy$4
instanceKlass java/lang/invoke/StringConcatFactory$InlineHiddenClassStrategy$3$1
instanceKlass jdk/internal/classfile/impl/BytecodeHelpers$1
instanceKlass java/lang/invoke/StringConcatFactory$InlineHiddenClassStrategy$7
instanceKlass java/lang/invoke/StringConcatFactory$InlineHiddenClassStrategy$3$2
instanceKlass java/lang/invoke/StringConcatFactory$InlineHiddenClassStrategy$5
instanceKlass java/lang/invoke/StringConcatFactory$InlineHiddenClassStrategy$3$3
instanceKlass java/lang/invoke/StringConcatFactory$InlineHiddenClassStrategy$3
instanceKlass java/lang/invoke/StringConcatFactory$InlineHiddenClassStrategy$2
instanceKlass java/lang/invoke/StringConcatFactory$InlineHiddenClassStrategy$1
instanceKlass java/lang/invoke/StringConcatFactory$InlineHiddenClassStrategy
instanceKlass ch/qos/logback/core/spi/ContextAwareBase
instanceKlass ch/qos/logback/classic/util/ClassicEnvUtil
instanceKlass ch/qos/logback/core/status/StatusListener
instanceKlass ch/qos/logback/core/util/StatusListenerConfigHelper
instanceKlass ch/qos/logback/core/status/StatusBase
instanceKlass java/util/Formatter$Flags
instanceKlass java/util/Formattable
instanceKlass java/util/Formatter$FormatSpecifier
instanceKlass java/util/Formatter$Conversion
instanceKlass java/util/Formatter$FormatString
instanceKlass java/util/Formatter
instanceKlass ch/qos/logback/core/util/VersionUtil
instanceKlass jdk/internal/foreign/MemorySessionImpl
instanceKlass java/lang/foreign/MemorySegment$Scope
instanceKlass ch/qos/logback/classic/ClassicConstants
instanceKlass ch/qos/logback/classic/util/ClassicVersionUtil
instanceKlass ch/qos/logback/core/CoreConstants
instanceKlass  @bci com/sun/jndi/toolkit/url/Uri parseCompat (Ljava/lang/String;)V 318 <appendix> form vmentry <vmtarget> ; # java/lang/invoke/LambdaForm$MH+0x000000003d06c000
instanceKlass ch/qos/logback/core/util/CoreVersionUtil
instanceKlass ch/qos/logback/core/util/OptionHelper
instanceKlass ch/qos/logback/core/util/Loader
instanceKlass ch/qos/logback/classic/spi/Configurator
instanceKlass ch/qos/logback/core/spi/ContextAwareImpl
instanceKlass ch/qos/logback/classic/util/ContextInitializer$1
instanceKlass ch/qos/logback/core/spi/ContextAware
instanceKlass ch/qos/logback/classic/util/ContextInitializer
instanceKlass org/slf4j/MDC
instanceKlass ch/qos/logback/classic/util/LogbackMDCAdapter
instanceKlass ch/qos/logback/classic/Level
instanceKlass ch/qos/logback/classic/spi/ILoggingEvent
instanceKlass ch/qos/logback/core/spi/DeferredProcessingAware
instanceKlass org/slf4j/spi/LoggingEventBuilder
instanceKlass ch/qos/logback/classic/Logger
instanceKlass ch/qos/logback/core/spi/AppenderAttachable
instanceKlass org/slf4j/spi/LoggingEventAware
instanceKlass org/slf4j/spi/LocationAwareLogger
instanceKlass ch/qos/logback/classic/spi/LoggerContextVO
instanceKlass ch/qos/logback/core/spi/LogbackLock
instanceKlass ch/qos/logback/core/helpers/CyclicBuffer
instanceKlass ch/qos/logback/core/BasicStatusManager
instanceKlass java/util/concurrent/ExecutorService
instanceKlass java/util/concurrent/Executor
instanceKlass ch/qos/logback/core/status/Status
instanceKlass ch/qos/logback/core/status/StatusManager
instanceKlass ch/qos/logback/core/ContextBase
instanceKlass ch/qos/logback/core/spi/LifeCycle
instanceKlass ch/qos/logback/core/Context
instanceKlass ch/qos/logback/core/spi/PropertyContainer
instanceKlass ch/qos/logback/classic/spi/LogbackServiceProvider
instanceKlass org/slf4j/helpers/Util
instanceKlass org/slf4j/helpers/NOPMDCAdapter
instanceKlass org/slf4j/helpers/NOPLoggerFactory
instanceKlass org/slf4j/helpers/NOP_FallbackServiceProvider
instanceKlass org/slf4j/helpers/ThreadLocalMapOfStacks
instanceKlass org/slf4j/helpers/BasicMDCAdapter
instanceKlass org/slf4j/Marker
instanceKlass org/slf4j/helpers/BasicMarkerFactory
instanceKlass java/util/concurrent/LinkedBlockingQueue$Node
instanceKlass java/util/concurrent/locks/AbstractQueuedSynchronizer$ConditionObject
instanceKlass java/util/concurrent/locks/Condition
instanceKlass java/util/concurrent/BlockingQueue
instanceKlass org/slf4j/Logger
instanceKlass org/slf4j/helpers/SubstituteLoggerFactory
instanceKlass org/slf4j/ILoggerFactory
instanceKlass org/slf4j/spi/MDCAdapter
instanceKlass org/slf4j/helpers/SubstituteServiceProvider
instanceKlass org/slf4j/event/LoggingEvent
instanceKlass org/slf4j/spi/SLF4JServiceProvider
instanceKlass org/slf4j/LoggerFactory
instanceKlass org/slf4j/IMarkerFactory
instanceKlass org/slf4j/MarkerFactory
instanceKlass org/apache/commons/logging/Log
instanceKlass  @bci org/apache/logging/log4j/util/SortedArrayStringMap <clinit> ()V 0 <appendix> argL0 ; # org/apache/logging/log4j/util/SortedArrayStringMap$$Lambda+0x000000003d05bbe8
instanceKlass  @cpi reactor/netty/ReactorNetty 563 form vmentry <vmtarget> ; # java/lang/invoke/LambdaForm$DMH+0x000000003d059400
instanceKlass org/apache/logging/log4j/util/TriConsumer
instanceKlass org/apache/logging/log4j/util/SortedArrayStringMap
instanceKlass org/apache/logging/log4j/util/IndexedStringMap
instanceKlass org/apache/logging/log4j/util/IndexedReadOnlyStringMap
instanceKlass org/apache/logging/log4j/util/StringMap
instanceKlass org/apache/logging/log4j/util/ReadOnlyStringMap
instanceKlass org/apache/logging/slf4j/MDCContextMap
instanceKlass org/apache/logging/log4j/spi/CleanableThreadContextMap
instanceKlass org/apache/logging/log4j/spi/ThreadContextMap2
instanceKlass java/lang/invoke/StringConcatFactory
instanceKlass java/util/TimSort
instanceKlass java/util/Arrays$LegacyMergeSort
instanceKlass  @bci org/apache/logging/log4j/util/PropertiesUtil$Environment get (Ljava/lang/String;)Ljava/lang/String; 35 <appendix> argL0 ; # org/apache/logging/log4j/util/PropertiesUtil$Environment$$Lambda+0x000000003d05a500
instanceKlass  @bci org/apache/logging/log4j/util/PropertiesUtil$Environment get (Ljava/lang/String;)Ljava/lang/String; 25 <appendix> member <vmtarget> ; # org/apache/logging/log4j/util/PropertiesUtil$Environment$$Lambda+0x000000003d05a2b0
instanceKlass java/util/stream/SortedOps
instanceKlass org/apache/logging/log4j/util/PropertySource$Comparator
instanceKlass  @bci java/util/regex/Pattern union (Ljava/util/regex/Pattern$CharPredicate;Ljava/util/regex/Pattern$CharPredicate;Z)Ljava/util/regex/Pattern$CharPredicate; 6 <appendix> member <vmtarget> ; # java/util/regex/Pattern$$Lambda+0x800000030
instanceKlass  @bci java/util/regex/Pattern Range (II)Ljava/util/regex/Pattern$CharPredicate; 23 <appendix> member <vmtarget> ; # java/util/regex/Pattern$$Lambda+0x800000028
instanceKlass  @bci java/util/regex/Pattern Single (I)Ljava/util/regex/Pattern$BmpCharPredicate; 1 <appendix> member <vmtarget> ; # java/util/regex/Pattern$$Lambda+0x800000027
instanceKlass org/apache/logging/log4j/util/PropertySource$Util
instanceKlass org/apache/logging/log4j/util/Cast
instanceKlass org/apache/logging/log4j/util/LazyUtil$1
instanceKlass org/apache/logging/log4j/util/LazyUtil
instanceKlass org/springframework/boot/logging/log4j2/SpringBootPropertySource
instanceKlass org/apache/logging/log4j/util/SystemPropertiesPropertySource
instanceKlass java/util/ServiceLoader$ProviderImpl
instanceKlass java/util/ServiceLoader$Provider
instanceKlass org/apache/logging/log4j/util/EnvironmentPropertySource
instanceKlass sun/net/www/MessageHeader
instanceKlass sun/net/www/protocol/jar/JarFileFactory
instanceKlass sun/net/www/protocol/jar/URLJarFile$URLJarFileCloseController
instanceKlass java/net/URLConnection
instanceKlass java/util/stream/ForEachOps$ForEachOp
instanceKlass java/util/stream/ForEachOps
instanceKlass  @bci org/apache/logging/log4j/util/PropertiesUtil$Environment <init> (Lorg/apache/logging/log4j/util/PropertySource;)V 99 <appendix> member <vmtarget> ; # org/apache/logging/log4j/util/PropertiesUtil$Environment$$Lambda+0x000000003d05eca0
instanceKlass  @bci org/apache/logging/log4j/util/ServiceLoaderUtil safeStream (Ljava/lang/Class;Ljava/util/ServiceLoader;Lorg/apache/logging/log4j/Logger;)Ljava/util/stream/Stream; 71 <appendix> member <vmtarget> ; # org/apache/logging/log4j/util/ServiceLoaderUtil$$Lambda+0x000000003d05ea40
instanceKlass org/apache/logging/log4j/util/OsgiServiceLocator
instanceKlass  @bci org/apache/logging/log4j/util/StackLocator getCallerClass (I)Ljava/lang/Class; 15 <appendix> argL0 ; # org/apache/logging/log4j/util/StackLocator$$Lambda+0x000000003d05e5e8
instanceKlass java/lang/classfile/constantpool/InterfaceMethodRefEntry
instanceKlass  @cpi sun/security/util/HostnameChecker 405 form vmentry <vmtarget> ; # java/lang/invoke/LambdaForm$DMH+0x000000003d059000
instanceKlass java/util/stream/SliceOps
# instanceKlass java/lang/invoke/LambdaForm$MH+0x000000003d058c00
instanceKlass java/lang/StackStreamFactory$FrameBuffer
instanceKlass java/lang/StackStreamFactory
instanceKlass  @bci org/apache/logging/log4j/util/StackLocator getCallerClass (I)Ljava/lang/Class; 4 <appendix> member <vmtarget> ; # org/apache/logging/log4j/util/StackLocator$$Lambda+0x000000003d05e3a0
instanceKlass  @cpi org/apache/logging/log4j/util/StackLocator 271 form vmentry <vmtarget> ; # java/lang/invoke/LambdaForm$DMH+0x000000003d058800
instanceKlass org/apache/logging/log4j/util/StackLocator
instanceKlass org/apache/logging/log4j/util/StackLocatorUtil
instanceKlass java/util/Spliterators$AbstractSpliterator
instanceKlass org/apache/logging/log4j/util/ServiceLoaderUtil
instanceKlass java/util/Collections$SynchronizedCollection
instanceKlass java/util/Properties$EntrySet
instanceKlass  @bci org/apache/logging/log4j/util/PropertiesUtil$Environment <init> (Lorg/apache/logging/log4j/util/PropertySource;)V 34 <appendix> argL0 ; # org/apache/logging/log4j/util/PropertiesUtil$Environment$$Lambda+0x000000003d05d878
instanceKlass org/apache/logging/log4j/util/BiConsumer
instanceKlass org/apache/logging/log4j/util/PropertiesUtil$Environment
instanceKlass java/util/LinkedHashMap$LinkedHashIterator
instanceKlass org/apache/logging/log4j/util/PropertiesPropertySource
instanceKlass  @bci java/util/regex/CharPredicates ASCII_WORD ()Ljava/util/regex/Pattern$BmpCharPredicate; 0 <appendix> argL0 ; # java/util/regex/CharPredicates$$Lambda+0x000000003d014808
instanceKlass  @bci java/util/regex/CharPredicates ASCII_SPACE ()Ljava/util/regex/Pattern$BmpCharPredicate; 0 <appendix> argL0 ; # java/util/regex/CharPredicates$$Lambda+0x800000025
instanceKlass  @bci java/util/regex/CharPredicates ASCII_DIGIT ()Ljava/util/regex/Pattern$BmpCharPredicate; 0 <appendix> argL0 ; # java/util/regex/CharPredicates$$Lambda+0x800000024
instanceKlass org/apache/logging/log4j/util/LazyUtil$SafeLazy
instanceKlass org/apache/logging/log4j/util/Lazy
instanceKlass  @bci org/apache/logging/log4j/util/PropertiesUtil <clinit> ()V 6 <appendix> argL0 ; # org/apache/logging/log4j/util/PropertiesUtil$$Lambda+0x000000003d05c880
instanceKlass org/apache/logging/log4j/util/PropertySource
instanceKlass org/apache/logging/log4j/util/PropertiesUtil
instanceKlass org/apache/logging/log4j/util/LoaderUtil$ThreadContextClassLoaderGetter
instanceKlass  @bci org/apache/logging/log4j/util/LoaderUtil <clinit> ()V 23 <appendix> argL0 ; # org/apache/logging/log4j/util/LoaderUtil$$Lambda+0x000000003d05c000
instanceKlass  @cpi reactor/core/publisher/Flux 3269 form vmentry <vmtarget> ; # java/lang/invoke/LambdaForm$DMH+0x000000003d058400
instanceKlass  @cpi sun/nio/ch/Net 689 form vmentry <vmtarget> ; # java/lang/invoke/LambdaForm$DMH+0x000000003d058000
instanceKlass org/apache/logging/log4j/util/LazyBoolean
instanceKlass java/util/function/BooleanSupplier
instanceKlass java/security/Permission
instanceKlass java/security/Guard
instanceKlass org/apache/logging/log4j/util/LoaderUtil
instanceKlass org/apache/logging/log4j/spi/LoggerRegistry
instanceKlass org/apache/logging/slf4j/SLF4JLoggerContext
instanceKlass org/apache/logging/log4j/spi/LoggerContext
instanceKlass org/apache/logging/slf4j/SLF4JLoggerContextFactory
instanceKlass java/util/concurrent/ConcurrentLinkedQueue$Node
instanceKlass java/util/concurrent/locks/ReentrantReadWriteLock$WriteLock
instanceKlass java/util/concurrent/locks/ReentrantReadWriteLock$ReadLock
instanceKlass java/util/concurrent/locks/ReentrantReadWriteLock
instanceKlass org/apache/logging/log4j/message/ExitMessage
instanceKlass org/apache/logging/log4j/message/EntryMessage
instanceKlass org/apache/logging/log4j/message/FlowMessage
instanceKlass org/apache/logging/log4j/status/StatusConsoleListener
instanceKlass  @bci java/util/regex/Pattern negate (Ljava/util/regex/Pattern$CharPredicate;)Ljava/util/regex/Pattern$CharPredicate; 1 <appendix> member <vmtarget> ; # java/util/regex/Pattern$$Lambda+0x80000002f
instanceKlass  @bci java/util/regex/CharPredicates forUnicodeBlock (Ljava/lang/String;)Ljava/util/regex/Pattern$CharPredicate; 6 <appendix> member <vmtarget> ; # java/util/regex/CharPredicates$$Lambda+0x000000003d0112a8
instanceKlass java/lang/Character$Subset
instanceKlass java/util/regex/CharPredicates
instanceKlass java/util/regex/Pattern$TreeInfo
instanceKlass java/util/regex/Pattern$BitClass
instanceKlass java/util/regex/Pattern$BmpCharPredicate
instanceKlass java/util/regex/IntHashSet
instanceKlass java/util/regex/Matcher
instanceKlass java/util/regex/MatchResult
instanceKlass  @bci java/util/regex/Pattern DOT ()Ljava/util/regex/Pattern$CharPredicate; 0 <appendix> argL0 ; # java/util/regex/Pattern$$Lambda+0x000000003d010410
instanceKlass java/util/regex/Pattern$CharPredicate
instanceKlass java/util/regex/ASCII
instanceKlass java/util/regex/Pattern$Node
instanceKlass java/util/regex/Pattern
instanceKlass  @bci org/apache/logging/log4j/status/StatusLogger$PropertiesUtilsDouble normalizeProperties ([Ljava/util/Properties;)Ljava/util/Map; 31 <appendix> member <vmtarget> ; # org/apache/logging/log4j/status/StatusLogger$PropertiesUtilsDouble$$Lambda+0x000000003d04f828
instanceKlass  @cpi io/netty/resolver/InetSocketAddressResolver 101 form vmentry <vmtarget> ; # java/lang/invoke/LambdaForm$DMH+0x000000003d04c400
instanceKlass java/util/Collections$UnmodifiableMap$UnmodifiableEntrySet$UnmodifiableEntry
instanceKlass java/util/Collections$UnmodifiableMap$UnmodifiableEntrySet$1
instanceKlass java/util/TreeMap$Entry
instanceKlass java/lang/ProcessEnvironment$CheckedEntry
instanceKlass java/lang/ProcessEnvironment$CheckedEntrySet$1
instanceKlass java/lang/ProcessEnvironment$EntryComparator
instanceKlass java/lang/ProcessEnvironment$NameComparator
instanceKlass org/apache/logging/log4j/status/StatusLogger$PropertiesUtilsDouble
instanceKlass org/apache/logging/log4j/status/StatusLogger$Config
instanceKlass org/apache/logging/log4j/status/StatusLogger$InstanceHolder
instanceKlass java/util/RegularEnumSet$EnumSetIterator
instanceKlass  @bci org/apache/logging/log4j/util/Strings <clinit> ()V 0 <appendix> argL0 ; # org/apache/logging/log4j/util/Strings$$Lambda+0x000000003d04ecb8
instanceKlass org/apache/logging/log4j/util/Strings
instanceKlass org/apache/logging/log4j/Level
instanceKlass  @bci org/apache/logging/log4j/spi/AbstractLogger <clinit> ()V 142 <appendix> argL0 ; # org/apache/logging/log4j/spi/AbstractLogger$$Lambda+0x000000003d04e000
instanceKlass org/apache/logging/log4j/internal/DefaultLogBuilder
instanceKlass org/apache/logging/log4j/BridgeAware
instanceKlass org/apache/logging/log4j/message/DefaultFlowMessageFactory
instanceKlass org/apache/logging/log4j/message/FlowMessageFactory
instanceKlass org/apache/logging/log4j/message/AbstractMessageFactory
instanceKlass  @bci org/apache/logging/log4j/MarkerManager getMarker (Ljava/lang/String;)Lorg/apache/logging/log4j/Marker; 4 <appendix> argL0 ; # org/apache/logging/log4j/MarkerManager$$Lambda+0x000000003d0568b0
instanceKlass org/apache/logging/log4j/MarkerManager$Log4jMarker
instanceKlass org/apache/logging/log4j/util/StringBuilderFormattable
instanceKlass org/apache/logging/log4j/Marker
instanceKlass org/apache/logging/log4j/MarkerManager
instanceKlass org/apache/logging/log4j/status/StatusListener
instanceKlass java/util/concurrent/locks/ReadWriteLock
instanceKlass org/apache/logging/log4j/LogBuilder
instanceKlass org/apache/logging/log4j/message/Message
instanceKlass org/apache/logging/log4j/message/MessageFactory2
instanceKlass org/apache/logging/log4j/message/MessageFactory
instanceKlass org/apache/logging/log4j/spi/AbstractLogger
instanceKlass org/apache/logging/log4j/spi/LocationAwareLogger
instanceKlass org/apache/logging/log4j/spi/ExtendedLogger
instanceKlass org/apache/logging/log4j/spi/ThreadContextMap
instanceKlass org/apache/logging/log4j/spi/LoggerContextFactory
instanceKlass org/apache/logging/log4j/Logger
instanceKlass org/apache/logging/log4j/spi/Provider
instanceKlass  @bci org/apache/commons/logging/LogFactory isClassAvailable (Ljava/lang/String;Ljava/lang/ClassLoader;)Z 2 <appendix> member <vmtarget> ; # org/apache/commons/logging/LogFactory$$Lambda+0x000000003d04a5a8
instanceKlass java/util/ServiceLoader$2
instanceKlass java/util/ServiceLoader$1
instanceKlass java/util/ServiceLoader$LazyClassPathLookupIterator
instanceKlass java/util/Spliterators$1Adapter
instanceKlass java/util/Spliterators$ArraySpliterator
instanceKlass java/util/ServiceLoader$ModuleServicesLookupIterator
instanceKlass java/util/ServiceLoader
instanceKlass  @bci org/apache/commons/logging/LogFactory getFactory ()Lorg/apache/commons/logging/LogFactory; 240 <appendix> argL0 ; # org/apache/commons/logging/LogFactory$$Lambda+0x000000003d04a380
instanceKlass  @bci org/apache/commons/logging/LogFactory getFactory ()Lorg/apache/commons/logging/LogFactory; 196 <appendix> argL0 ; # org/apache/commons/logging/LogFactory$$Lambda+0x000000003d04a158
instanceKlass jdk/internal/loader/URLClassPath$1
instanceKlass java/lang/CompoundEnumeration
instanceKlass jdk/internal/loader/BuiltinClassLoader$1
instanceKlass java/util/Collections$EmptyEnumeration
instanceKlass jdk/internal/jimage/ImageLocation
instanceKlass jdk/internal/jimage/decompressor/Decompressor
instanceKlass jdk/internal/jimage/ImageStringsReader
instanceKlass jdk/internal/jimage/ImageStrings
instanceKlass jdk/internal/jimage/ImageHeader
instanceKlass jdk/internal/jimage/NativeImageBuffer$1
instanceKlass jdk/internal/jimage/NativeImageBuffer
instanceKlass jdk/internal/jimage/BasicImageReader$1
instanceKlass jdk/internal/jimage/BasicImageReader
instanceKlass jdk/internal/jimage/ImageReader
instanceKlass jdk/internal/jimage/ImageReaderFactory$1
instanceKlass jdk/internal/jimage/ImageReaderFactory
instanceKlass jdk/internal/module/SystemModuleFinders$SystemImage
instanceKlass jdk/internal/module/SystemModuleFinders$SystemModuleReader
instanceKlass java/lang/module/ModuleReader
instanceKlass jdk/internal/loader/BuiltinClassLoader$2
instanceKlass jdk/internal/module/Resources
instanceKlass  @bci org/apache/commons/logging/LogFactory getResources (Ljava/lang/ClassLoader;Ljava/lang/String;)Ljava/util/Enumeration; 2 <appendix> member <vmtarget> ; # org/apache/commons/logging/LogFactory$$Lambda+0x000000003d049f28
instanceKlass org/apache/commons/logging/impl/WeakHashtable$Referenced
instanceKlass  @bci org/apache/commons/logging/LogFactory getContextClassLoaderInternal ()Ljava/lang/ClassLoader; 0 <appendix> argL0 ; # org/apache/commons/logging/LogFactory$$Lambda+0x000000003d049888
instanceKlass java/security/AccessControlContext
instanceKlass java/security/AccessController
instanceKlass  @bci org/apache/commons/logging/LogFactory getSystemProperty (Ljava/lang/String;Ljava/lang/String;)Ljava/lang/String; 2 <appendix> member <vmtarget> ; # org/apache/commons/logging/LogFactory$$Lambda+0x000000003d049280
instanceKlass jdk/internal/event/Event
instanceKlass  @cpi reactor/netty/internal/shaded/reactor/pool/PoolBuilder 442 form vmentry <vmtarget> ; # java/lang/invoke/LambdaForm$DMH+0x000000003d04c000
instanceKlass java/security/PrivilegedAction
instanceKlass org/apache/commons/logging/LogFactory
instanceKlass java/lang/invoke/VarHandle$AccessDescriptor
instanceKlass sun/net/NetHooks
instanceKlass sun/net/spi/DefaultProxySelector$NonProxyInfo
instanceKlass org/springframework/boot/env/PropertySourceInfo
instanceKlass sun/net/NetProperties
instanceKlass java/net/Proxy
instanceKlass java/net/ProxySelector
instanceKlass org/springframework/core/env/PropertySource
instanceKlass  @bci sun/nio/ch/NioSocketImpl closerFor (Ljava/io/FileDescriptor;)Ljava/lang/Runnable; 1 <appendix> member <vmtarget> ; # sun/nio/ch/NioSocketImpl$$Lambda+0x000000003d009238
instanceKlass  @cpi jdk/jfr/internal/TypeLibrary 872 form vmentry <vmtarget> ; # java/lang/invoke/LambdaForm$DMH+0x000000003d046400
instanceKlass org/springframework/core/OrderComparator
instanceKlass org/springframework/core/env/ConfigurableEnvironment
instanceKlass org/springframework/core/env/ConfigurablePropertyResolver
instanceKlass org/springframework/core/OrderComparator$OrderSourceProvider
instanceKlass org/springframework/beans/factory/config/ConfigurableBeanFactory
instanceKlass org/springframework/beans/factory/config/SingletonBeanRegistry
instanceKlass org/springframework/context/ApplicationContext
instanceKlass org/springframework/core/io/support/ResourcePatternResolver
instanceKlass  @cpi reactor/util/concurrent/Queues 176 form vmentry <vmtarget> ; # java/lang/invoke/LambdaForm$DMH+0x000000003d046000
instanceKlass org/springframework/context/ApplicationEventPublisher
instanceKlass jdk/net/ExtendedSocketOptions$2
instanceKlass org/springframework/context/MessageSource
instanceKlass jdk/net/ExtendedSocketOptions$PlatformSocketOptions
instanceKlass org/springframework/beans/factory/HierarchicalBeanFactory
instanceKlass jdk/net/ExtendedSocketOptions$ExtSocketOption
instanceKlass java/net/SocketOption
instanceKlass jdk/net/ExtendedSocketOptions
instanceKlass org/springframework/beans/factory/ListableBeanFactory
instanceKlass org/springframework/beans/factory/BeanFactory
instanceKlass sun/net/ext/ExtendedSocketOptions
instanceKlass java/net/Inet6Address$Inet6AddressHolder
instanceKlass jdk/internal/lang/stable/StableValueImpl
instanceKlass org/springframework/core/env/EnvironmentCapable
instanceKlass java/lang/StableValue
instanceKlass sun/nio/ch/Net$1
instanceKlass java/net/ProtocolFamily
instanceKlass sun/nio/ch/Net
instanceKlass org/springframework/context/ApplicationListener
instanceKlass java/util/EventListener
instanceKlass org/springframework/beans/factory/config/BeanFactoryPostProcessor
instanceKlass java/net/SocksConsts
instanceKlass org/springframework/core/io/ResourceLoader
instanceKlass sun/net/PlatformSocketImpl
instanceKlass org/springframework/core/convert/support/ConfigurableConversionService
instanceKlass org/springframework/core/convert/converter/ConverterRegistry
instanceKlass java/net/SocketImpl
instanceKlass java/net/SocketOptions
instanceKlass java/net/InetSocketAddress$InetSocketAddressHolder
instanceKlass java/net/InetAddress$PlatformResolver
instanceKlass java/net/spi/InetAddressResolver
instanceKlass java/net/spi/InetAddressResolver$LookupPolicy
instanceKlass java/net/Inet4AddressImpl
instanceKlass java/net/Inet6AddressImpl
instanceKlass java/net/InetAddressImpl
instanceKlass java/util/concurrent/ConcurrentSkipListMap$Node
instanceKlass java/util/concurrent/ConcurrentSkipListMap$Index
instanceKlass java/util/concurrent/ConcurrentNavigableMap
instanceKlass java/util/NavigableMap
instanceKlass java/util/SortedMap
instanceKlass java/util/NavigableSet
instanceKlass java/util/SortedSet
instanceKlass java/net/InetAddress$InetAddressHolder
instanceKlass java/security/Security$2
instanceKlass jdk/internal/access/JavaSecurityPropertiesAccess
instanceKlass java/util/concurrent/ConcurrentHashMap$MapEntry
instanceKlass org/springframework/core/convert/ConversionService
instanceKlass java/util/EventObject
instanceKlass org/springframework/core/env/Environment
instanceKlass org/springframework/core/env/PropertyResolver
instanceKlass sun/nio/ch/IOStatus
instanceKlass sun/nio/ch/Util$BufferCache
instanceKlass sun/nio/ch/Util
instanceKlass jdk/internal/misc/Blocker
instanceKlass sun/nio/ch/NativeThread
instanceKlass java/util/Properties$LineReader
instanceKlass sun/nio/ch/SelChImpl
instanceKlass java/nio/channels/NetworkChannel
instanceKlass sun/nio/ch/Streams
instanceKlass java/nio/channels/Channels
instanceKlass sun/nio/ch/FileChannelImpl$Closer
instanceKlass sun/nio/ch/NativeThreadSet
instanceKlass java/nio/channels/spi/AbstractInterruptibleChannel$1
instanceKlass sun/nio/ch/Interruptible
instanceKlass org/springframework/boot/ApplicationArguments
instanceKlass org/springframework/boot/bootstrap/ConfigurableBootstrapContext
instanceKlass org/springframework/boot/bootstrap/BootstrapContext
instanceKlass org/springframework/boot/bootstrap/BootstrapRegistry
instanceKlass sun/nio/ch/IOUtil
instanceKlass sun/nio/ch/NativeDispatcher
instanceKlass java/nio/channels/ScatteringByteChannel
instanceKlass java/nio/channels/GatheringByteChannel
instanceKlass java/nio/channels/SeekableByteChannel
instanceKlass java/nio/channels/ByteChannel
instanceKlass java/nio/channels/WritableByteChannel
instanceKlass java/nio/channels/ReadableByteChannel
instanceKlass java/nio/channels/spi/AbstractInterruptibleChannel
instanceKlass java/nio/channels/InterruptibleChannel
instanceKlass java/nio/channels/Channel
instanceKlass java/util/Collections$EmptyIterator
instanceKlass sun/nio/fs/WindowsChannelFactory$Flags
instanceKlass sun/nio/fs/WindowsChannelFactory$1
instanceKlass sun/nio/fs/WindowsChannelFactory
instanceKlass sun/nio/fs/WindowsSecurityDescriptor
instanceKlass java/nio/file/attribute/FileAttribute
instanceKlass org/springframework/boot/SpringApplication
instanceKlass sun/nio/fs/WindowsLinkSupport
instanceKlass java/net/URI$Parser
instanceKlass java/nio/file/FileSystems$DefaultFileSystemHolder
instanceKlass java/nio/file/FileSystems
instanceKlass java/security/Security$SecPropLoader
instanceKlass java/security/Security
instanceKlass sun/security/util/SecurityProperties
instanceKlass jdk/internal/util/Exceptions
instanceKlass java/net/InetAddress$1
instanceKlass jdk/internal/access/JavaNetInetAddressAccess
instanceKlass java/net/InetAddress
instanceKlass jdk/internal/misc/MethodFinder
instanceKlass java/net/SocketAddress
instanceKlass br/com/CarSearch/carSearch_backend/CarSearchBackendApplication
instanceKlass java/io/FileInputStream$1
instanceKlass java/lang/invoke/VarForm
instanceKlass java/lang/invoke/VarHandleGuards
instanceKlass java/lang/invoke/VarHandles
instanceKlass jdk/internal/invoke/MhUtil
instanceKlass java/net/Socket
instanceKlass sun/nio/cs/SingleByte
instanceKlass sun/nio/cs/MS1252$Holder
instanceKlass sun/nio/cs/ArrayDecoder
instanceKlass sun/launcher/LauncherHelper
instanceKlass java/io/Reader
instanceKlass com/intellij/rt/execution/application/AppMainV2
instanceKlass  @bci jdk/internal/reflect/DirectConstructorHandleAccessor invokeImpl ([Ljava/lang/Object;)Ljava/lang/Object; 88 <adapter> ; # java/lang/invoke/LambdaForm$MH+0x000000003d042400
# instanceKlass java/lang/invoke/LambdaForm$MH+0x000000003d042000
# instanceKlass java/lang/invoke/LambdaForm$MH+0x000000003d041c00
# instanceKlass java/lang/invoke/LambdaForm$MH+0x000000003d041800
instanceKlass  @bci org/springframework/web/reactive/function/client/DefaultClientResponse body (Lorg/springframework/web/reactive/function/BodyExtractor;)Ljava/lang/Object; 19 <appendix> form vmentry <vmtarget> ; # java/lang/invoke/LambdaForm$MH+0x000000003d041400
# instanceKlass java/lang/invoke/LambdaForm$MH+0x000000003d041000
instanceKlass  @cpi org/springframework/web/reactive/function/client/DefaultWebClient$DefaultRequestBodyUriSpec 828 form vmentry <vmtarget> ; # java/lang/invoke/LambdaForm$DMH+0x000000003d040400
instanceKlass com/intellij/rt/execution/application/AppMainV2$Agent
instanceKlass java/security/PermissionCollection
instanceKlass java/security/SecureClassLoader$1
instanceKlass java/util/zip/Checksum$1
instanceKlass java/util/zip/CRC32
instanceKlass java/util/zip/Checksum
instanceKlass sun/nio/ByteBuffered
instanceKlass java/lang/Package$VersionInfo
instanceKlass java/lang/NamedPackage
instanceKlass jdk/internal/loader/Resource
instanceKlass java/nio/charset/CoderResult
instanceKlass java/nio/charset/CharsetDecoder
instanceKlass java/lang/Readable
instanceKlass java/util/jar/Attributes
instanceKlass  @bci java/util/zip/ZipFile$Source initCEN (ILjava/util/zip/ZipCoder;)V 507 <appendix> argL0 ; # java/util/zip/ZipFile$Source$$Lambda+0x000000003d002058
instanceKlass java/lang/invoke/TypeConvertingMethodAdapter
instanceKlass java/lang/invoke/InnerClassLambdaMetafactory$6
instanceKlass java/lang/invoke/InnerClassLambdaMetafactory$3
instanceKlass java/lang/classfile/Interfaces
instanceKlass java/util/ImmutableCollections$Access$1
instanceKlass jdk/internal/access/JavaUtilCollectionAccess
instanceKlass java/util/ImmutableCollections$Access
instanceKlass java/lang/invoke/InnerClassLambdaMetafactory$1
instanceKlass sun/security/util/Debug
instanceKlass sun/security/util/SignatureFileVerifier
instanceKlass java/util/zip/ZipFile$InflaterCleanupAction
instanceKlass java/util/zip/Inflater$InflaterZStreamRef
instanceKlass java/util/zip/Inflater
instanceKlass java/util/zip/ZipEntry
instanceKlass java/nio/Bits$1
instanceKlass jdk/internal/misc/VM$BufferPool
instanceKlass java/nio/Bits
instanceKlass sun/nio/ch/DirectBuffer
instanceKlass jdk/internal/perf/PerfCounter$CoreCounters
instanceKlass jdk/internal/perf/Perf
instanceKlass jdk/internal/perf/PerfCounter
instanceKlass java/util/Locale$LocaleCache
instanceKlass jdk/internal/util/ReferencedKeyMap$1
instanceKlass sun/util/locale/BaseLocale$1InterningCache
instanceKlass sun/util/locale/LocaleUtils
instanceKlass java/util/Locale
instanceKlass java/nio/file/attribute/FileTime
instanceKlass java/util/zip/ZipUtils
instanceKlass java/util/zip/ZipFile$Source$End
instanceKlass java/io/RandomAccessFile$2
instanceKlass jdk/internal/access/JavaIORandomAccessFileAccess
instanceKlass java/io/RandomAccessFile
instanceKlass java/io/DataInput
instanceKlass java/io/DataOutput
instanceKlass sun/nio/fs/WindowsNativeDispatcher$CompletionStatus
instanceKlass sun/nio/fs/WindowsNativeDispatcher$AclInformation
instanceKlass sun/nio/fs/WindowsNativeDispatcher$Account
instanceKlass sun/nio/fs/WindowsNativeDispatcher$DiskFreeSpace
instanceKlass sun/nio/fs/WindowsNativeDispatcher$VolumeInformation
instanceKlass sun/nio/fs/WindowsNativeDispatcher$FirstStream
instanceKlass sun/nio/fs/WindowsNativeDispatcher$FirstFile
instanceKlass java/util/Enumeration
instanceKlass java/util/concurrent/ConcurrentHashMap$Traverser
instanceKlass sun/nio/fs/WindowsNativeDispatcher
instanceKlass sun/nio/fs/NativeBuffer$Deallocator
instanceKlass sun/nio/fs/NativeBuffer
instanceKlass java/lang/ThreadLocal$ThreadLocalMap
instanceKlass java/lang/ThreadLocal
instanceKlass sun/nio/fs/NativeBuffers
instanceKlass sun/nio/fs/WindowsFileAttributes
instanceKlass java/nio/file/attribute/DosFileAttributes
instanceKlass sun/nio/fs/AbstractBasicFileAttributeView
instanceKlass sun/nio/fs/DynamicFileAttributeView
instanceKlass sun/nio/fs/WindowsFileAttributeViews
instanceKlass sun/nio/fs/Util
instanceKlass java/nio/file/attribute/BasicFileAttributeView
instanceKlass java/nio/file/attribute/FileAttributeView
instanceKlass java/nio/file/attribute/AttributeView
instanceKlass java/nio/file/Files
instanceKlass java/nio/file/CopyOption
instanceKlass java/nio/file/attribute/BasicFileAttributes
instanceKlass sun/nio/fs/WindowsPath
instanceKlass java/util/zip/ZipFile$Source$Key
instanceKlass sun/nio/fs/WindowsPathParser
instanceKlass java/nio/file/FileSystem
instanceKlass java/nio/file/OpenOption
instanceKlass java/nio/file/spi/FileSystemProvider
instanceKlass sun/nio/fs/DefaultFileSystemProvider
instanceKlass java/util/zip/ZipFile$Source
instanceKlass java/lang/ref/Cleaner$Cleanable
instanceKlass jdk/internal/ref/CleanerImpl$CleanableList$Node
instanceKlass jdk/internal/ref/CleanerImpl$CleanableList
instanceKlass jdk/internal/ref/CleanerImpl
instanceKlass java/lang/ref/Cleaner$1
instanceKlass java/lang/ref/Cleaner
instanceKlass jdk/internal/ref/CleanerFactory$1
instanceKlass java/util/concurrent/ThreadFactory
instanceKlass jdk/internal/ref/CleanerFactory
instanceKlass java/util/zip/ZipFile$CleanableResource
instanceKlass java/util/zip/ZipCoder
instanceKlass java/lang/Runtime$Version
instanceKlass java/util/jar/JavaUtilJarAccessImpl
instanceKlass jdk/internal/access/JavaUtilJarAccess
instanceKlass jdk/internal/loader/FileURLMapper
instanceKlass java/util/zip/ZipFile$1
instanceKlass jdk/internal/access/JavaUtilZipFileAccess
instanceKlass java/util/BitSet
instanceKlass java/util/zip/ZipFile
instanceKlass java/util/zip/ZipConstants
instanceKlass jdk/internal/loader/URLClassPath$Loader
instanceKlass sun/net/util/URLUtil
instanceKlass sun/instrument/TransformerManager$TransformerInfo
instanceKlass sun/instrument/TransformerManager
instanceKlass jdk/internal/loader/NativeLibraries$2
instanceKlass jdk/internal/loader/NativeLibrary
instanceKlass java/util/ArrayDeque$DeqIterator
instanceKlass jdk/internal/loader/NativeLibraries$NativeLibraryContext$1
instanceKlass jdk/internal/loader/NativeLibraries$NativeLibraryContext
instanceKlass jdk/internal/loader/NativeLibraries$1
instanceKlass jdk/internal/loader/NativeLibraries$LibraryPaths
instanceKlass jdk/internal/reflect/Reflection$1Holder
instanceKlass sun/instrument/InstrumentationImpl
instanceKlass java/lang/instrument/Instrumentation
instanceKlass jdk/internal/vm/ContinuationSupport
instanceKlass jdk/internal/module/ModuleBootstrap$SafeModuleFinder
instanceKlass java/lang/ModuleLayer$Controller
instanceKlass java/util/concurrent/CopyOnWriteArrayList
instanceKlass jdk/internal/module/ServicesCatalog$ServiceProvider
instanceKlass jdk/internal/loader/AbstractClassLoaderValue$Memoizer
instanceKlass java/util/ArrayList$Itr
instanceKlass java/util/Collections$UnmodifiableCollection$1
instanceKlass java/util/SequencedMap
instanceKlass java/util/SequencedSet
instanceKlass java/lang/module/ModuleFinder$1
instanceKlass java/nio/file/Path
instanceKlass java/nio/file/Watchable
instanceKlass java/lang/module/Resolver
instanceKlass java/util/Collections$2
instanceKlass java/util/stream/FindOps$FindOp
instanceKlass  @bci java/util/stream/FindOps$FindSink$OfRef <clinit> ()V 6 <appendix> argL0 ; # java/util/stream/FindOps$FindSink$OfRef$$Lambda+0x800000048
instanceKlass  @bci java/util/stream/FindOps$FindSink$OfRef <clinit> ()V 0 <appendix> argL0 ; # java/util/stream/FindOps$FindSink$OfRef$$Lambda+0x800000049
instanceKlass java/util/stream/FindOps$FindSink
instanceKlass java/util/stream/FindOps
instanceKlass  @bci jdk/internal/module/DefaultRoots exportsAPI (Ljava/lang/module/ModuleDescriptor;)Z 9 <appendix> argL0 ; # jdk/internal/module/DefaultRoots$$Lambda+0x80000004f
instanceKlass java/util/stream/Sink$ChainedReference
instanceKlass java/util/stream/ReduceOps$AccumulatingSink
instanceKlass java/util/stream/TerminalSink
instanceKlass java/util/stream/Sink
instanceKlass java/util/stream/ReduceOps$Box
instanceKlass java/util/stream/ReduceOps$ReduceOp
instanceKlass java/util/stream/TerminalOp
instanceKlass java/util/stream/ReduceOps
instanceKlass  @bci java/util/stream/Collectors castingIdentity ()Ljava/util/function/Function; 0 <appendix> argL0 ; # java/util/stream/Collectors$$Lambda+0x800000042
instanceKlass  @bci java/util/stream/Collectors toSet ()Ljava/util/stream/Collector; 14 <appendix> argL0 ; # java/util/stream/Collectors$$Lambda+0x800000040
instanceKlass java/util/function/BinaryOperator
instanceKlass  @bci java/util/stream/Collectors toSet ()Ljava/util/stream/Collector; 9 <appendix> argL0 ; # java/util/stream/Collectors$$Lambda+0x800000038
instanceKlass java/util/function/BiConsumer
instanceKlass  @bci java/util/stream/Collectors toSet ()Ljava/util/stream/Collector; 4 <appendix> argL0 ; # java/util/stream/Collectors$$Lambda+0x800000045
instanceKlass java/util/stream/Collector
instanceKlass java/util/Collections$UnmodifiableCollection
instanceKlass java/util/stream/Collectors
instanceKlass  @bci jdk/internal/module/DefaultRoots compute (Ljava/lang/module/ModuleFinder;Ljava/lang/module/ModuleFinder;)Ljava/util/Set; 42 <appendix> argL0 ; # jdk/internal/module/DefaultRoots$$Lambda+0x80000004c
instanceKlass  @bci jdk/internal/module/DefaultRoots compute (Ljava/lang/module/ModuleFinder;Ljava/lang/module/ModuleFinder;)Ljava/util/Set; 32 <appendix> member <vmtarget> ; # jdk/internal/module/DefaultRoots$$Lambda+0x800000050
instanceKlass  @bci jdk/internal/module/DefaultRoots compute (Ljava/lang/module/ModuleFinder;Ljava/lang/module/ModuleFinder;)Ljava/util/Set; 21 <appendix> argL0 ; # jdk/internal/module/DefaultRoots$$Lambda+0x80000004d
instanceKlass  @bci jdk/internal/module/DefaultRoots compute (Ljava/lang/module/ModuleFinder;Ljava/lang/module/ModuleFinder;)Ljava/util/Set; 11 <appendix> argL0 ; # jdk/internal/module/DefaultRoots$$Lambda+0x80000004e
instanceKlass java/lang/invoke/LambdaProxyClassArchive
instanceKlass java/lang/invoke/InfoFromMemberName
instanceKlass java/lang/invoke/MethodHandleInfo
instanceKlass java/lang/invoke/AbstractValidatingLambdaMetafactory
instanceKlass java/lang/invoke/BootstrapMethodInvoker
instanceKlass java/util/function/Predicate
instanceKlass java/lang/invoke/LambdaMetafactory
# instanceKlass java/lang/invoke/LambdaForm$MH+0x000000003d040000
instanceKlass jdk/internal/util/ModifiedUtf
instanceKlass java/lang/StringCoding
instanceKlass jdk/internal/classfile/impl/ClassReaderImpl
instanceKlass java/lang/classfile/ClassReader
instanceKlass jdk/internal/classfile/impl/ClassHierarchyImpl$CachedClassHierarchyResolver$1
instanceKlass java/lang/classfile/ClassHierarchyResolver$ClassHierarchyInfo
instanceKlass jdk/internal/classfile/impl/ClassHierarchyImpl$CachedClassHierarchyResolver
instanceKlass jdk/internal/classfile/impl/ClassHierarchyImpl$ClassLoadingClassHierarchyResolver$1
instanceKlass jdk/internal/classfile/impl/ClassHierarchyImpl$ClassLoadingClassHierarchyResolver
instanceKlass java/lang/classfile/ClassHierarchyResolver
instanceKlass jdk/internal/classfile/impl/ClassHierarchyImpl
instanceKlass jdk/internal/classfile/impl/RawBytecodeHelper$1
instanceKlass jdk/internal/classfile/impl/RawBytecodeHelper
instanceKlass jdk/internal/classfile/impl/StackMapGenerator$Frame
instanceKlass jdk/internal/classfile/impl/StackMapGenerator
instanceKlass jdk/internal/classfile/impl/AnnotationReader
instanceKlass java/lang/classfile/CustomAttribute
instanceKlass jdk/internal/classfile/impl/TerminalFieldBuilder
instanceKlass java/lang/classfile/FieldBuilder
instanceKlass java/lang/invoke/InvokerBytecodeGenerator$2
instanceKlass jdk/internal/classfile/impl/BytecodeHelpers
instanceKlass java/lang/classfile/constantpool/MethodRefEntry
instanceKlass sun/invoke/empty/Empty
instanceKlass sun/invoke/util/VerifyType
instanceKlass jdk/internal/classfile/impl/DirectCodeBuilder$8
instanceKlass java/lang/classfile/instruction/LabelTarget
instanceKlass java/lang/classfile/Label
instanceKlass jdk/internal/classfile/impl/BufWriterImpl
instanceKlass java/lang/classfile/BufWriter
instanceKlass java/lang/classfile/instruction/LocalVariableType
instanceKlass java/lang/classfile/instruction/LocalVariable
instanceKlass java/lang/classfile/instruction/CharacterRange
instanceKlass java/lang/classfile/PseudoInstruction
instanceKlass java/lang/classfile/CodeElement
instanceKlass jdk/internal/classfile/impl/TerminalCodeBuilder
instanceKlass jdk/internal/classfile/impl/LabelContext
instanceKlass java/lang/classfile/CodeBuilder
instanceKlass java/lang/invoke/InvokerBytecodeGenerator$4$1
instanceKlass java/lang/classfile/constantpool/FieldRefEntry
instanceKlass java/lang/classfile/constantpool/MemberRefEntry
instanceKlass java/lang/classfile/constantpool/NameAndTypeEntry
instanceKlass jdk/internal/classfile/impl/TerminalMethodBuilder
instanceKlass jdk/internal/classfile/impl/MethodInfo
instanceKlass java/lang/classfile/MethodBuilder
instanceKlass java/lang/invoke/InvokerBytecodeGenerator$4
instanceKlass java/lang/classfile/attribute/SourceFileAttribute
instanceKlass java/lang/classfile/Superclass
instanceKlass jdk/internal/classfile/impl/AttributeHolder
instanceKlass java/lang/classfile/ClassBuilder
instanceKlass java/lang/classfile/ClassFileBuilder
instanceKlass jdk/internal/classfile/impl/AbstractDirectBuilder
instanceKlass java/lang/invoke/InvokerBytecodeGenerator$1
instanceKlass jdk/internal/classfile/impl/ClassFileImpl
instanceKlass java/lang/classfile/ClassFile
instanceKlass java/lang/invoke/InvokerBytecodeGenerator$3
instanceKlass java/util/function/Consumer
instanceKlass java/lang/classfile/constantpool/ClassEntry
instanceKlass java/lang/classfile/constantpool/LoadableConstantEntry
instanceKlass jdk/internal/classfile/impl/Util
instanceKlass jdk/internal/classfile/impl/EntryMap
instanceKlass jdk/internal/classfile/impl/BootstrapMethodEntryImpl
instanceKlass java/lang/classfile/BootstrapMethodEntry
instanceKlass jdk/internal/classfile/impl/SplitConstantPool
instanceKlass java/lang/invoke/LambdaFormBuffer
instanceKlass java/lang/invoke/LambdaFormEditor$TransformKey
instanceKlass java/lang/invoke/LambdaFormEditor
instanceKlass java/lang/invoke/Invokers$Holder
instanceKlass java/lang/invoke/DelegatingMethodHandle$Holder
instanceKlass java/lang/invoke/DirectMethodHandle$2
instanceKlass java/lang/invoke/ClassSpecializer$Factory
instanceKlass java/lang/invoke/ClassSpecializer$SpeciesData
instanceKlass java/lang/invoke/ClassSpecializer$1
instanceKlass jdk/internal/vm/annotation/Stable
instanceKlass java/lang/invoke/ClassSpecializer
instanceKlass java/lang/invoke/InvokerBytecodeGenerator$8
instanceKlass jdk/internal/classfile/impl/AbstractAttributeMapper
instanceKlass java/lang/classfile/AttributeMapper
instanceKlass java/lang/classfile/Attributes
instanceKlass jdk/internal/classfile/impl/Util$Writable
instanceKlass jdk/internal/classfile/impl/AbstractElement
instanceKlass java/lang/classfile/attribute/RuntimeVisibleAnnotationsAttribute
instanceKlass java/lang/classfile/FieldElement
instanceKlass java/lang/classfile/MethodElement
instanceKlass java/lang/classfile/ClassElement
instanceKlass java/lang/classfile/Attribute
instanceKlass java/lang/classfile/ClassFileElement
instanceKlass java/lang/classfile/constantpool/Utf8Entry
instanceKlass java/lang/classfile/constantpool/AnnotationConstantValueEntry
instanceKlass java/lang/classfile/constantpool/PoolEntry
instanceKlass jdk/internal/classfile/impl/AbstractPoolEntry
instanceKlass jdk/internal/classfile/impl/TemporaryConstantPool
instanceKlass java/lang/classfile/constantpool/ConstantPoolBuilder
instanceKlass java/lang/classfile/constantpool/ConstantPool
instanceKlass java/lang/classfile/Annotation
instanceKlass java/lang/classfile/AnnotationElement
instanceKlass java/lang/invoke/InvokerBytecodeGenerator
instanceKlass java/lang/invoke/LambdaForm$Holder
instanceKlass java/lang/invoke/LambdaForm$Name
instanceKlass java/lang/reflect/Array
instanceKlass java/lang/invoke/Invokers
instanceKlass sun/invoke/util/ValueConversions
instanceKlass java/lang/invoke/DirectMethodHandle$Holder
instanceKlass java/lang/constant/DynamicConstantDesc
instanceKlass jdk/internal/constant/DirectMethodHandleDescImpl$1
instanceKlass jdk/internal/constant/DirectMethodHandleDescImpl
instanceKlass java/lang/constant/DirectMethodHandleDesc
instanceKlass java/lang/constant/MethodHandleDesc$1
instanceKlass java/lang/constant/MethodHandleDesc
instanceKlass jdk/internal/constant/MethodTypeDescImpl
instanceKlass java/lang/constant/MethodTypeDesc
instanceKlass jdk/internal/constant/ConstantUtils
instanceKlass jdk/internal/constant/ArrayClassDescImpl
instanceKlass jdk/internal/constant/ClassOrInterfaceDescImpl
instanceKlass java/lang/constant/ClassDesc
instanceKlass java/lang/constant/ConstantDescs
instanceKlass sun/invoke/util/Wrapper$Format
instanceKlass java/lang/invoke/MethodHandleImpl$1
instanceKlass jdk/internal/access/JavaLangInvokeAccess
instanceKlass java/lang/invoke/LambdaForm$NamedFunction
instanceKlass jdk/internal/reflect/MethodHandleAccessorFactory$LazyStaticHolder
instanceKlass java/lang/invoke/MethodTypeForm
instanceKlass jdk/internal/util/StrongReferenceKey
instanceKlass jdk/internal/util/ReferenceKey
instanceKlass jdk/internal/util/ReferencedKeyMap
instanceKlass java/lang/invoke/MethodType$1
instanceKlass sun/reflect/annotation/AnnotationParser
instanceKlass java/lang/PublicMethods$Key
instanceKlass java/lang/PublicMethods$MethodList
instanceKlass java/util/EnumMap$1
instanceKlass java/util/stream/StreamOpFlag$MaskBuilder
instanceKlass java/util/stream/Stream
instanceKlass java/util/stream/BaseStream
instanceKlass java/util/stream/PipelineHelper
instanceKlass java/util/stream/StreamSupport
instanceKlass java/util/Spliterators$IteratorSpliterator
instanceKlass java/util/Spliterator
instanceKlass java/util/Spliterators
instanceKlass jdk/internal/module/DefaultRoots
instanceKlass jdk/internal/loader/BuiltinClassLoader$LoadedModule
instanceKlass java/lang/Module$EnableNativeAccess
instanceKlass jdk/internal/loader/BootLoader
instanceKlass java/util/Optional
instanceKlass jdk/internal/module/ModuleResolution
instanceKlass jdk/internal/module/ModuleHashes$Builder
instanceKlass java/util/ImmutableCollections$Set12$1
instanceKlass java/util/ImmutableCollections$ListItr
instanceKlass java/util/ListIterator
instanceKlass java/util/ImmutableCollections$SetN$SetNIterator
instanceKlass jdk/internal/module/Builder
instanceKlass jdk/internal/module/SystemModules$all
instanceKlass jdk/internal/module/SystemModules
instanceKlass jdk/internal/module/SystemModulesMap
instanceKlass jdk/internal/module/SystemModuleFinders
instanceKlass jdk/internal/loader/AbstractClassLoaderValue
instanceKlass jdk/internal/module/ServicesCatalog
instanceKlass java/util/Deque
instanceKlass java/util/Queue
instanceKlass sun/net/util/IPAddressUtil$MASKS
instanceKlass sun/net/util/IPAddressUtil
instanceKlass java/net/URLStreamHandler
instanceKlass java/lang/StringUTF16
instanceKlass sun/net/www/ParseUtil
instanceKlass java/net/URL$1
instanceKlass jdk/internal/access/JavaNetURLAccess
instanceKlass java/net/URL$DefaultFactory
instanceKlass java/net/URLStreamHandlerFactory
instanceKlass jdk/internal/loader/URLClassPath
instanceKlass java/util/concurrent/ConcurrentHashMap$CollectionView
instanceKlass jdk/internal/loader/ClassLoaderHelper
instanceKlass jdk/internal/loader/NativeLibraries
instanceKlass java/security/Principal
instanceKlass java/lang/ClassLoader$ParallelLoaders
instanceKlass java/security/cert/Certificate
instanceKlass jdk/internal/loader/ArchivedClassLoaders
instanceKlass java/net/URI$1
instanceKlass jdk/internal/access/JavaNetUriAccess
instanceKlass jdk/internal/module/ArchivedBootLayer
instanceKlass jdk/internal/module/ModuleBootstrap$Counters
instanceKlass jdk/internal/module/ModuleLoaderMap$Modules
instanceKlass jdk/internal/module/ModuleLoaderMap
instanceKlass jdk/internal/module/ModulePatcher
instanceKlass jdk/internal/util/DecimalDigits
instanceKlass java/io/FileSystem
instanceKlass java/io/DefaultFileSystem
instanceKlass java/io/File
instanceKlass java/lang/module/ModuleDescriptor$1
instanceKlass jdk/internal/access/JavaLangModuleAccess
instanceKlass sun/invoke/util/VerifyAccess
instanceKlass java/util/KeyValueHolder
instanceKlass java/util/ImmutableCollections$MapN$MapNIterator
instanceKlass java/lang/invoke/MethodHandles$Lookup
instanceKlass java/lang/invoke/MemberName$Factory
instanceKlass java/lang/invoke/MethodHandles
instanceKlass jdk/internal/module/ModuleBootstrap
instanceKlass java/util/HexFormat
instanceKlass jdk/internal/util/ClassFileDumper
instanceKlass java/lang/CharacterData
instanceKlass java/lang/invoke/MethodHandleStatics
instanceKlass java/util/Collections
instanceKlass java/lang/Thread$ThreadIdentifiers
instanceKlass sun/io/Win32ErrorMode
instanceKlass jdk/internal/misc/OSEnvironment
instanceKlass jdk/internal/misc/Signal$NativeHandler
instanceKlass java/util/Hashtable$Entry
instanceKlass jdk/internal/misc/Signal
instanceKlass java/lang/Terminator$1
instanceKlass jdk/internal/misc/Signal$Handler
instanceKlass java/lang/Terminator
instanceKlass java/nio/ByteOrder
instanceKlass java/nio/Buffer$2
instanceKlass jdk/internal/access/JavaNioAccess
instanceKlass java/nio/Buffer$1
instanceKlass jdk/internal/misc/ScopedMemoryAccess
instanceKlass java/nio/charset/CodingErrorAction
instanceKlass java/nio/charset/CharsetEncoder
instanceKlass java/io/Writer
instanceKlass java/io/OutputStream
instanceKlass java/io/Flushable
instanceKlass java/io/FileDescriptor$1
instanceKlass jdk/internal/access/JavaIOFileDescriptorAccess
instanceKlass java/io/FileDescriptor
instanceKlass jdk/internal/util/StaticProperty
instanceKlass jdk/internal/reflect/MethodHandleAccessorFactory
instanceKlass jdk/internal/reflect/Reflection
instanceKlass java/lang/reflect/Modifier
instanceKlass java/lang/Class$Atomic
instanceKlass java/lang/Class$ReflectionData
instanceKlass java/nio/charset/StandardCharsets
instanceKlass sun/nio/cs/HistoricallyNamedCharset
instanceKlass java/util/Arrays
instanceKlass jdk/internal/util/Preconditions$3
instanceKlass jdk/internal/util/Preconditions$2
instanceKlass jdk/internal/util/Preconditions$4
instanceKlass java/util/function/BiFunction
instanceKlass jdk/internal/util/Preconditions$1
instanceKlass jdk/internal/util/Preconditions
instanceKlass java/nio/charset/spi/CharsetProvider
instanceKlass java/nio/charset/Charset
instanceKlass java/util/HashMap$HashIterator
instanceKlass java/util/concurrent/locks/LockSupport
instanceKlass java/util/concurrent/ConcurrentHashMap$Node
instanceKlass java/util/concurrent/ConcurrentHashMap$CounterCell
instanceKlass java/util/concurrent/locks/ReentrantLock
instanceKlass java/util/concurrent/locks/Lock
instanceKlass java/lang/Runtime
instanceKlass java/lang/VersionProps
instanceKlass java/lang/StringConcatHelper
instanceKlass jdk/internal/util/ArraysSupport
instanceKlass java/lang/StringLatin1
instanceKlass java/lang/StrictMath
instanceKlass jdk/internal/util/SystemProps$Raw
instanceKlass jdk/internal/util/SystemProps
instanceKlass java/lang/System$1
instanceKlass jdk/internal/access/JavaLangAccess
instanceKlass java/lang/ref/ReferenceQueue$Lock
instanceKlass java/lang/ref/ReferenceQueue
instanceKlass java/lang/ref/Reference$1
instanceKlass jdk/internal/access/JavaLangRefAccess
instanceKlass java/lang/Math
instanceKlass java/io/ObjectStreamClass
instanceKlass jdk/internal/reflect/ReflectionFactory
instanceKlass jdk/internal/access/SharedSecrets
instanceKlass java/lang/reflect/ReflectAccess
instanceKlass jdk/internal/access/JavaLangReflectAccess
instanceKlass java/util/Objects
instanceKlass jdk/internal/misc/CDS
instanceKlass java/lang/Module$ArchivedData
instanceKlass jdk/internal/misc/VM
instanceKlass java/lang/String$CaseInsensitiveComparator
instanceKlass java/util/Comparator
instanceKlass java/io/ObjectStreamField
instanceKlass jdk/internal/math/FDBigInteger
instanceKlass java/lang/ModuleLayer
instanceKlass java/util/ImmutableCollections
instanceKlass jdk/internal/module/ModuleLoaderMap$Mapper
instanceKlass java/util/function/Function
instanceKlass java/lang/module/ResolvedModule
instanceKlass java/lang/module/Configuration
instanceKlass java/util/HashMap$Node
instanceKlass java/util/Map$Entry
instanceKlass java/util/Collections$UnmodifiableMap
instanceKlass jdk/internal/module/ModuleHashes
instanceKlass jdk/internal/module/ModuleTarget
instanceKlass java/lang/module/ModuleDescriptor$Opens
instanceKlass jdk/internal/module/SystemModuleFinders$2
instanceKlass jdk/internal/module/ModuleHashes$HashSupplier
instanceKlass jdk/internal/module/SystemModuleFinders$1
instanceKlass java/util/function/Supplier
instanceKlass java/net/URI
instanceKlass java/lang/module/ModuleDescriptor$Provides
instanceKlass java/lang/module/ModuleDescriptor$Exports
instanceKlass java/lang/module/ModuleDescriptor$Requires
instanceKlass java/lang/module/ModuleDescriptor$Version
instanceKlass java/lang/module/ModuleDescriptor
instanceKlass java/lang/module/ModuleReference
instanceKlass java/util/Set
instanceKlass jdk/internal/module/SystemModuleFinders$SystemModuleFinder
instanceKlass java/lang/module/ModuleFinder
instanceKlass jdk/internal/module/ArchivedModuleGraph
instanceKlass sun/util/locale/BaseLocale
instanceKlass java/util/jar/Attributes$Name
instanceKlass java/lang/Character$CharacterCache
instanceKlass java/lang/Short$ShortCache
instanceKlass java/lang/Byte$ByteCache
instanceKlass java/lang/Long$LongCache
instanceKlass java/lang/Integer$IntegerCache
instanceKlass jdk/internal/vm/FillerObject
instanceKlass jdk/internal/vm/vector/VectorSupport$VectorPayload
instanceKlass jdk/internal/vm/vector/VectorSupport
instanceKlass java/lang/reflect/RecordComponent
instanceKlass java/util/Iterator
instanceKlass java/lang/Void
instanceKlass java/lang/Number
instanceKlass java/lang/Character
instanceKlass java/lang/Boolean
instanceKlass java/util/concurrent/locks/AbstractOwnableSynchronizer
instanceKlass java/lang/LiveStackFrame
instanceKlass java/lang/ClassFrameInfo
instanceKlass java/lang/StackWalker$StackFrame
instanceKlass java/lang/StackStreamFactory$AbstractStackWalker
instanceKlass java/lang/StackWalker
instanceKlass java/nio/Buffer
instanceKlass java/lang/StackTraceElement
instanceKlass java/util/RandomAccess
instanceKlass java/util/List
instanceKlass java/util/SequencedCollection
instanceKlass java/util/AbstractCollection
instanceKlass java/util/Collection
instanceKlass java/lang/Iterable
instanceKlass java/util/concurrent/ConcurrentMap
instanceKlass java/util/AbstractMap
instanceKlass java/security/CodeSource
instanceKlass jdk/internal/loader/ClassLoaders
instanceKlass java/util/jar/Manifest
instanceKlass java/lang/Enum
instanceKlass java/net/URL
instanceKlass java/io/InputStream
instanceKlass java/io/Closeable
instanceKlass java/lang/AutoCloseable
instanceKlass jdk/internal/module/Modules
instanceKlass jdk/internal/misc/Unsafe
instanceKlass jdk/internal/misc/UnsafeConstants
instanceKlass java/lang/AbstractStringBuilder
instanceKlass java/lang/Appendable
instanceKlass java/lang/AssertionStatusDirectives
instanceKlass jdk/internal/foreign/abi/ABIDescriptor
instanceKlass jdk/internal/foreign/abi/NativeEntryPoint
instanceKlass java/lang/invoke/CallSite
instanceKlass java/lang/invoke/MethodType
instanceKlass java/lang/invoke/TypeDescriptor$OfMethod
instanceKlass java/lang/invoke/LambdaForm
instanceKlass java/lang/invoke/MethodHandleNatives
instanceKlass java/lang/invoke/MethodHandleImpl
instanceKlass java/lang/invoke/ResolvedMethodName
instanceKlass java/lang/invoke/MemberName
instanceKlass java/lang/invoke/VarHandle
instanceKlass java/lang/invoke/MethodHandle
instanceKlass jdk/internal/reflect/ConstructorAccessorImpl
instanceKlass jdk/internal/reflect/ConstructorAccessor
instanceKlass jdk/internal/reflect/CallerSensitive
instanceKlass java/lang/annotation/Annotation
instanceKlass jdk/internal/reflect/ConstantPool
instanceKlass jdk/internal/reflect/MethodAccessorImpl
instanceKlass jdk/internal/reflect/MethodAccessor
instanceKlass jdk/internal/vm/StackChunk
instanceKlass jdk/internal/vm/Continuation
instanceKlass jdk/internal/vm/ContinuationScope
instanceKlass java/lang/reflect/Parameter
instanceKlass java/lang/reflect/Member
instanceKlass java/lang/reflect/AccessibleObject
instanceKlass java/lang/Module
instanceKlass java/util/Map
instanceKlass java/util/Dictionary
instanceKlass java/lang/ThreadGroup
instanceKlass java/lang/Thread$UncaughtExceptionHandler
instanceKlass java/lang/Thread$Constants
instanceKlass java/lang/Thread$FieldHolder
instanceKlass java/lang/Thread
instanceKlass java/lang/Runnable
instanceKlass java/lang/ref/Reference
instanceKlass java/lang/Record
instanceKlass java/security/ProtectionDomain
instanceKlass java/lang/Throwable
instanceKlass java/lang/System
instanceKlass java/lang/ClassLoader
instanceKlass java/lang/Cloneable
instanceKlass java/lang/Class
instanceKlass java/lang/invoke/TypeDescriptor$OfField
instanceKlass java/lang/invoke/TypeDescriptor
instanceKlass java/lang/reflect/Type
instanceKlass java/lang/reflect/GenericDeclaration
instanceKlass java/lang/reflect/AnnotatedElement
instanceKlass java/lang/String
instanceKlass java/lang/constant/ConstantDesc
instanceKlass java/lang/constant/Constable
instanceKlass java/lang/CharSequence
instanceKlass java/lang/Comparable
instanceKlass java/io/Serializable
ciInstanceKlass java/lang/Object 1 1 115 100 1 10 12 1 1 10 7 12 1 1 1 10 100 12 1 1 1 10 12 1 1 8 1 10 12 1 1 10 100 12 1 1 1 10 12 1 10 12 1 1 100 1 8 1 10 12 1 10 7 12 1 1 1 7 1 10 12 1 7 1 10 12 1 1 8 1 3 8 1 100 1 5 0 1 1 1 1 1 1 1 1 1 1 1 1 1 1 1 1 7 1 1 1 1 1 1 1 1 1 1 1 1 1 7 1 1 1 1 1 1 3 1 1
ciInstanceKlass java/io/Serializable 1 0 7 100 1 100 1 1 1
ciInstanceKlass java/lang/System 1 1 591 10 100 12 1 1 1 10 7 12 1 1 1 10 12 1 1 10 12 1 9 12 1 1 10 7 12 1 1 1 11 7 12 1 1 1 10 100 12 1 1 1 10 12 1 1 100 1 8 1 10 12 1 9 12 1 1 9 12 1 1 10 7 12 1 1 1 10 7 12 1 1 1 10 12 1 1 10 12 1 10 7 12 1 1 1 10 12 1 10 12 1 1 7 1 10 12 1 1 100 1 8 1 10 10 12 1 1 100 1 8 1 10 10 7 12 1 1 10 12 10 7 12 1 1 10 7 12 1 1 1 100 1 8 1 10 10 7 12 1 1 1 10 7 12 1 1 1 100 1 10 100 12 1 1 1 10 12 1 1 10 7 12 1 1 1 10 12 1 1 10 12 1 10 12 1 8 1 10 12 1 1 10 12 1 1 8 1 10 12 1 7 1 7 1 10 12 1 9 7 12 1 1 1 10 7 12 1 1 1 10 12 1 10 12 1 10 7 12 1 1 1 100 1 8 1 10 9 12 1 1 9 12 1 10 12 1 10 100 12 1 1 10 12 1 10 12 1 1 100 1 10 8 1 10 12 1 1 10 12 1 10 12 1 1 10 12 1 1 8 1 11 7 12 1 1 10 12 11 12 1 1 11 7 12 1 1 1 11 7 12 1 1 11 12 1 1 7 1 11 12 1 10 12 1 8 1 10 12 1 1 8 1 8 1 8 1 8 1 11 12 1 10 12 1 1 10 12 1 10 12 1 8 1 10 12 1 1 8 1 9 12 1 8 1 10 7 12 1 1 8 1 7 1 9 7 12 1 1 1 10 12 1 7 1 9 12 10 9 12 7 1 10 12 9 12 1 1 8 1 10 12 1 1 8 1 9 12 1 10 7 12 1 1 10 12 1 10 12 1 1 11 7 12 1 1 10 12 10 7 12 1 1 1 9 12 1 1 100 1 100 1 8 1 10 12 1 1 10 12 1 8 1 8 1 10 8 1 8 1 8 1 8 1 8 1 10 8 1 10 7 12 1 1 1 10 7 12 1 1 1 10 12 1 1 7 1 10 10 12 1 10 12 1 9 12 1 1 1 1 1 1 1 1 1 1 1 1 100 1 1 100 1 1 1 1 1 1 1 1 1 1 3 1 1 1 1 1 1 1 1 1 1 1 1 1 1 1 1 1 1 1 1 1 1 1 1 1 1 1 1 1 1 1 1 1 1 1 1 1 1 1 1 1 1 1 1 1 1 1 1 1 1 1 100 1 1 1 1 1 1 1 1 1 1 1 1 1 1 1 1 1 1 1 1 1 1 1 1 1 100 1 100 1 1 1 1 1 1 1 1
staticfield java/lang/System in Ljava/io/InputStream; java/io/BufferedInputStream
staticfield java/lang/System out Ljava/io/PrintStream; java/io/PrintStream
staticfield java/lang/System err Ljava/io/PrintStream; java/io/PrintStream
instanceKlass org/springframework/beans/factory/support/ManagedProperties
instanceKlass org/springframework/core/SortedProperties
instanceKlass java/security/Provider
instanceKlass java/security/Security$1
ciInstanceKlass java/util/Properties 1 1 690 10 7 12 1 1 1 100 1 10 7 12 1 1 7 1 10 12 1 9 12 1 1 9 12 1 1 9 12 1 1 10 7 12 1 1 1 10 12 1 1 8 1 10 7 12 1 1 1 7 1 10 12 1 10 12 1 1 8 1 10 12 1 7 1 10 12 10 12 1 1 9 12 1 1 10 12 1 1 7 1 10 12 1 10 12 1 10 12 1 1 100 1 8 1 10 12 1 10 12 1 10 12 1 1 10 12 1 100 1 3 10 10 100 12 1 1 1 10 12 1 10 12 1 1 8 1 10 12 1 10 12 1 1 8 1 10 100 12 1 1 10 12 1 1 10 12 1 10 12 1 1 100 1 10 12 1 10 12 1 1 100 1 9 100 12 1 1 1 10 12 1 10 12 1 1 10 12 1 1 10 12 1 1 100 1 9 12 1 1 7 1 100 1 10 12 1 100 1 11 7 12 1 1 1 11 12 1 1 11 100 12 1 1 1 11 7 12 1 1 1 11 12 1 1 11 12 1 11 12 1 10 12 1 1 8 1 10 12 1 10 100 12 1 1 10 12 1 100 1 10 10 12 1 10 12 1 100 1 10 10 12 1 1 10 100 12 1 1 9 100 12 1 1 10 12 1 1 10 100 12 1 1 1 100 1 100 1 100 1 10 8 1 8 1 10 12 1 10 12 1 10 12 1 1 10 10 12 1 1 10 12 1 1 7 1 10 10 12 1 11 7 12 1 1 10 7 12 1 1 1 8 1 10 100 12 1 1 11 11 7 1 8 1 10 100 1 11 10 12 1 10 10 12 1 10 12 1 1 10 12 1 1 10 12 1 1 10 12 1 10 12 1 10 10 12 1 10 12 1 10 12 1 10 10 12 1 1 10 12 1 1 10 10 12 1 10 12 1 10 12 1 10 12 1 10 12 1 1 10 12 1 1 10 12 1 10 12 1 10 12 1 1 10 12 10 12 1 1 10 12 1 1 10 12 1 10 12 1 1 10 12 1 1 10 12 10 11 12 1 4 11 10 12 1 1 10 100 12 1 1 11 12 1 10 12 1 1 10 100 12 1 1 10 12 1 100 1 8 1 10 12 1 10 10 100 12 1 1 1 100 1 6 0 10 12 1 1 11 100 12 1 1 1 10 12 1 10 12 1 1 1 1 1 5 0 1 1 1 1 1 1 1 1 1 1 1 1 1 1 1 1 1 1 1 1 1 1 1 1 1 1 1 1 1 1 1 1 1 1 1 1 1 1 1 100 1 1 1 1 1 1 1 1 1 1 1 1 1 1 1 1 1 1 1 1 100 1 1 1 1 1 1 1 1 1 1 1 1 100 1 100 1 1 1 1 1 100 1 1 1 1 1 1 1 1 1 1 1 1 1 1 1 1 1 1 1 1 1 1 1 1 1 1 1 1 1 1 1 1 1 1 1 1 1 1 1 1 1 1 1 1 1 1 1 1 1 1 1 1 1 1 1 1 1 1 1 1 1 1 1 1 1 1 1 1 1 1 1 1 1 1 1 1 1 100 1 1 1 1 1 1 1 1 1 1 1 100 1 1
staticfield java/util/Properties UNSAFE Ljdk/internal/misc/Unsafe; jdk/internal/misc/Unsafe
instanceKlass java/util/Hashtable
ciInstanceKlass java/util/Dictionary 1 1 36 10 7 12 1 1 1 100 1 1 1 1 1 1 1 1 1 1 1 1 1 1 1 1 1 1 1 1 1 1 1 1 1 1 1 1
instanceKlass org/apache/commons/logging/impl/WeakHashtable
instanceKlass java/util/Properties
ciInstanceKlass java/util/Hashtable 1 1 516 100 1 10 7 12 1 1 1 9 7 12 1 1 1 100 1 100 1 10 8 1 10 12 1 1 10 12 1 10 12 1 1 10 12 1 10 7 12 1 1 1 8 1 10 12 1 9 12 1 1 7 1 9 12 1 1 4 10 7 12 1 1 1 9 12 1 4 10 12 1 11 100 12 1 1 1 10 12 1 1 10 12 1 1 9 12 1 10 12 1 1 100 1 10 9 12 1 1 10 7 12 1 1 1 9 12 1 1 10 12 1 10 12 1 3 9 12 1 9 12 1 3 10 12 1 10 12 1 10 12 1 1 11 12 1 1 11 100 12 1 1 1 11 100 12 1 1 1 11 12 1 100 1 11 12 1 11 12 1 10 12 1 1 10 12 1 1 10 12 1 9 12 1 1 9 12 9 12 1 1 10 100 1 100 1 10 12 1 10 8 1 10 10 12 1 8 1 10 8 1 10 7 12 1 1 1 7 1 10 12 1 10 12 1 7 1 10 12 1 10 12 1 1 100 1 10 100 1 10 10 12 1 1 11 12 1 1 11 12 1 100 1 10 10 10 100 12 1 1 11 100 12 1 1 1 100 1 10 11 100 12 1 1 11 100 12 1 10 12 1 10 12 1 1 10 100 12 1 1 10 12 1 1 10 12 1 1 10 12 1 1 10 100 12 1 1 1 8 10 100 12 1 1 100 1 8 1 10 4 4 10 12 1 1 10 12 1 8 1 4 10 12 10 100 12 1 1 1 100 1 11 100 12 1 1 1 10 100 12 1 1 1 10 12 1 10 12 1 1 10 100 1 100 1 1 1 1 1 1 5 0 1 1 1 1 1 3 1 3 1 3 1 1 1 1 1 1 1 1 1 1 1 1 1 1 1 1 1 1 1 1 1 1 1 1 1 100 1 1 1 1 1 1 1 1 1 1 1 1 1 1 1 1 1 1 1 1 1 1 1 1 1 1 1 1 1 100 1 1 1 1 1 1 1 1 1 1 1 1 1 1 100 1 1 1 1 1 1 1 1 1 1 1 1 1 1 1 1 1 1 1 1 1 1 1 1 1 1 1 1 1 1 1 1 1 1 1 1 1 1 1 1 1 1 1 1 100 1 1 1 100 1 1 1 1 1 100 1 1 1 1 1 1 1 1 1 1 1 1 1 1 1 1 1 1
ciInstanceKlass java/util/Map 1 1 263 11 7 12 1 1 1 11 12 1 1 10 7 12 1 1 11 12 1 1 11 7 12 1 1 1 11 7 12 1 1 1 11 12 1 1 7 1 11 12 1 11 12 1 100 1 100 1 10 12 1 1 11 100 12 1 1 1 11 100 12 1 1 1 11 12 1 11 12 1 10 12 1 1 11 12 1 11 7 12 1 9 7 12 1 1 1 100 1 10 12 7 1 7 1 10 12 1 7 1 10 7 1 11 12 1 11 12 1 1 11 12 1 1 7 1 11 12 1 1 1 1 1 1 1 1 1 1 1 1 1 1 1 1 1 1 1 1 1 1 1 1 1 1 1 1 1 1 1 1 1 1 1 1 1 1 1 1 1 1 1 1 1 1 1 1 1 1 1 1 1 1 1 1 1 1 1 1 1 1 1 1 1 1 1 1 1 1 1 1 1 1 1 1 1 1 1 1 1 1 1 1 1 1 1 1 1 1 1 1 1 1 1 1 1 1 1 1 1 1 1 1 1 1 1 1 1 1 1 1 1 1 1 1 1 1 1 1 1 1 1 1 1 1 100 1 1 1 1 1 1 1 1 1 1 1 1 1 1 1 1 1 1
ciInstanceKlass java/lang/String 1 1 1471 10 7 12 1 1 1 8 1 9 7 12 1 1 1 9 12 1 1 9 12 1 1 9 12 1 1 10 12 1 10 12 1 1 10 12 1 1 9 12 1 10 7 12 1 1 1 10 12 1 1 10 12 1 10 7 12 1 1 1 10 12 1 1 10 12 1 1 10 12 1 10 12 1 1 10 12 1 10 7 12 1 1 1 7 1 9 7 12 1 1 1 10 7 12 1 1 1 10 12 1 1 10 12 1 1 10 7 12 1 1 1 10 12 1 1 9 7 12 1 1 10 12 9 7 12 1 1 10 12 1 1 3 10 12 1 1 7 1 11 12 1 1 11 12 1 11 12 1 1 10 7 12 1 1 1 10 12 1 1 9 7 12 1 1 1 10 12 1 1 10 12 1 11 12 1 1 10 12 1 10 12 10 12 1 1 7 1 100 1 10 12 1 10 12 1 10 7 12 1 1 1 10 12 1 1 100 1 10 12 1 1 100 1 10 12 1 1 10 12 1 1 10 12 1 10 10 12 1 100 1 100 1 7 1 10 12 1 10 12 1 1 10 12 1 1 10 12 1 10 12 1 1 10 12 1 1 10 100 12 1 1 100 1 11 10 7 12 1 1 11 12 1 11 12 1 10 12 1 10 12 1 10 12 10 12 1 1 10 10 7 12 1 1 1 10 7 12 1 1 10 12 1 1 10 7 12 1 1 10 12 1 10 12 1 1 10 12 1 1 10 12 1 10 12 1 10 12 1 1 100 1 10 12 1 1 10 12 10 12 1 10 12 1 1 10 12 1 1 10 100 12 1 1 1 10 12 1 10 12 1 1 10 12 1 10 12 1 3 3 10 12 1 1 10 12 1 10 12 1 1 10 12 1 1 10 12 1 1 10 12 1 10 12 1 1 10 12 1 1 10 12 1 10 12 1 10 12 1 10 12 1 1 10 12 1 10 12 1 10 12 1 10 12 1 10 12 1 10 12 1 10 100 1 10 8 1 10 12 1 1 10 12 1 8 1 10 12 1 1 10 12 10 12 1 8 1 10 10 12 1 1 10 12 1 1 7 1 5 0 100 1 8 1 10 10 12 1 1 5 0 5 0 5 0 10 12 1 1 10 100 1 10 10 12 1 10 12 1 10 12 1 10 10 12 1 10 12 1 10 12 1 10 12 1 10 12 1 10 12 1 10 12 1 1 10 12 1 1 10 12 1 1 10 10 12 1 1 10 10 12 1 100 1 10 9 100 12 1 1 1 11 100 12 1 1 1 10 12 1 1 10 12 1 1 10 7 1 10 12 1 10 12 1 10 7 12 1 1 1 10 12 1 10 12 1 1 10 12 1 11 7 1 11 12 10 12 1 10 12 1 1 10 12 1 1 10 10 12 1 10 12 1 9 12 1 1 11 7 12 1 1 1 10 12 10 10 12 1 10 12 1 1 10 10 12 1 10 12 1 10 12 1 1 10 12 1 1 10 10 12 1 1 10 10 7 12 1 1 1 10 12 1 10 12 1 10 12 10 10 12 10 10 12 1 10 12 1 10 10 12 10 12 1 1 10 12 10 10 12 10 12 1 10 12 10 12 10 10 12 1 10 12 1 1 10 12 1 1 10 10 12 1 10 7 12 1 1 1 10 12 1 1 10 10 7 12 1 1 1 11 10 12 1 10 12 1 1 10 12 1 1 10 7 12 1 1 1 10 12 1 10 12 1 10 12 1 10 12 1 10 12 1 10 12 1 100 1 10 10 12 1 10 12 1 1 8 1 10 12 1 3 3 10 12 1 10 12 1 1 10 12 7 1 10 10 12 1 1 10 12 10 12 1 10 12 1 10 12 1 1 10 12 1 1 11 7 12 1 1 1 7 1 10 12 1 10 12 1 1 8 1 10 12 1 1 10 12 1 11 100 12 1 1 1 11 100 12 1 1 11 12 1 10 12 1 10 12 1 1 10 10 7 12 1 1 1 10 12 1 10 12 1 10 10 12 10 12 1 1 10 10 12 1 10 10 12 1 10 10 12 1 10 10 12 1 10 12 1 1 10 10 12 1 8 1 10 12 1 1 18 12 1 1 11 100 12 1 1 1 3 18 12 1 18 12 1 8 1 10 100 12 1 1 1 11 12 1 1 10 12 10 10 12 1 10 11 12 1 1 10 12 1 1 11 12 1 18 3 11 10 11 11 10 12 1 10 12 1 1 8 1 10 12 1 10 12 1 10 12 1 1 10 10 12 1 11 100 12 1 7 1 100 1 10 12 100 1 10 10 7 12 1 1 1 100 1 10 7 1 10 10 12 1 10 10 12 1 8 1 10 10 12 1 8 1 8 1 10 12 1 10 12 1 10 10 12 10 7 12 1 1 10 100 12 1 1 10 100 12 1 1 8 1 10 12 1 10 12 1 10 9 12 1 10 12 9 7 12 1 1 1 10 12 1 10 12 1 10 12 1 10 12 10 12 1 10 12 1 8 1 10 100 12 1 1 1 10 12 10 12 1 1 10 12 10 12 10 12 7 1 9 12 1 1 7 1 10 100 1 100 1 100 1 100 1 1 1 1 1 1 5 0 1 1 1 1 1 3 1 3 1 1 1 1 1 1 1 1 1 1 1 1 1 1 1 100 1 1 1 1 1 1 1 1 1 1 1 1 1 1 1 1 1 1 1 1 1 1 1 1 1 1 1 1 1 1 1 100 1 1 1 1 1 1 1 1 1 1 1 1 100 1 1 1 1 1 1 1 1 1 1 1 1 1 1 1 1 1 1 1 1 1 1 1 1 1 1 1 1 1 1 1 1 1 1 1 1 1 1 1 1 1 1 1 1 1 1 1 1 1 1 1 1 1 1 1 1 1 1 1 1 1 1 1 1 1 1 1 1 1 1 1 1 1 1 1 1 1 1 1 1 1 1 1 1 1 1 1 1 1 1 1 1 1 1 1 1 1 1 1 1 1 1 1 1 1 1 1 1 1 1 1 1 1 1 1 1 1 1 1 1 1 1 1 1 1 1 1 1 1 1 1 1 1 1 1 1 1 1 1 1 1 1 1 1 1 1 1 1 1 1 1 1 1 1 1 1 1 1 1 1 1 1 1 1 1 1 1 1 1 1 1 1 1 1 1 1 1 1 1 100 1 1 1 1 1 1 1 1 1 1 1 1 1 1 1 1 1 1 1 1 1 1 1 100 1 1 1 1 1 1 1 1 1 1 1 1 1 1 1 7 1 1 1 1 1 1 1 1 1 1 1 1 1 1 1 16 15 10 12 16 15 10 12 15 10 12 15 10 12 15 10 100 12 1 1 1 1 100 1 1 1 1 1 100 1 100 1 1 1
staticfield java/lang/String COMPACT_STRINGS Z 1
staticfield java/lang/String serialPersistentFields [Ljava/io/ObjectStreamField; 0 [Ljava/io/ObjectStreamField;
staticfield java/lang/String CASE_INSENSITIVE_ORDER Ljava/util/Comparator; java/lang/String$CaseInsensitiveComparator
ciMethod java/lang/String hashCode ()I 768 0 16114 0 696
ciInstanceKlass java/lang/Comparable 1 0 12 100 1 100 1 1 1 1 1 1 1 1
ciInstanceKlass java/lang/CharSequence 1 1 145 11 7 12 1 1 1 18 12 1 1 100 1 10 100 12 1 1 1 18 10 100 12 1 1 1 11 12 1 1 11 100 1 11 12 1 1 10 100 12 1 1 1 11 12 1 1 10 12 1 1 10 12 1 100 1 10 12 1 1 10 100 12 1 1 1 100 1 10 10 12 1 1 100 1 1 1 1 1 1 1 1 1 1 1 1 1 1 1 1 1 1 1 1 1 1 1 1 1 1 1 1 1 1 1 1 1 1 1 1 1 1 1 1 16 1 15 11 12 16 15 11 12 15 10 100 12 1 1 1 1 1 100 1 100 1 1 100 1 1 100 1 100 1 1
ciInstanceKlass java/lang/constant/Constable 1 0 11 100 1 100 1 1 1 1 1 1 1
ciInstanceKlass java/lang/constant/ConstantDesc 1 0 37 100 1 100 1 1 1 1 100 1 1 1 1 100 1 100 1 100 1 100 1 100 1 100 1 100 1 100 1 100 1 1 100 1 100 1 1
ciInstanceKlass java/lang/AutoCloseable 1 0 12 100 1 100 1 1 1 1 7 1 1 1
ciInstanceKlass java/io/Closeable 1 0 14 100 1 100 1 100 1 1 1 1 7 1 1 1
ciInstanceKlass java/lang/Appendable 1 0 14 100 1 100 1 1 1 1 100 1 1 1 1 1
ciInstanceKlass java/util/Iterator 1 1 53 100 1 8 1 10 12 1 1 10 7 12 1 1 1 11 7 12 1 1 1 11 12 1 1 11 7 12 1 1 1 100 1 1 1 1 1 1 1 1 1 1 1 1 1 1 1 1 1 1 1 1 1
instanceKlass org/springframework/core/io/buffer/DataBufferInputStream
instanceKlass org/springframework/core/io/buffer/SubscriberInputStream
instanceKlass sun/security/ssl/SSLSocketImpl$AppInputStream
instanceKlass io/netty/buffer/ByteBufInputStream
instanceKlass org/apache/tomcat/util/http/fileupload/MultipartStream$ItemInputStream
instanceKlass jakarta/servlet/ServletInputStream
instanceKlass org/apache/catalina/webresources/TrackedInputStream
instanceKlass java/io/ObjectInputStream
instanceKlass sun/nio/ch/NioSocketImpl$1
instanceKlass java/net/Socket$SocketInputStream
instanceKlass sun/nio/ch/ChannelInputStream
instanceKlass java/util/zip/ZipFile$ZipFileInputStream
instanceKlass java/io/FilterInputStream
instanceKlass java/io/FileInputStream
instanceKlass java/io/ByteArrayInputStream
ciInstanceKlass java/io/InputStream 1 1 197 100 1 10 7 12 1 1 1 100 1 10 10 7 12 1 1 1 10 7 12 1 1 1 10 12 1 100 1 100 1 3 10 12 1 1 100 1 8 1 10 12 1 10 7 12 1 1 1 3 100 1 8 1 10 10 7 12 1 1 1 7 1 10 11 7 12 1 1 1 10 12 1 1 11 12 1 1 11 7 12 1 1 1 11 12 1 1 7 1 10 7 12 1 1 1 5 0 10 12 1 10 12 1 1 100 1 10 8 1 10 8 1 8 1 10 12 1 1 10 100 12 1 1 1 100 1 5 0 10 12 1 100 1 100 1 1 1 1 3 1 3 1 1 1 1 1 1 1 1 1 1 1 1 1 1 1 1 1 1 1 1 1 1 1 1 1 1 1 1 1 1 1 1 1 1 1 1 1 1 1 1 1 1 1 1 1 1 1 1 1 1 1 1 1 1 1
instanceKlass org/springframework/core/DecoratingClassLoader
instanceKlass java/security/SecureClassLoader
ciInstanceKlass java/lang/ClassLoader 1 1 1076 9 7 12 1 1 1 10 7 12 1 1 1 9 12 1 1 10 7 12 1 1 1 7 1 10 12 1 1 10 12 1 1 9 12 1 1 10 12 1 1 100 1 10 12 1 10 12 1 1 10 7 12 1 1 1 100 1 8 1 10 12 1 10 7 1 10 7 1 7 1 7 1 10 12 1 10 12 1 9 12 1 1 10 10 7 12 1 1 1 9 12 1 1 9 12 1 9 12 1 1 9 12 1 9 12 1 1 9 12 1 1 7 1 10 12 1 9 12 1 1 10 12 1 1 10 7 12 1 1 1 9 12 1 9 12 1 1 9 12 1 10 12 1 1 9 12 10 12 1 1 7 1 10 8 1 10 12 1 1 10 12 1 10 7 1 7 1 10 7 12 1 1 1 10 7 12 1 1 1 8 1 10 12 1 10 12 1 10 12 1 1 10 12 1 1 10 12 1 1 10 12 1 1 10 12 1 1 10 12 1 100 1 10 12 1 10 100 12 1 1 1 10 12 1 1 10 12 1 10 12 1 10 12 1 10 12 1 10 12 1 1 10 10 12 1 10 12 1 10 10 12 1 1 10 12 1 1 100 1 8 1 10 8 1 10 12 1 10 12 1 100 1 8 1 10 12 1 1 10 12 1 1 10 10 12 1 1 10 12 1 1 10 12 1 1 10 7 1 10 12 1 10 12 1 1 10 12 1 1 10 12 1 1 10 12 1 1 10 12 1 1 10 12 1 1 10 12 1 1 10 7 12 1 1 1 10 12 1 10 12 1 10 12 1 1 10 12 1 10 12 1 10 12 1 10 12 1 1 10 12 1 10 12 1 1 8 1 9 12 1 10 12 1 1 8 1 8 1 10 7 12 1 1 100 1 10 10 12 10 12 1 10 12 1 10 12 1 10 12 1 1 10 7 12 1 1 10 12 1 10 7 1 7 1 10 12 1 1 10 12 1 10 7 1 10 12 1 100 1 18 12 1 10 100 12 1 1 1 10 100 12 1 1 1 10 7 12 1 1 10 12 1 10 12 1 100 1 10 12 1 8 1 10 10 12 1 1 10 12 1 10 12 1 1 100 1 10 12 1 1 10 100 12 1 1 10 12 1 10 7 12 1 1 10 12 1 8 1 100 1 10 10 12 1 9 12 1 10 7 12 1 1 10 12 1 100 1 8 1 10 12 1 10 8 1 8 1 10 12 1 1 10 12 1 1 10 12 1 1 10 100 12 1 1 100 1 100 1 10 12 1 1 100 1 100 1 10 100 12 1 1 10 12 1 10 12 1 10 12 1 10 12 1 10 12 1 1 10 12 1 8 1 7 1 18 12 1 1 10 12 1 1 10 12 1 10 12 1 10 12 1 8 1 10 12 1 10 12 1 18 12 1 11 100 12 1 1 1 100 1 10 12 1 1 10 12 1 10 11 12 1 1 10 18 10 12 1 1 11 100 12 1 18 12 1 11 12 1 1 10 12 1 10 12 1 1 10 12 1 1 7 1 8 1 10 10 12 1 8 1 8 1 10 7 12 1 1 10 12 1 100 1 10 10 12 1 8 1 8 1 8 1 10 12 1 10 12 1 10 12 1 1 10 12 1 1 10 12 1 10 100 12 1 1 1 11 100 12 1 1 100 1 10 11 10 12 1 10 12 1 10 12 1 1 9 100 12 1 1 9 12 1 1 9 12 9 12 1 9 12 1 9 12 1 8 10 12 1 1 10 7 12 1 1 1 10 12 1 1 10 12 1 1 10 12 1 1 8 1 10 12 1 1 8 10 12 1 1 8 8 10 12 1 10 12 1 10 12 1 11 12 1 1 10 100 12 1 1 1 100 1 10 12 1 10 12 1 10 12 1 1 1 1 1 1 1 1 1 1 1 1 1 1 1 1 1 1 1 1 1 1 1 1 1 1 100 1 1 1 1 1 1 1 1 1 1 1 1 1 1 1 1 1 1 1 1 1 1 1 1 1 100 1 1 1 1 1 1 1 1 1 1 1 1 1 1 1 1 1 1 1 1 1 1 1 1 1 1 1 1 1 1 1 1 1 1 1 1 1 1 1 1 1 1 1 100 1 1 1 1 1 1 1 1 1 1 1 1 1 1 1 1 1 1 1 1 1 100 1 1 1 1 1 1 1 1 1 1 1 1 1 1 1 1 1 1 1 1 1 1 1 1 1 1 1 1 1 1 1 1 1 1 1 1 1 1 1 1 1 1 1 1 100 1 1 1 1 1 1 1 1 1 1 1 1 1 1 1 1 1 1 1 1 1 1 1 1 1 1 1 1 1 1 1 1 1 1 1 1 1 1 1 1 1 1 1 1 1 1 1 1 1 1 1 16 1 15 10 12 16 1 16 15 10 12 16 1 16 1 15 10 12 16 15 10 12 16 15 10 12 16 15 10 7 12 1 1 1 1 1 100 1 100 1 1
staticfield java/lang/ClassLoader nocerts [Ljava/security/cert/Certificate; 0 [Ljava/security/cert/Certificate;
staticfield java/lang/ClassLoader $assertionsDisabled Z 1
instanceKlass io/netty/util/concurrent/FastThreadLocalThread
instanceKlass java/util/concurrent/ForkJoinWorkerThread
instanceKlass java/util/concurrent/DelayScheduler
instanceKlass org/apache/tomcat/util/threads/TaskThread
instanceKlass org/springframework/boot/tomcat/TomcatWebServer$1
instanceKlass org/springframework/boot/autoconfigure/ssl/FileWatcher$WatcherThread
instanceKlass org/springframework/context/support/AbstractApplicationContext$1
instanceKlass java/util/logging/LogManager$Cleaner
instanceKlass org/springframework/boot/devtools/restart/RestartLauncher
instanceKlass org/springframework/boot/devtools/restart/Restarter$LeakSafeThread
instanceKlass com/intellij/rt/execution/application/AppMainV2$1
instanceKlass jdk/internal/misc/InnocuousThread
instanceKlass java/lang/ref/Finalizer$FinalizerThread
instanceKlass java/lang/ref/Reference$ReferenceHandler
instanceKlass java/lang/BaseVirtualThread
ciInstanceKlass java/lang/Thread 1 1 761 9 7 12 1 1 1 9 7 12 1 1 1 9 12 1 9 12 1 10 12 1 1 9 12 1 1 10 7 12 1 1 10 12 1 10 100 12 1 1 100 1 8 1 10 12 1 1 9 12 1 1 9 12 1 9 12 1 1 7 1 10 12 1 1 10 12 1 7 1 10 12 10 12 1 1 9 12 1 1 10 12 1 100 1 10 12 1 10 12 1 1 10 12 1 1 10 12 1 10 12 1 1 100 1 8 1 10 9 7 12 1 1 1 10 12 1 1 10 3 8 1 100 1 5 0 10 7 12 1 1 1 9 12 1 10 12 1 1 10 7 1 100 1 8 1 10 10 12 1 10 12 1 1 10 12 1 1 10 7 12 1 1 10 12 1 10 12 1 10 7 12 1 1 5 0 9 12 1 10 7 12 1 1 1 10 12 1 1 9 12 1 1 10 7 12 1 1 10 100 12 1 1 1 10 12 1 10 12 1 1 9 12 1 1 10 7 12 1 1 9 12 1 8 1 9 100 12 1 1 1 5 0 100 1 10 100 1 10 100 1 10 7 1 10 8 1 10 12 1 1 10 7 12 1 10 12 1 10 12 1 100 1 8 1 10 10 12 1 10 12 1 1 10 100 12 1 1 1 10 100 12 1 1 1 10 12 1 7 1 9 12 1 1 100 1 10 10 12 1 9 12 1 1 10 12 1 1 10 12 1 1 10 12 1 10 12 1 9 12 1 1 10 10 12 1 1 10 12 1 1 11 7 12 1 1 10 7 12 1 1 9 12 1 1 9 12 1 1 10 100 12 1 1 10 12 1 1 10 12 1 10 7 12 1 1 10 12 1 100 1 10 9 12 1 1 10 12 1 11 100 12 1 1 11 12 1 10 12 1 10 12 1 10 12 1 9 12 1 10 10 12 1 10 12 1 1 9 12 1 9 12 10 12 1 8 1 10 12 1 10 12 1 10 12 1 10 12 1 10 12 1 1 10 12 1 10 12 1 1 10 100 12 1 1 10 12 1 10 12 1 10 12 1 10 12 1 1 9 7 12 1 1 1 8 1 10 9 12 1 10 12 1 7 1 8 1 10 10 12 1 8 1 10 12 1 1 9 12 8 1 10 10 12 1 10 12 1 8 1 10 12 1 10 8 1 9 12 1 1 10 12 1 1 10 10 12 1 10 12 1 100 10 7 12 1 1 1 10 12 1 1 10 12 1 1 10 100 12 1 1 1 11 100 12 1 1 1 10 12 1 1 9 12 1 10 12 1 10 12 1 1 11 7 12 1 1 1 10 12 1 1 1 1 3 1 3 1 3 1 3 1 1 1 1 1 1 1 1 1 1 1 1 1 1 1 1 1 1 1 1 1 1 1 1 1 1 1 100 1 1 1 1 1 1 1 1 1 1 1 1 1 1 1 1 1 1 7 1 1 1 1 1 1 1 1 1 1 1 1 1 1 1 100 1 1 1 1 1 1 1 1 1 1 1 1 1 1 1 1 1 1 1 1 1 1 1 1 1 1 1 1 1 1 1 1 1 1 1 1 1 1 1 1 1 1 1 1 1 1 1 1 1 1 1 1 1 1 1 1 1 1 1 1 1 1 1 1 1 1 1 1 1 1 100 100 1 1 1 1 1 1 1 1 1 1 1 1 1 1 1 1 1 1 1 1 1 1 1 100 1 100 1 100 1 1 1 1 100 1 1 1 1 1 1 1 1 1 1 1 1
staticfield java/lang/Thread NEW_THREAD_BINDINGS Ljava/lang/Object; java/lang/Class
staticfield java/lang/Thread EMPTY_STACK_TRACE [Ljava/lang/StackTraceElement; 0 [Ljava/lang/StackTraceElement;
ciInstanceKlass java/lang/Runnable 1 0 11 100 1 100 1 1 1 1 1 1 1
ciMethod java/lang/System arraycopy (Ljava/lang/Object;ILjava/lang/Object;II)V 256 0 128 0 -1
ciInstanceKlass java/lang/Class 1 1 1652 10 7 12 1 1 1 10 7 12 1 1 9 12 1 1 9 12 1 1 9 12 1 1 9 12 1 1 9 12 1 1 10 12 1 1 8 1 10 12 1 8 1 8 1 10 12 1 1 10 7 12 1 1 1 10 12 1 7 1 10 10 12 1 10 12 1 1 10 12 1 1 10 12 1 1 10 7 12 1 1 10 12 1 10 12 1 10 12 1 1 10 12 1 8 1 10 12 1 8 1 10 12 1 8 1 8 1 10 12 1 1 10 7 12 1 1 1 18 12 1 1 11 7 12 1 1 1 8 1 8 1 8 1 10 7 12 1 1 1 11 12 1 1 8 1 10 12 1 10 10 12 1 1 10 12 1 8 1 10 12 1 1 8 1 10 12 1 10 12 1 1 11 7 12 1 1 1 11 100 12 1 1 1 11 8 1 18 8 1 10 12 1 10 7 12 1 1 10 12 1 1 10 7 12 1 1 1 10 12 1 1 10 12 1 1 10 7 12 1 1 1 10 7 12 1 10 12 1 1 10 7 1 10 12 1 8 1 10 8 1 8 1 8 1 8 1 8 1 8 1 8 1 8 1 9 100 12 1 1 9 100 1 9 100 1 9 100 1 9 100 1 9 100 1 9 100 1 9 100 1 9 100 1 9 12 1 1 7 1 8 1 10 12 1 10 12 1 1 100 1 10 12 1 1 10 7 12 1 1 1 10 7 12 1 1 1 7 1 7 1 10 10 12 1 1 10 12 1 1 100 1 10 100 12 1 1 1 10 12 1 1 10 12 1 1 10 12 9 12 1 1 10 12 1 9 12 1 1 9 12 1 1 10 12 1 1 10 7 1 10 12 1 10 12 1 1 10 9 12 1 10 12 1 8 1 10 12 1 1 10 12 1 1 10 12 1 10 12 1 10 12 1 1 9 7 12 1 1 1 10 12 1 10 7 12 1 1 10 12 1 10 12 1 10 12 1 10 12 1 9 100 12 1 1 1 9 12 1 10 12 1 10 12 1 1 9 12 1 1 10 7 10 12 1 1 10 100 12 1 1 10 12 1 10 12 1 1 10 100 12 1 1 1 10 12 1 10 12 1 1 10 12 1 10 12 1 10 12 1 1 10 7 1 10 10 12 1 1 10 12 1 1 10 12 10 10 12 1 1 100 1 8 1 10 10 12 1 1 10 12 1 100 1 11 12 1 10 12 1 10 12 1 10 100 12 1 1 10 10 12 1 1 8 1 10 12 1 8 1 9 12 1 10 12 1 10 12 1 10 12 1 10 12 100 1 9 12 1 10 12 1 9 12 1 10 12 1 10 12 1 10 12 1 10 10 12 1 10 12 1 10 12 1 10 12 1 10 12 1 10 12 1 7 1 10 10 12 1 10 12 1 11 100 12 1 1 11 12 1 1 10 12 1 1 10 12 1 1 10 12 1 1 10 12 1 1 10 12 1 1 10 12 1 1 7 1 10 10 12 1 1 10 12 1 1 10 12 1 1 10 10 12 1 10 12 1 1 10 12 1 1 10 12 1 1 10 12 1 1 10 12 10 12 1 1 10 7 12 1 1 1 10 12 1 10 12 1 1 10 12 1 10 7 12 1 1 1 10 12 1 1 10 10 12 1 1 100 1 10 10 12 1 1 10 100 12 1 1 1 100 1 100 1 10 12 1 1 10 12 1 10 10 12 1 1 10 12 1 10 12 1 10 12 1 10 100 12 1 1 1 11 7 12 1 1 10 12 1 10 12 1 9 7 12 1 1 8 1 10 12 1 10 12 1 10 12 1 10 12 1 1 9 12 1 9 12 1 1 10 7 12 1 1 9 12 1 10 12 1 1 10 10 12 1 10 7 12 1 1 1 10 7 12 1 1 10 7 12 1 1 9 12 1 1 10 12 1 9 12 1 10 12 1 10 12 1 1 9 12 1 1 9 12 1 10 12 1 10 12 1 1 9 12 1 7 1 10 10 12 1 1 7 1 10 7 11 7 1 9 12 1 1 9 12 1 10 12 1 9 12 1 1 9 12 1 10 12 1 10 12 1 1 9 12 1 7 1 10 10 12 1 1 10 10 12 1 10 12 10 10 12 1 9 12 1 10 12 1 1 10 12 1 8 10 7 8 1 18 8 1 8 1 10 12 1 9 12 1 9 12 1 1 10 12 1 7 1 7 1 10 12 1 9 12 1 1 10 10 12 1 9 12 1 8 1 10 12 1 10 10 12 1 1 100 1 100 1 9 12 1 100 1 8 1 10 10 7 12 1 1 1 10 12 11 7 12 1 1 1 10 12 1 10 12 1 1 10 8 1 10 12 1 8 1 10 12 1 1 9 7 12 1 1 11 12 7 1 11 7 12 1 1 9 12 1 10 100 12 1 1 1 10 7 12 1 1 10 12 1 1 9 12 1 9 10 12 1 1 10 12 1 1 10 12 1 1 10 12 1 1 10 12 1 1 11 12 1 11 12 1 1 11 7 12 1 1 11 12 1 7 1 11 12 1 10 7 12 1 1 1 10 12 1 11 12 1 10 100 12 1 1 1 10 12 1 10 7 12 1 1 1 11 12 1 11 12 1 1 10 12 1 10 12 1 1 9 12 1 1 10 12 1 10 100 12 1 1 1 10 12 1 1 10 12 1 10 12 1 10 12 1 10 7 12 1 1 1 10 12 1 8 1 10 12 1 10 12 1 10 12 1 8 1 8 1 10 7 12 1 1 10 7 12 1 1 100 1 10 12 10 7 12 1 1 1 10 7 12 1 1 1 10 12 1 1 10 12 1 18 12 1 1 11 12 1 1 18 11 12 1 18 12 1 11 12 1 10 12 1 10 12 1 10 12 1 10 12 10 12 1 8 1 10 12 1 7 1 9 12 1 1 100 1 100 1 100 1 100 1 1 1 3 1 3 1 3 1 1 1 1 1 1 1 1 1 5 0 1 1 1 1 1 1 1 1 1 1 1 1 1 1 1 1 1 1 1 1 1 1 1 1 1 1 1 100 1 1 1 1 1 1 1 1 1 1 1 100 1 1 1 1 1 7 1 1 1 1 1 1 1 1 1 1 1 1 1 1 1 1 1 1 1 1 1 1 1 1 1 1 1 1 1 1 1 1 1 1 100 1 1 1 1 1 1 1 1 1 1 1 1 1 1 1 1 1 1 1 1 1 1 1 1 1 1 1 1 1 1 1 100 1 1 1 1 1 1 1 1 1 1 1 1 1 1 1 1 1 1 1 1 1 1 1 1 1 1 1 1 1 1 1 1 1 1 1 1 1 1 1 1 1 1 1 1 1 1 1 1 1 1 1 1 1 1 1 1 1 1 1 1 1 100 1 100 1 1 1 1 1 1 1 1 1 1 1 1 1 1 1 1 1 1 1 1 1 1 1 1 1 1 1 1 1 1 1 1 1 1 1 1 1 1 1 1 1 1 1 1 1 1 1 1 1 1 1 1 1 1 1 1 1 1 1 1 1 1 1 1 1 1 1 1 1 1 1 1 1 1 1 1 1 1 1 1 1 1 1 1 1 1 1 1 1 1 1 1 1 1 1 1 1 1 1 1 1 1 1 1 1 1 1 1 1 1 1 1 1 1 1 1 1 1 1 1 16 15 10 12 16 15 11 12 16 1 15 10 12 16 16 15 10 12 16 15 16 1 15 10 12 16 15 10 7 12 1 1 1 1 1 100 1 1 1 1 1 1 1 1 100 1 1 100 1 100 1 1 100 1 100 1 1
staticfield java/lang/Class EMPTY_CLASS_ARRAY [Ljava/lang/Class; 0 [Ljava/lang/Class;
staticfield java/lang/Class serialPersistentFields [Ljava/io/ObjectStreamField; 0 [Ljava/io/ObjectStreamField;
ciInstanceKlass java/lang/reflect/AnnotatedElement 1 1 165 11 7 12 1 1 1 11 12 1 1 100 1 10 100 12 1 1 1 10 12 1 1 10 12 1 1 10 12 1 10 100 12 1 1 1 11 12 1 1 11 100 12 1 1 10 100 12 1 1 1 10 12 1 10 100 12 1 1 1 18 12 1 1 11 100 12 1 1 18 12 1 18 12 1 1 10 100 12 1 1 1 11 100 12 1 1 1 100 1 10 100 12 1 1 1 1 1 1 1 1 1 1 1 1 1 1 1 1 1 1 1 1 1 1 1 1 1 1 100 1 1 1 1 1 1 1 1 1 1 1 16 15 16 1 16 1 15 11 12 16 16 1 15 10 100 12 1 1 1 16 1 15 10 100 12 1 1 1 1 100 1 100 1 1
ciInstanceKlass java/lang/reflect/Type 1 1 17 11 100 12 1 1 1 100 1 1 1 1 1 1 1 1 1
ciInstanceKlass java/lang/invoke/TypeDescriptor 1 0 17 100 1 100 1 1 1 1 1 1 100 1 100 1 1 1 1
ciInstanceKlass java/lang/invoke/TypeDescriptor$OfField 1 0 21 100 1 100 1 100 1 1 1 1 1 1 1 1 1 1 1 1 1 1 1
ciInstanceKlass java/lang/reflect/GenericDeclaration 1 0 30 100 1 100 1 100 1 1 1 1 1 1 1 1 100 1 8 1 1 12 10 1 1 1 8 1 1 1 8 1
ciInstanceKlass java/lang/Module 1 1 1076 10 7 12 1 1 1 9 7 12 1 1 1 10 7 12 1 1 1 9 12 1 9 12 1 1 9 12 1 1 10 12 1 1 10 12 1 10 12 1 1 10 7 12 1 1 1 7 1 10 7 12 1 1 1 10 12 1 1 11 7 12 1 1 1 10 12 1 1 10 12 1 8 1 10 7 12 1 1 1 10 7 12 1 1 1 10 7 12 1 1 1 10 12 1 1 10 12 1 9 12 1 1 10 7 12 1 1 1 9 7 12 1 1 1 7 1 10 8 1 10 12 1 1 10 12 1 10 12 8 1 10 7 12 1 1 1 10 7 12 1 1 1 10 7 12 1 1 1 8 1 10 12 1 8 1 9 12 1 100 1 8 1 10 12 1 10 8 1 8 1 8 1 10 7 12 1 1 1 8 1 10 7 12 1 1 1 8 1 10 12 1 9 12 1 1 11 12 1 9 7 12 1 1 10 7 12 1 1 1 10 100 12 1 1 1 10 12 1 1 8 1 10 12 1 1 10 12 1 10 12 1 1 9 7 12 1 1 1 10 12 1 1 10 12 1 1 9 12 1 10 12 1 10 12 1 9 12 1 1 11 7 12 1 1 10 12 1 1 9 12 1 9 12 1 10 12 1 10 12 1 100 1 8 1 10 10 12 1 1 10 12 1 8 1 10 12 1 1 8 1 8 1 10 12 1 1 10 12 1 10 12 1 1 10 12 1 18 12 1 1 10 12 1 1 11 12 1 9 12 1 11 12 7 1 10 12 1 18 12 1 11 12 1 1 11 12 1 1 11 12 1 10 12 1 1 10 12 1 1 9 12 1 10 12 10 7 12 1 1 10 7 1 18 12 1 1 11 100 12 1 1 1 18 12 1 11 12 1 1 10 100 12 1 1 1 11 12 1 1 10 7 12 1 1 11 12 1 1 10 12 1 1 7 1 11 12 1 7 1 7 1 10 12 1 10 7 12 1 1 1 10 7 12 1 1 1 10 11 7 12 1 8 1 10 12 1 10 12 1 1 10 7 12 1 1 10 12 1 10 12 1 7 1 10 12 1 10 11 12 1 10 12 11 12 1 1 11 7 12 1 1 11 12 1 1 10 12 1 1 9 12 1 1 100 1 10 10 12 1 1 11 100 1 10 12 1 1 11 12 1 10 11 10 12 1 11 10 12 1 1 10 12 1 1 10 12 1 1 10 7 12 1 1 10 12 1 10 12 1 1 10 10 12 1 1 10 12 1 18 12 1 11 12 1 18 12 1 10 12 1 10 12 1 10 12 7 1 10 12 1 10 12 1 10 12 1 9 12 1 7 1 10 10 10 10 12 1 10 12 1 10 12 1 10 12 1 1 10 12 1 1 10 12 1 9 12 1 10 12 1 100 1 8 1 10 12 1 1 10 12 1 10 100 12 1 1 100 1 10 12 1 1 100 1 8 1 100 1 9 100 12 1 1 1 11 100 12 1 1 10 12 1 1 11 12 1 1 18 12 1 1 11 12 1 1 100 1 10 12 1 10 12 1 1 100 1 100 1 10 12 8 1 10 12 1 1 10 12 1 1 10 100 12 1 1 10 12 1 1 10 12 1 10 12 10 12 1 1 100 1 10 10 12 1 1 10 100 12 1 1 1 100 1 10 100 12 1 1 1 10 100 12 1 1 8 1 18 12 1 1 100 1 100 1 9 12 1 1 9 12 1 9 12 1 11 100 12 1 1 1 100 1 11 12 1 1 100 1 10 12 1 8 1 10 12 1 10 12 10 12 1 8 1 10 10 100 12 1 1 10 12 1 1 7 1 10 10 12 1 10 7 12 1 1 9 12 1 9 12 1 9 12 1 9 12 1 9 12 1 10 12 10 12 1 100 1 1 1 1 1 1 1 1 1 1 1 1 1 1 1 1 1 1 1 1 1 1 1 1 1 1 1 1 1 1 1 1 1 1 1 1 1 1 1 1 1 1 1 1 1 1 1 1 1 1 1 1 1 1 1 1 1 1 1 1 1 1 1 1 1 1 1 1 1 1 1 1 1 1 1 1 1 1 1 1 1 1 1 1 1 1 1 1 1 1 1 1 1 1 1 1 1 1 1 1 1 1 1 1 1 1 1 1 100 100 1 1 1 1 1 1 1 1 1 1 1 1 1 1 1 1 1 1 1 1 1 1 1 1 1 1 100 1 7 1 1 1 1 1 1 1 1 1 1 1 1 1 1 1 1 1 1 100 1 1 1 1 1 1 1 1 1 1 1 1 1 1 1 1 1 1 1 1 1 1 1 1 1 1 1 16 15 10 12 16 15 10 12 16 1 16 15 10 12 16 16 15 10 16 1 15 10 12 16 1 15 10 12 16 1 16 1 15 10 12 16 15 10 7 12 1 1 1 15 10 100 12 1 1 1 1 1 1 1 1 1 1 1 1 1 100 1 100 1 1
staticfield java/lang/Module ALL_UNNAMED_MODULE Ljava/lang/Module; java/lang/Module
staticfield java/lang/Module ALL_UNNAMED_MODULE_SET Ljava/util/Set; java/util/ImmutableCollections$Set12
staticfield java/lang/Module EVERYONE_MODULE Ljava/lang/Module; java/lang/Module
staticfield java/lang/Module EVERYONE_SET Ljava/util/Set; java/util/ImmutableCollections$Set12
staticfield java/lang/Module $assertionsDisabled Z 1
ciInstanceKlass java/lang/StringLatin1 1 1 400 7 1 10 100 12 1 1 1 10 12 1 1 100 1 10 7 12 1 1 1 10 7 12 1 1 1 10 12 1 10 7 12 1 1 1 10 12 1 1 10 7 12 1 1 1 10 7 12 1 1 1 10 12 1 1 10 12 1 1 10 10 12 1 10 12 1 10 9 7 12 1 1 1 10 12 1 1 10 7 12 1 1 1 10 12 10 12 1 1 10 12 1 1 10 12 1 10 12 1 1 10 12 1 10 7 12 1 1 10 12 1 10 12 1 1 9 12 1 1 100 1 10 10 12 1 1 10 7 12 1 1 1 10 12 1 10 12 1 100 1 100 1 8 1 10 12 1 8 1 10 12 1 1 100 1 10 10 12 1 10 7 12 1 1 1 8 1 8 1 8 1 10 12 1 1 10 12 10 100 12 1 1 10 12 1 10 12 1 1 10 12 1 1 10 12 1 1 10 12 1 10 12 10 12 10 12 1 10 12 10 10 12 1 10 12 1 10 12 1 10 100 12 1 1 1 10 100 12 1 1 1 10 12 1 1 10 10 7 12 1 1 1 1 1 1 1 1 1 1 1 1 1 1 1 1 1 1 1 1 1 1 1 1 1 1 1 1 1 1 1 1 1 1 1 1 1 1 1 1 1 1 1 1 1 1 1 1 1 1 1 1 1 1 100 1 1 1 1 1 1 1 1 1 1 1 1 1 1 1 1 1 1 1 1 1 1 1 1 1 1 1 1 1 1 1 1 1 1 1 1 1 1 1 1 1 1 1 100 1 1 1 1 1 1 1 1 1 1 1 1 1 1 1 1 1 1 1 1 1 1 1 100 1 1 1 1 1 1 1 1 1 1 1 1 1 1 1 1 1 1 1 1 1 1 1 1 1 1 1 1 1 1 1 1 100 1 1 1 1
staticfield java/lang/StringLatin1 $assertionsDisabled Z 1
ciInstanceKlass jdk/internal/util/ArraysSupport 1 1 396 7 1 100 1 8 1 10 12 1 1 10 12 1 1 10 100 12 1 1 9 7 12 1 1 1 9 12 1 1 10 7 12 1 1 1 9 12 1 1 10 7 12 1 1 1 9 12 1 10 12 9 12 1 10 12 1 1 10 12 10 12 1 1 10 7 12 1 1 1 9 12 1 1 11 100 12 1 1 1 10 7 12 1 1 1 7 1 10 12 1 1 10 12 1 100 1 10 12 1 10 12 100 1 10 12 1 100 1 10 12 1 100 1 100 1 10 8 1 10 12 1 1 10 12 1 10 12 1 1 10 9 12 1 1 9 12 1 10 12 1 1 9 12 1 9 12 1 9 12 1 9 12 1 9 12 1 9 12 1 9 12 1 10 12 1 1 10 100 12 1 1 1 9 12 1 9 12 1 10 12 1 1 10 12 1 9 12 1 10 12 1 10 100 12 1 1 1 9 12 1 9 12 1 10 12 1 10 12 1 10 7 12 1 1 1 3 10 12 1 100 1 8 1 8 1 8 1 10 10 100 12 1 1 1 11 100 12 1 1 1 10 12 1 10 100 12 1 1 1 10 12 1 1 10 12 1 1 9 12 1 10 12 1 9 12 1 9 12 1 9 12 1 9 12 1 9 12 1 9 12 1 9 12 1 10 7 12 1 1 1 1 1 3 1 3 1 3 1 3 1 3 1 3 1 3 1 3 1 1 1 1 1 1 1 1 1 1 1 1 1 1 1 1 1 1 1 1 1 1 1 1 1 1 1 1 1 1 1 1 1 1 1 1 1 1 1 1 1 1 1 1 1 1 1 1 1 1 1 1 1 1 1 1 1 1 1 1 1 1 1 1 1 1 1 1 1 1 1 1 1 1 1 1 1 1 1 1 1 1 1 100 1 1 1 1
staticfield jdk/internal/util/ArraysSupport U Ljdk/internal/misc/Unsafe; jdk/internal/misc/Unsafe
staticfield jdk/internal/util/ArraysSupport BIG_ENDIAN Z 0
staticfield jdk/internal/util/ArraysSupport LOG2_ARRAY_BOOLEAN_INDEX_SCALE I 0
staticfield jdk/internal/util/ArraysSupport LOG2_ARRAY_BYTE_INDEX_SCALE I 0
staticfield jdk/internal/util/ArraysSupport LOG2_ARRAY_CHAR_INDEX_SCALE I 1
staticfield jdk/internal/util/ArraysSupport LOG2_ARRAY_SHORT_INDEX_SCALE I 1
staticfield jdk/internal/util/ArraysSupport LOG2_ARRAY_INT_INDEX_SCALE I 2
staticfield jdk/internal/util/ArraysSupport LOG2_ARRAY_LONG_INDEX_SCALE I 3
staticfield jdk/internal/util/ArraysSupport LOG2_ARRAY_FLOAT_INDEX_SCALE I 2
staticfield jdk/internal/util/ArraysSupport LOG2_ARRAY_DOUBLE_INDEX_SCALE I 3
staticfield jdk/internal/util/ArraysSupport LOG2_BYTE_BIT_SIZE I 3
staticfield jdk/internal/util/ArraysSupport JLA Ljdk/internal/access/JavaLangAccess; java/lang/System$1
ciInstanceKlass java/lang/CharacterDataLatin1 1 1 142 9 7 12 1 1 1 9 12 1 1 10 12 1 1 10 12 1 10 12 1 1 10 12 1 9 12 1 1 100 1 3 3 3 3 9 12 1 10 7 12 1 1 1 10 9 12 1 1 3 3 3 3 3 3 3 3 3 3 3 3 3 3 3 3 3 3 3 3 3 3 3 3 3 3 3 3 3 3 3 3 3 3 3 1 1 1 1 1 1 1 1 1 1 1 1 1 1 1 1 1 1 1 1 1 1 1 1 1 1 1 1 1 1 1 1 1 1 1 1 1 1 1 1 1 1 1 1 1 1 1 1 1 1 1 1 1 1 100 1 1 1
staticfield java/lang/CharacterDataLatin1 DIGITS [B 256
staticfield java/lang/CharacterDataLatin1 instance Ljava/lang/CharacterDataLatin1; java/lang/CharacterDataLatin1
staticfield java/lang/CharacterDataLatin1 A [I 256
staticfield java/lang/CharacterDataLatin1 B [C 256
ciMethod java/lang/CharacterDataLatin1 isUpperCase (I)Z 218 0 5309 0 128
ciMethod java/lang/CharacterDataLatin1 toLowerCase (I)I 696 0 7610 0 136
ciMethod java/lang/StringLatin1 hashCode ([B)I 74 0 5112 0 0
ciMethod java/lang/StringLatin1 toLowerCase (Ljava/lang/String;[BLjava/util/Locale;)Ljava/lang/String; 218 22652 1124 0 1632
ciMethod java/lang/StringLatin1 toLowerCaseEx (Ljava/lang/String;[BILjava/util/Locale;Z)Ljava/lang/String; 0 0 1 0 -1
ciInstanceKlass java/lang/StringUTF16 1 1 603 100 1 7 1 10 100 12 1 1 1 10 7 12 1 1 1 100 1 10 3 100 1 100 1 10 8 1 10 12 1 1 10 12 1 8 1 10 12 1 1 10 12 1 9 12 1 1 10 12 1 1 100 1 8 1 10 12 1 9 12 1 1 9 12 1 10 10 12 1 1 10 12 1 1 10 100 12 1 1 1 10 12 1 10 12 1 1 10 12 1 1 10 12 1 1 10 12 1 1 10 12 1 10 12 1 1 10 12 1 1 10 12 1 1 10 12 1 1 10 12 1 1 10 12 1 10 100 12 1 1 1 10 12 1 1 10 100 12 1 1 1 10 12 1 1 10 12 1 10 12 1 1 10 12 1 1 10 12 1 1 10 12 1 10 12 1 100 1 10 12 1 10 10 12 1 10 12 1 1 10 12 1 10 100 12 1 1 1 10 12 1 1 10 12 10 12 1 1 10 12 1 10 12 1 1 10 12 1 10 12 1 10 12 1 10 12 1 10 100 12 1 1 1 3 10 12 1 10 12 1 10 12 1 10 12 1 10 12 1 10 12 1 1 9 12 1 10 12 1 10 12 10 12 1 1 10 12 1 10 12 1 10 12 1 10 10 12 10 12 10 10 12 1 1 10 12 1 10 12 1 10 12 1 100 1 8 1 8 1 10 12 1 1 100 1 10 10 100 12 1 1 1 10 100 12 1 1 8 1 8 1 8 1 10 12 1 1 10 12 1 1 10 12 10 100 12 1 1 10 12 1 1 10 12 1 1 10 12 1 10 12 10 12 10 12 1 10 12 10 12 1 10 12 1 10 12 1 10 12 1 10 100 12 1 1 1 10 100 12 1 1 1 10 12 1 1 11 100 12 1 1 10 12 1 1 10 12 1 10 12 10 12 10 7 12 1 1 1 10 7 12 1 1 1 10 12 1 1 1 1 1 1 1 1 1 1 1 1 1 1 1 1 1 1 1 1 1 1 1 1 1 1 1 1 1 1 100 1 1 1 1 1 1 1 1 1 1 1 1 1 1 1 1 1 1 1 1 1 1 1 1 1 1 1 1 1 1 1 1 1 1 1 1 1 1 1 1 1 1 1 1 1 1 1 1 1 1 1 1 1 1 1 1 1 1 1 1 1 1 1 1 1 1 1 1 1 1 1 1 1 1 1 1 1 1 1 1 1 1 1 1 1 1 1 1 1 100 1 1 1 1 1 1 1 1 1 1 1 1 1 1 1 1 1 100 1 1 1 1 1 1 1 1 1 1 1 1 1 1 1 1 1 1 1 1 1 1 1 1 1 1 1 1 1 1 1 1 1 1 1 1 1 1 1 1 1 1 1 1 1 1 1 1 1 100 1 100 1 1 1 1 1
staticfield java/lang/StringUTF16 HI_BYTE_SHIFT I 0
staticfield java/lang/StringUTF16 LO_BYTE_SHIFT I 8
staticfield java/lang/StringUTF16 $assertionsDisabled Z 1
ciInstanceKlass jdk/internal/misc/Unsafe 1 1 1248 10 7 12 1 1 1 10 7 12 1 1 9 12 1 1 9 12 1 1 10 12 1 1 10 100 12 1 1 1 10 12 1 1 10 12 1 1 10 12 1 1 10 12 1 1 10 12 1 1 10 12 1 1 10 12 1 1 10 12 1 1 10 12 1 1 10 12 1 1 10 12 1 1 10 12 1 1 10 12 1 1 10 12 1 10 12 1 100 1 10 10 12 1 1 10 12 1 1 5 0 10 12 1 1 10 12 1 1 10 7 12 1 1 1 10 12 1 1 10 12 1 10 12 1 10 12 1 1 10 12 1 1 10 12 1 10 12 1 100 1 100 1 10 8 1 10 12 1 1 10 12 1 8 1 10 12 1 1 10 12 1 10 12 1 10 12 1 1 10 12 1 10 12 1 1 10 12 1 1 10 12 1 10 12 1 10 12 1 10 12 1 1 10 12 1 10 12 1 10 12 1 1 10 12 1 5 0 5 0 5 0 10 12 1 10 12 1 10 12 1 10 12 1 10 12 1 10 12 1 10 12 1 10 12 1 10 12 1 1 10 12 1 10 12 1 100 1 8 1 10 100 1 10 10 12 1 1 10 12 1 1 10 12 1 10 12 1 1 10 12 1 1 10 12 1 10 12 1 1 10 12 1 9 7 12 1 1 9 12 1 100 1 10 10 12 1 1 8 1 10 8 1 8 1 10 12 1 1 9 7 12 1 1 1 9 100 1 9 100 1 9 7 1 9 9 100 1 9 7 1 9 100 1 10 12 1 1 10 12 1 1 10 12 1 1 10 12 1 1 5 0 5 0 9 12 1 1 10 12 1 10 12 1 10 12 1 1 10 12 1 1 10 12 1 8 1 3 10 12 1 1 10 12 1 1 10 12 1 10 12 1 1 10 12 1 1 10 12 1 10 12 1 10 12 1 10 12 1 10 12 1 10 12 1 1 10 12 1 1 10 12 1 10 12 1 10 12 1 10 12 1 10 12 1 10 12 1 1 10 12 1 1 10 12 1 10 12 1 10 12 1 10 12 1 10 12 1 10 12 1 1 10 12 1 1 10 12 1 1 10 12 1 1 10 12 1 10 12 1 10 12 1 10 12 1 10 12 1 10 12 1 10 12 1 1 10 12 1 1 10 12 1 10 12 1 10 12 1 10 12 1 10 12 1 10 12 1 10 12 1 1 10 12 1 1 10 12 1 10 12 1 10 12 1 10 12 1 10 12 1 10 12 1 10 12 1 10 12 1 1 10 12 1 10 12 1 10 12 1 10 12 1 10 12 1 1 10 12 1 10 12 1 10 12 1 10 12 1 10 12 1 10 12 1 10 12 1 10 12 1 1 10 12 1 10 12 1 10 12 1 10 12 1 10 12 1 10 12 1 1 10 12 1 10 12 1 10 12 1 1 10 12 1 10 12 1 10 12 1 10 12 1 10 12 1 10 12 1 10 12 1 10 12 1 10 12 1 10 12 1 10 12 1 10 12 1 10 12 1 10 12 1 10 12 1 10 12 1 10 12 1 10 12 1 10 12 1 10 12 1 10 12 1 10 12 1 10 12 1 100 1 10 100 1 10 9 12 1 5 0 10 12 1 1 5 0 10 12 1 5 0 10 12 1 10 12 1 10 12 1 1 10 12 1 1 10 12 1 10 12 1 10 12 1 10 12 1 1 10 12 1 10 12 1 10 12 1 10 12 1 10 12 1 1 10 12 1 10 12 1 10 12 1 10 12 1 1 10 12 1 10 12 1 10 12 1 1 10 12 1 10 12 1 10 12 1 10 12 1 1 10 12 1 10 10 12 1 1 10 12 1 10 12 1 1 10 12 1 10 12 5 0 5 0 5 0 10 12 1 1 10 12 1 10 12 1 10 12 10 100 12 1 1 8 1 100 1 11 12 1 1 8 1 11 12 1 1 10 100 12 1 1 10 12 1 10 7 1 10 12 1 1 9 12 1 1 7 1 9 12 1 7 1 9 12 1 7 1 9 12 1 7 1 9 12 1 7 1 9 12 1 7 1 9 12 1 7 1 9 12 1 7 1 9 12 1 10 12 1 9 12 1 9 12 1 9 12 1 9 12 1 9 12 1 9 12 1 9 12 1 9 12 1 9 12 1 9 12 1 1 1 5 0 1 1 1 1 1 1 1 1 1 1 1 1 1 1 1 1 1 1 1 1 1 1 1 1 1 1 1 1 1 1 1 1 1 1 1 1 1 1 1 1 1 1 1 1 1 1 1 1 1 1 1 1 1 1 1 1 1 1 1 1 1 1 1 1 1 1 1 1 1 1 1 1 1 1 1 1 1 1 1 1 1 1 1 1 1 1 1 1 1 1 100 1 1 1 1 1 1 1 1 1 1 1 1 1 1 1 1 1 1 1 1 1 1 1 1 1 1 1 1 1 1 1 1 1 1 1 1 1 1 1 1 1 1 1 1 1 1 1 1 1 1 1 1 1 1 1 1 1 1 1 1 1 1 1 1 1 1 1 1 1 1 1 1 1 1 1 1 1 1 1 1 1 1 1 1 1 1 1 1 1 1 1 1 1 1 1 1 1 1 1 1 1 1 1 1 1 1 1 1 1 1 1 1 1 1 1 1 1 1 1 1 1 1 1 1 1 1 1 1 1 1 1 1 1 1 1 1 1 1 1 1 1 1 1 1 1 1 1 1 1 1 1 1 1 1 1 1 1 1 1 1 1 1 1 1 1 1 1 1 1 1 1 1 1 1 1 1 1 1 1 1 1 1 1 1 1 1 1 1 1 1 1 1 1 1 1 1 1 1 1 1 1 1 1 1 1 1 1 1 1 1 1 1 1
staticfield jdk/internal/misc/Unsafe theUnsafe Ljdk/internal/misc/Unsafe; jdk/internal/misc/Unsafe
staticfield jdk/internal/misc/Unsafe ARRAY_BOOLEAN_BASE_OFFSET J 16
staticfield jdk/internal/misc/Unsafe ARRAY_BYTE_BASE_OFFSET J 16
staticfield jdk/internal/misc/Unsafe ARRAY_SHORT_BASE_OFFSET J 16
staticfield jdk/internal/misc/Unsafe ARRAY_CHAR_BASE_OFFSET J 16
staticfield jdk/internal/misc/Unsafe ARRAY_INT_BASE_OFFSET J 16
staticfield jdk/internal/misc/Unsafe ARRAY_LONG_BASE_OFFSET J 16
staticfield jdk/internal/misc/Unsafe ARRAY_FLOAT_BASE_OFFSET J 16
staticfield jdk/internal/misc/Unsafe ARRAY_DOUBLE_BASE_OFFSET J 16
staticfield jdk/internal/misc/Unsafe ARRAY_OBJECT_BASE_OFFSET J 16
staticfield jdk/internal/misc/Unsafe ARRAY_BOOLEAN_INDEX_SCALE I 1
staticfield jdk/internal/misc/Unsafe ARRAY_BYTE_INDEX_SCALE I 1
staticfield jdk/internal/misc/Unsafe ARRAY_SHORT_INDEX_SCALE I 2
staticfield jdk/internal/misc/Unsafe ARRAY_CHAR_INDEX_SCALE I 2
staticfield jdk/internal/misc/Unsafe ARRAY_INT_INDEX_SCALE I 4
staticfield jdk/internal/misc/Unsafe ARRAY_LONG_INDEX_SCALE I 8
staticfield jdk/internal/misc/Unsafe ARRAY_FLOAT_INDEX_SCALE I 4
staticfield jdk/internal/misc/Unsafe ARRAY_DOUBLE_INDEX_SCALE I 8
staticfield jdk/internal/misc/Unsafe ARRAY_OBJECT_INDEX_SCALE I 4
staticfield jdk/internal/misc/Unsafe ADDRESS_SIZE I 8
ciMethod java/lang/StringUTF16 hashCode ([B)I 0 0 1 0 -1
ciMethod java/lang/StringUTF16 toLowerCase (Ljava/lang/String;[BLjava/util/Locale;)Ljava/lang/String; 0 0 1 0 -1
ciInstanceKlass java/lang/Thread$FieldHolder 1 1 55 10 7 12 1 1 1 9 7 12 1 1 1 9 12 1 1 9 12 1 1 9 12 1 1 9 12 1 1 1 1 1 1 1 1 1 1 1 1 100 1 100 1 1 1 1 100 1 1 1 100 1 100 1 1
ciInstanceKlass java/lang/Thread$Constants 0 0 47 100 1 10 100 12 1 1 1 10 12 1 1 10 12 1 1 10 100 12 1 1 8 1 10 12 1 9 100 12 1 1 1 1 1 1 1 1 1 1 1 1 1 1 1 1 1
ciInstanceKlass java/lang/ThreadGroup 1 1 380 10 7 12 1 1 1 9 7 12 1 1 1 8 1 9 12 1 1 7 1 9 12 1 1 9 12 1 1 10 7 12 1 1 1 10 12 1 1 10 12 1 10 12 1 1 10 12 1 1 10 12 1 10 12 1 10 12 1 10 100 12 1 1 1 10 12 1 1 18 12 1 1 11 100 12 1 1 1 10 12 1 1 10 12 1 1 10 12 1 1 10 7 12 1 1 1 10 12 1 11 12 1 1 11 100 12 1 1 11 12 1 1 10 12 1 1 10 12 1 10 12 1 11 12 1 11 12 1 1 10 12 1 100 1 10 18 12 1 1 11 100 12 1 1 1 11 12 1 1 9 100 12 1 1 1 10 12 1 1 8 1 10 100 12 1 1 1 10 100 12 1 1 1 10 12 1 1 11 12 10 12 1 1 10 12 1 1 11 100 1 9 12 1 100 1 10 8 1 10 12 1 1 10 12 1 1 8 1 10 12 1 10 100 12 1 1 1 10 12 1 1 10 7 1 8 1 10 8 1 10 12 1 10 12 1 8 1 9 12 1 1 9 12 1 10 100 12 1 1 1 100 9 12 1 1 7 1 9 12 1 10 12 10 12 1 1 100 10 12 9 12 1 10 12 1 100 1 10 100 1 10 10 12 1 10 12 1 1 1 1 1 1 1 1 1 1 1 1 1 1 1 1 3 1 1 1 1 1 1 1 1 1 1 1 100 1 1 1 1 1 1 1 1 1 1 1 1 1 1 1 1 1 1 1 1 1 1 1 1 1 1 1 1 1 1 1 1 1 1 1 1 1 1 1 1 16 15 10 12 16 16 15 10 12 16 15 10 100 12 1 1 1 1 1 100 1 100 1 1
staticfield java/lang/ThreadGroup $assertionsDisabled Z 1
ciInstanceKlass java/lang/Thread$UncaughtExceptionHandler 1 0 16 100 1 100 1 1 1 1 1 1 1 1 100 1 1 1
instanceKlass java/lang/ThreadBuilders$BoundVirtualThread
instanceKlass java/lang/VirtualThread
ciInstanceKlass java/lang/BaseVirtualThread 0 0 36 10 100 12 1 1 1 100 1 1 1 1 1 1 1 1 1 1 1 1 1 1 1 1 1 1 1 1 100 1 100 1 1 100 1 1
ciInstanceKlass java/lang/VirtualThread 0 0 928 9 100 12 1 1 1 9 12 1 1 10 100 12 1 1 1 10 100 12 1 1 1 10 100 12 1 1 1 9 12 1 1 100 1 10 12 1 9 12 1 1 18 12 1 1 9 12 1 1 10 12 1 1 100 1 10 12 1 10 12 1 1 10 12 1 1 10 12 1 10 12 1 1 9 12 1 1 10 12 1 10 100 12 1 10 12 1 10 12 1 10 12 1 10 12 1 9 12 1 1 11 100 12 1 1 1 10 10 12 1 11 100 12 1 1 1 10 12 1 100 1 10 12 1 1 100 1 9 12 1 1 5 0 10 100 12 1 1 1 9 12 1 100 1 100 1 10 10 100 12 1 1 1 10 100 12 1 1 1 10 12 1 1 10 12 1 10 12 1 1 10 12 1 10 12 10 12 1 100 1 10 10 12 1 10 12 1 1 9 12 1 1 10 12 1 1 9 12 1 1 10 12 1 9 12 1 10 100 12 1 1 10 9 10 10 12 1 1 10 12 1 1 10 100 12 1 1 10 100 1 10 9 10 100 1 10 12 1 1 10 12 1 10 10 12 1 1 9 12 1 10 12 1 10 12 1 9 12 1 1 10 12 1 10 12 1 10 12 1 1 9 12 1 1 10 12 1 10 12 1 1 10 12 1 10 12 1 1 9 12 1 18 9 100 12 1 1 1 10 12 1 1 9 12 1 10 12 1 10 12 1 1 10 12 1 9 12 1 1 18 12 1 9 12 1 9 12 1 10 12 9 12 1 1 10 100 12 1 1 10 12 1 10 12 1 1 10 100 12 1 1 10 12 1 100 1 8 1 10 12 1 10 12 1 1 10 12 1 10 12 1 10 12 1 10 100 12 1 1 10 12 1 10 12 1 10 12 1 10 12 1 10 100 12 1 1 8 1 10 12 1 10 12 1 10 12 1 10 12 1 1 10 12 1 10 12 10 12 1 100 1 10 10 12 1 10 12 1 1 10 12 1 1 10 12 1 10 12 1 10 12 1 1 10 12 1 1 11 100 12 1 1 11 12 1 10 12 9 100 12 1 1 1 9 12 1 10 12 1 1 9 12 1 9 12 1 9 12 1 9 12 1 100 1 10 10 12 1 1 10 12 1 100 1 100 1 10 8 1 10 12 1 1 10 12 1 10 12 1 10 10 12 1 8 1 10 10 12 1 10 12 1 10 100 12 1 1 8 1 8 1 10 12 1 1 10 10 9 100 12 1 1 1 10 12 1 1 10 12 1 10 10 12 9 12 1 10 12 1 1 10 12 1 9 12 1 10 12 1 1 9 12 1 10 12 1 1 9 12 1 10 12 1 1 18 12 1 1 8 1 10 12 1 1 8 1 8 1 10 100 12 1 1 1 10 100 12 1 1 1 10 12 1 10 12 1 1 10 12 1 18 12 1 1 18 12 1 1 5 0 9 12 1 10 12 1 10 12 1 10 100 1 10 12 1 1 9 12 1 9 12 1 1 10 12 1 1 10 12 1 10 12 10 12 1 1 10 100 12 1 1 10 12 1 1 100 1 8 1 10 10 12 1 8 10 12 1 1 8 8 9 12 1 8 8 10 12 1 10 12 1 1 8 1 18 12 1 10 100 12 1 1 10 12 1 10 12 1 3 1 3 1 3 1 3 1 3 1 3 1 3 1 3 1 3 1 3 1 3 1 3 1 3 3 1 3 3 1 3 3 1 3 3 1 3 1 1 1 1 1 1 1 1 1 1 1 1 1 1 1 1 1 100 1 1 1 1 1 1 1 1 1 1 1 1 1 1 1 1 1 1 1 1 100 1 1 1 1 1 1 1 1 1 1 1 1 1 1 1 1 1 1 1 1 1 1 1 1 1 1 1 1 1 1 1 1 1 100 1 1 1 1 1 1 1 1 1 1 1 1 1 1 1 1 1 1 1 1 1 1 1 1 1 1 1 100 1 1 1 1 1 1 1 1 1 1 1 1 1 1 1 1 1 1 1 1 1 1 100 1 1 16 15 10 12 15 10 12 15 10 12 16 15 10 12 16 15 10 12 16 15 10 12 16 15 10 12 15 10 100 12 1 1 1 1 1 1 1 100 1 1 1 100 1 100 1 1
ciInstanceKlass java/lang/ThreadBuilders$BoundVirtualThread 0 0 132 10 100 12 1 1 1 9 100 12 1 1 1 10 100 12 1 1 1 9 12 1 1 10 12 1 1 10 12 1 1 9 12 1 1 10 100 12 1 1 1 10 12 1 1 100 1 8 1 10 12 1 10 12 1 1 10 12 1 1 10 12 1 1 10 100 12 1 1 1 8 1 10 12 1 8 1 10 12 1 1 10 100 12 1 1 9 100 12 1 1 1 10 12 1 1 10 10 12 1 1 1 1 1 1 1 1 1 1 1 1 1 1 1 1 1 1 1 1 1 1 1 1 1 1 1 1 100 1 1 1 1
instanceKlass io/netty/util/ResourceLeakDetector$TraceRecord
instanceKlass java/lang/Exception
instanceKlass java/lang/Error
ciInstanceKlass java/lang/Throwable 1 1 403 10 7 12 1 1 1 9 7 12 1 1 1 9 12 1 1 9 12 1 9 12 1 1 9 12 1 10 12 1 1 9 12 1 1 10 12 1 1 10 100 12 1 1 1 9 12 1 1 10 12 1 1 10 12 1 100 1 7 1 10 8 1 10 12 1 1 8 1 10 7 12 1 1 10 10 12 1 100 1 8 1 10 10 7 12 1 1 10 12 1 8 1 9 7 12 1 1 1 10 12 1 1 7 1 10 12 10 12 1 7 1 10 10 7 12 1 1 1 11 7 12 1 1 1 10 7 12 1 1 1 10 12 1 1 10 12 1 1 8 1 10 12 1 10 12 1 1 8 1 8 1 10 12 1 1 10 12 1 8 1 8 1 9 12 1 10 100 12 1 1 100 1 10 11 12 1 8 1 8 1 10 7 12 1 1 8 1 10 12 1 8 1 100 1 10 12 1 9 12 1 1 10 12 1 10 7 12 1 9 12 1 1 10 12 1 1 100 1 8 1 10 12 1 10 100 12 1 1 10 12 1 1 7 1 10 100 12 1 1 1 10 12 1 11 7 12 1 1 1 11 100 12 1 1 1 11 12 1 8 1 10 12 1 1 8 1 10 10 9 100 12 1 1 1 8 1 10 12 1 1 11 10 100 1 8 1 10 11 12 1 1 8 1 9 12 1 10 100 12 1 1 11 9 12 1 1 11 12 1 1 7 10 12 1 10 12 1 1 100 1 1 1 1 5 0 1 1 1 1 1 1 1 1 1 1 1 1 100 1 1 1 1 1 1 1 1 1 1 1 1 1 1 1 1 1 1 1 1 1 1 1 1 1 1 1 1 1 1 1 1 1 1 1 1 1 1 1 1 1 1 1 100 1 100 1 1 1 1 1 1 1 1 1 1 1 1 1 1 1 1 1 1
staticfield java/lang/Throwable UNASSIGNED_STACK [Ljava/lang/StackTraceElement; 0 [Ljava/lang/StackTraceElement;
staticfield java/lang/Throwable SUPPRESSED_SENTINEL Ljava/util/List; java/util/Collections$EmptyList
staticfield java/lang/Throwable EMPTY_THROWABLE_ARRAY [Ljava/lang/Throwable; 0 [Ljava/lang/Throwable;
staticfield java/lang/Throwable $assertionsDisabled Z 1
ciInstanceKlass jdk/internal/vm/ContinuationScope 0 0 50 10 100 12 1 1 1 10 100 12 1 1 1 100 1 9 100 12 1 1 1 10 12 1 1 10 100 12 1 1 1 10 12 1 1 10 12 1 1 1 1 1 1 1 1 1 1 1 1 1
ciInstanceKlass jdk/internal/vm/StackChunk 1 1 32 10 100 12 1 1 1 9 100 12 1 1 1 9 12 1 1 9 12 1 1 1 1 1 1 1 1 1 1 1 1 1
ciInstanceKlass java/lang/Boolean 1 1 146 10 7 12 1 1 1 9 7 12 1 1 1 10 12 1 1 10 12 1 8 1 10 7 12 1 1 9 12 1 1 9 12 1 10 12 1 1 10 12 1 1 10 12 1 1 10 12 1 10 7 12 1 1 1 10 12 1 1 9 100 12 1 1 9 12 10 100 12 1 1 1 10 12 1 1 8 1 10 7 12 1 1 1 9 12 1 1 100 1 100 1 100 1 1 1 1 1 1 5 0 1 1 1 1 1 1 1 1 1 1 1 1 1 1 1 1 1 1 1 1 1 1 1 1 1 1 1 1 1 1 1 1 1 1 1 100 1 1 1 1 1 1 1 1 1
staticfield java/lang/Boolean TRUE Ljava/lang/Boolean; java/lang/Boolean
staticfield java/lang/Boolean FALSE Ljava/lang/Boolean; java/lang/Boolean
staticfield java/lang/Boolean TYPE Ljava/lang/Class; java/lang/Class
ciInstanceKlass java/lang/Character 1 1 603 7 1 100 1 100 1 9 12 1 1 8 1 9 12 1 1 100 1 9 12 1 1 10 100 12 1 1 1 10 100 12 1 1 1 10 100 12 1 1 1 10 7 12 1 1 1 9 7 12 1 1 1 10 12 1 10 12 1 1 10 12 1 1 10 100 12 1 1 10 12 1 1 3 3 3 3 3 10 12 1 1 10 12 1 3 11 7 12 1 1 1 11 12 1 1 10 12 1 1 10 12 1 1 100 1 10 10 12 1 3 10 12 1 1 10 12 1 10 12 1 1 100 1 8 1 10 12 1 1 10 12 1 10 12 1 10 12 1 10 100 12 1 1 1 10 12 1 10 12 1 10 12 1 1 10 12 1 10 7 12 1 1 10 10 12 1 10 10 12 1 10 12 1 1 10 12 1 10 10 12 1 10 12 1 10 12 1 10 12 1 10 12 1 10 12 1 10 12 1 10 12 10 10 12 10 10 12 1 10 10 12 1 10 10 12 1 10 10 12 1 10 12 1 10 12 1 10 12 1 10 12 1 10 12 1 10 12 1 10 10 12 1 10 10 12 1 10 10 12 1 1 10 10 12 1 10 5 0 10 12 1 10 12 1 10 10 12 1 10 10 12 1 1 10 10 12 1 10 10 12 1 9 12 1 1 100 1 10 10 12 1 10 12 1 1 3 10 100 12 1 1 1 10 12 1 10 100 12 1 1 100 1 10 10 12 1 1 10 12 1 1 10 12 1 1 8 1 10 12 1 9 100 12 1 1 1 10 12 1 10 10 12 1 10 12 1 1 10 12 1 10 10 12 1 1 10 10 12 1 1 100 1 8 1 10 12 1 1 10 7 12 1 1 1 8 1 10 12 1 1 9 12 1 1 100 1 100 1 100 1 1 1 1 3 1 3 1 3 1 3 1 1 1 1 1 3 1 1 3 1 3 1 3 1 3 1 3 1 3 1 3 1 3 1 3 1 3 1 3 1 3 1 3 1 3 1 3 1 3 1 3 1 3 1 3 1 3 1 3 1 3 1 3 1 3 1 3 1 3 1 3 1 3 1 1 1 1 1 1 1 1 1 1 1 1 1 1 1 1 1 1 1 3 1 1 1 1 1 1 1 3 1 1 3 1 1 1 1 1 3 1 1 5 0 1 1 1 1 1 1 1 1 1 1 1 1 1 1 1 1 1 1 1 1 1 1 1 1 1 1 1 1 1 1 1 1 1 1 1 1 1 1 1 1 1 1 1 1 1 1 1 1 1 1 1 1 1 1 1 1 1 1 1 1 1 1 1 1 1 1 1 1 1 1 1 1 1 1 1 1 1 1 1 1 1 1 1 1 1 1 1 1 1 100 1 100 1 1 1 1 1 1
staticfield java/lang/Character TYPE Ljava/lang/Class; java/lang/Class
staticfield java/lang/Character $assertionsDisabled Z 1
ciInstanceKlass java/lang/Float 1 1 277 7 1 100 1 10 100 12 1 1 1 10 100 12 1 1 1 4 100 1 10 12 1 1 10 12 1 1 8 1 8 1 10 100 12 1 1 1 10 12 1 1 10 12 1 1 10 100 1 4 10 7 12 1 1 9 12 1 1 10 12 1 1 10 12 1 10 10 12 1 1 10 12 1 10 12 1 3 3 100 1 4 4 4 3 10 12 1 1 9 12 1 1 100 1 10 3 3 4 4 10 12 1 3 3 3 10 12 1 1 10 12 1 1 10 12 1 10 100 12 1 1 1 10 12 1 1 10 12 1 1 10 7 12 1 1 1 8 1 10 12 1 1 9 12 1 1 100 1 100 1 100 1 1 1 1 4 1 4 1 1 1 4 1 1 3 1 3 1 3 1 3 1 3 1 1 1 1 5 0 1 1 1 1 1 1 1 1 1 1 100 1 1 1 1 1 1 1 1 1 1 1 1 1 1 1 1 1 1 1 1 1 1 1 1 1 1 1 1 1 1 1 1 1 1 1 1 1 1 1 1 1 1 1 1 1 1 1 1 1 1 1 1 1 1 1 1 1 1 1 1 1 1 1 1 1 1 1 1 1 1 1 1 1 100 1 1 1 1 1 1 1 100 1 100 1 1
staticfield java/lang/Float TYPE Ljava/lang/Class; java/lang/Class
staticfield java/lang/Float $assertionsDisabled Z 1
instanceKlass java/math/BigDecimal
instanceKlass java/math/BigInteger
instanceKlass java/util/concurrent/atomic/Striped64
instanceKlass java/util/concurrent/atomic/AtomicLong
instanceKlass java/util/concurrent/atomic/AtomicInteger
instanceKlass java/lang/Long
instanceKlass java/lang/Integer
instanceKlass java/lang/Short
instanceKlass java/lang/Byte
instanceKlass java/lang/Double
instanceKlass java/lang/Float
ciInstanceKlass java/lang/Number 1 1 37 10 7 12 1 1 1 10 100 12 1 1 1 100 1 1 1 1 5 0 1 1 1 1 1 1 1 1 1 1 1 1 1 1 1 1 1
ciInstanceKlass java/lang/Double 1 1 288 7 1 100 1 10 100 12 1 1 1 10 12 1 1 10 100 1 10 12 1 1 10 100 12 1 1 1 6 0 8 1 10 12 1 1 8 1 10 12 1 1 8 1 6 0 10 12 1 1 100 1 5 0 5 0 8 1 8 1 10 100 12 1 1 1 10 100 12 1 1 1 8 1 10 12 1 1 8 1 8 1 8 1 10 12 1 1 10 12 1 10 12 1 1 10 12 1 10 12 1 10 12 1 1 10 12 1 10 7 1 6 0 10 7 12 1 1 9 12 1 1 10 12 1 10 12 1 10 12 1 10 12 1 10 12 1 5 0 10 12 1 1 10 12 1 10 12 1 10 100 12 1 1 1 10 12 1 1 10 12 1 1 8 1 10 7 12 1 1 1 9 12 1 1 100 1 100 1 100 1 1 1 6 0 1 6 0 1 6 0 1 1 1 6 0 1 1 3 1 3 1 3 1 3 1 3 1 1 1 1 5 0 1 1 1 1 1 1 1 1 1 1 1 1 1 1 1 1 100 1 1 1 1 1 1 1 1 1 1 1 1 1 1 1 1 1 1 1 1 1 1 1 1 1 1 1 1 1 1 1 1 1 1 1 1 1 1 1 1 1 1 1 1 1 100 1 1 1 1 1 1 1 100 1 100 1 1
staticfield java/lang/Double TYPE Ljava/lang/Class; java/lang/Class
ciInstanceKlass java/lang/Byte 1 1 212 7 1 100 1 10 100 12 1 1 1 9 12 1 1 8 1 9 12 1 1 100 1 10 12 1 1 10 12 1 1 10 100 12 1 1 1 10 100 12 1 1 1 9 7 12 1 1 1 10 12 1 1 100 1 100 1 10 12 1 1 8 1 10 12 1 1 8 1 10 12 1 10 12 1 10 12 1 10 12 1 1 10 12 1 10 12 1 10 12 1 1 10 8 1 8 1 10 7 1 9 12 1 1 10 12 1 1 10 12 1 1 10 12 1 1 10 12 1 5 0 10 12 1 1 8 1 10 7 12 1 1 1 9 12 1 1 100 1 100 1 1 1 3 1 3 1 1 1 1 3 1 3 1 1 5 0 1 1 1 1 1 1 1 1 1 1 1 1 1 1 1 1 1 1 1 1 1 1 1 1 1 1 1 1 1 1 1 1 1 1 1 1 1 1 1 1 1 1 1 1 1 1 1 1 1 1 1 1 1 1 1
staticfield java/lang/Byte TYPE Ljava/lang/Class; java/lang/Class
ciMethod java/lang/Byte toUnsignedInt (B)I 1024 0 62641 0 80
ciInstanceKlass java/lang/Short 1 1 220 7 1 100 1 100 1 10 100 12 1 1 1 10 12 1 1 100 1 100 1 10 12 1 1 8 1 10 12 1 1 8 1 10 12 1 10 12 1 10 12 1 10 12 1 1 10 12 1 1 10 12 1 9 12 1 1 8 1 9 12 1 1 100 1 10 12 1 1 10 12 1 10 100 12 1 1 1 10 100 12 1 1 1 9 7 12 1 1 1 10 12 1 10 12 1 1 10 8 1 8 1 10 7 1 9 12 1 1 10 12 1 1 10 12 1 1 10 12 1 1 10 12 1 3 3 5 0 10 12 1 1 8 1 10 7 12 1 1 1 9 12 1 1 100 1 100 1 1 1 3 1 3 1 1 1 1 3 1 3 1 1 5 0 1 1 1 1 1 1 1 1 1 1 1 1 1 1 1 1 1 1 1 1 1 1 1 1 1 1 1 1 1 1 1 1 1 1 1 1 1 1 1 1 1 1 1 1 1 1 1 1 1 1 1 1 1 1 1 1
staticfield java/lang/Short TYPE Ljava/lang/Class; java/lang/Class
ciInstanceKlass java/lang/Integer 1 1 436 7 1 100 1 7 1 7 1 10 12 1 1 9 12 1 1 9 12 1 1 10 100 12 1 1 1 10 12 1 1 10 100 12 1 1 1 10 10 12 1 1 10 100 12 1 1 1 10 12 1 10 12 1 1 10 7 12 1 1 1 10 12 1 1 10 12 1 1 10 12 1 10 7 12 1 1 10 12 1 1 10 12 1 10 12 1 100 1 8 1 10 12 1 8 1 100 1 10 12 1 1 10 12 1 1 8 1 10 12 1 1 8 1 10 12 1 1 10 12 1 1 10 12 1 1 3 3 10 7 12 1 1 1 11 7 1 10 12 1 1 11 10 12 1 1 10 12 1 1 8 1 10 12 1 10 12 1 8 1 100 1 10 12 1 8 1 10 12 1 1 10 12 1 8 1 10 12 1 10 12 1 7 1 9 12 1 1 9 12 1 1 10 12 1 10 7 1 9 12 1 10 12 1 10 12 1 10 12 1 1 10 12 1 1 10 7 12 1 1 1 10 12 1 1 8 1 8 1 10 12 1 1 8 1 8 1 8 1 8 1 8 1 8 1 10 12 1 10 12 1 10 12 1 5 0 3 3 3 3 10 12 1 10 12 1 3 10 12 1 10 100 12 1 1 1 10 12 1 1 10 12 1 1 8 1 10 7 12 1 1 1 9 12 1 1 100 1 100 1 100 1 1 1 1 3 1 1 1 1 1 3 1 3 1 1 5 0 1 1 1 1 1 1 1 1 1 100 1 1 1 1 1 1 1 1 1 1 1 1 1 1 1 1 1 1 1 1 1 1 1 1 1 1 1 1 1 1 1 1 1 1 1 1 1 1 1 1 1 1 1 1 1 1 1 1 1 1 1 1 1 1 1 1 1 1 1 1 1 1 1 1 1 1 1 1 1 1 1 1 1 1 1 1 1 1 1 1 1 1 1 1 1 1 1 1 1 1 1 1 1 100 1 1 1 1 1 1 1 1 1 100 1 100 1 1
staticfield java/lang/Integer TYPE Ljava/lang/Class; java/lang/Class
staticfield java/lang/Integer digits [B 36
ciInstanceKlass java/lang/Long 1 1 498 7 1 100 1 7 1 7 1 10 12 1 1 9 12 1 1 9 7 12 1 1 1 10 100 12 1 1 1 10 12 1 1 10 100 12 1 1 1 10 10 12 10 12 1 10 12 1 10 12 1 5 0 5 0 100 1 10 12 1 1 10 12 1 1 10 12 1 10 12 1 10 12 1 10 12 1 1 10 100 12 1 1 10 12 1 10 12 1 1 10 12 1 1 10 12 1 1 10 12 1 1 10 7 12 1 1 1 10 12 1 1 10 12 1 10 12 1 10 7 12 1 1 10 12 1 1 10 12 1 10 12 1 7 1 8 1 10 12 1 8 1 100 1 10 12 1 10 12 1 1 8 1 10 12 1 1 8 1 10 12 1 1 10 12 1 1 10 12 1 1 5 0 5 0 10 7 12 1 1 1 11 7 1 10 12 1 1 11 10 12 1 1 10 12 1 1 8 1 5 0 10 12 1 1 10 12 1 1 8 1 8 1 10 12 1 8 1 10 12 1 10 12 1 5 0 5 0 9 7 12 1 1 1 10 12 1 10 12 1 1 8 1 8 1 10 12 1 1 8 1 8 1 8 1 8 1 8 1 8 1 10 12 1 10 12 1 10 7 1 9 12 1 1 10 12 1 10 12 1 1 10 12 1 1 10 100 12 1 1 1 10 12 1 1 10 12 1 10 12 1 10 12 1 5 0 5 0 5 0 10 12 1 1 10 12 1 5 0 5 0 10 12 10 12 1 10 100 12 1 1 1 10 12 1 1 10 12 1 1 8 1 10 7 12 1 1 1 9 12 1 1 100 1 100 1 100 1 1 1 1 5 0 1 1 1 1 3 1 3 1 5 0 1 1 1 1 1 1 1 1 1 100 1 1 1 1 1 1 1 1 1 1 1 1 1 1 1 1 1 1 1 1 1 1 1 1 1 1 1 1 1 1 1 1 1 1 1 1 1 1 1 1 1 1 1 1 1 1 1 1 1 1 1 1 1 1 1 1 1 1 1 1 1 1 1 1 1 1 1 1 1 1 1 1 1 1 1 1 1 1 1 1 1 1 1 1 1 1 1 1 1 1 1 1 1 1 1 1 1 1 1 1 100 1 1 1 1 1 1 1 1 1 100 1 100 1 1
staticfield java/lang/Long TYPE Ljava/lang/Class; java/lang/Class
ciInstanceKlass java/lang/Void 1 1 31 10 100 12 1 1 1 8 1 10 7 12 1 1 1 9 7 12 1 1 1 1 1 1 1 1 1 1 1 1 1
staticfield java/lang/Void TYPE Ljava/lang/Class; java/lang/Class
ciInstanceKlass jdk/internal/vm/vector/VectorSupport 0 0 597 100 1 10 100 12 1 1 1 9 12 1 1 10 100 12 1 1 1 100 1 10 12 1 11 100 12 1 1 1 11 100 12 1 1 1 11 100 12 1 1 1 11 100 12 1 1 11 100 12 1 1 11 100 12 1 1 11 100 12 1 1 11 100 12 1 1 11 100 12 1 1 11 100 12 1 1 11 100 12 1 1 1 11 100 12 1 1 11 100 12 1 1 1 11 100 12 1 1 1 11 100 12 1 1 11 100 12 1 1 1 11 100 12 1 1 100 1 10 12 1 1 11 100 12 1 1 11 100 12 1 1 11 100 12 1 1 11 100 1 11 100 12 1 1 11 100 12 1 1 11 100 12 1 1 9 12 1 1 10 100 12 1 1 11 100 12 1 1 10 100 12 1 1 1 10 100 12 1 1 10 12 1 1 10 12 1 1 1 1 1 3 1 3 1 3 1 3 1 3 1 3 1 3 1 3 1 3 1 3 1 3 1 3 1 3 1 3 1 3 1 3 1 3 1 3 1 3 1 3 1 3 1 3 1 3 1 3 1 3 1 3 1 3 1 3 1 3 1 3 1 3 1 3 1 3 1 3 1 3 1 3 1 3 1 3 1 3 1 3 1 3 1 3 1 3 1 3 1 3 1 3 1 3 1 3 1 3 1 3 1 3 1 3 1 3 1 1 1 3 1 3 1 3 1 3 1 3 1 3 1 1 1 1 1 1 1 1 1 1 1 1 1 1 1 1 1 1 1 1 1 1 1 1 1 1 1 1 1 1 1 1 1 1 1 1 1 1 1 1 1 1 1 1 1 1 1 1 1 1 1 1 1 1 1 1 1 1 1 1 1 1 1 1 1 1 1 1 1 1 1 1 1 1 1 1 1 1 1 1 1 1 1 1 1 1 1 1 1 1 1 1 1 1 1 1 1 1 1 1 1 1 1 1 1 1 1 1 1 1 1 1 1 1 1 1 1 1 1 1 1 1 1 1 1 1 1 1 1 1 1 1 1 1 1 1 1 1 1 1 1 1 1 1 1 1 1 1 1 1 1 1 1 1 1 1 1 1 1 1 1 1 1 1 1 1 1 1 1 1 1 1 1 1 1 1 1 1 1 1 1 1 1 1 1 1 1 1 1 1 1 1 1 1 1 1 1 1 1 1 1 1 1 1 1 1 1 1 1 1 1 1 1 1 1 1 1 1 1 1 1 1 1 1 1 1 1 1 1 1 1 1 1 1 1 1 1 1 1 1 1 1 1 1 1 1 1 100 1 100 1 100 1 100 1 100 1 1 1 1 1 1 1 1 1 1 1 1 1 1 1 1 1 1 1 1 1 1 1 1 1 1 1 1 1 1 1
instanceKlass jdk/internal/vm/vector/VectorSupport$VectorShuffle
instanceKlass jdk/internal/vm/vector/VectorSupport$VectorMask
instanceKlass jdk/internal/vm/vector/VectorSupport$Vector
ciInstanceKlass jdk/internal/vm/vector/VectorSupport$VectorPayload 0 0 32 10 100 12 1 1 1 9 100 12 1 1 1 10 100 12 1 1 1 1 1 1 1 1 1 1 1 1 1 1 1 1
ciInstanceKlass jdk/internal/vm/vector/VectorSupport$Vector 0 0 28 10 100 12 1 1 1 100 1 1 1 1 1 1 1 1 1 1 1 1 1 1 1 100 1 1 1 1
ciInstanceKlass jdk/internal/vm/vector/VectorSupport$VectorMask 0 0 28 10 100 12 1 1 1 100 1 1 1 1 1 1 1 1 1 1 1 1 1 1 1 100 1 1 1 1
ciInstanceKlass jdk/internal/vm/vector/VectorSupport$VectorShuffle 0 0 28 10 100 12 1 1 1 100 1 1 1 1 1 1 1 1 1 1 1 1 1 1 1 100 1 1 1 1
ciInstanceKlass jdk/internal/vm/FillerObject 0 0 16 10 100 12 1 1 1 100 1 1 1 1 1 1 1 1
instanceKlass java/lang/ref/PhantomReference
instanceKlass java/lang/ref/FinalReference
instanceKlass java/lang/ref/WeakReference
instanceKlass java/lang/ref/SoftReference
ciInstanceKlass java/lang/ref/Reference 1 1 198 9 7 12 1 1 1 9 7 12 1 1 10 12 1 1 10 12 1 1 9 12 1 1 10 12 1 1 9 12 1 1 9 12 1 1 7 1 10 12 1 10 7 12 1 1 10 12 1 10 12 1 1 10 12 1 7 1 8 1 10 12 1 1 7 1 10 12 1 1 10 12 1 1 10 12 1 7 1 10 12 10 7 12 1 1 1 9 12 1 10 12 1 1 10 12 1 10 12 1 10 12 1 9 12 1 100 1 100 1 10 9 12 1 9 12 1 100 1 10 10 12 1 10 10 7 12 1 1 10 12 1 1 1 1 1 1 1 1 1 1 1 1 1 1 1 1 1 100 1 1 1 100 1 1 1 1 1 1 1 1 1 1 1 1 1 1 1 1 1 1 1 1 1 1 1 1 1 1 1 1 1 1 1 1 1 1 1 1 1 100 1 100 1 100 1 1 1
staticfield java/lang/ref/Reference processPendingLock Ljava/lang/Object; java/lang/Object
staticfield java/lang/ref/Reference $assertionsDisabled Z 1
instanceKlass sun/security/util/MemoryCache$SoftCacheEntry
instanceKlass java/util/ResourceBundle$BundleReference
instanceKlass sun/util/locale/provider/LocaleResources$ResourceReference
instanceKlass sun/util/resources/Bundles$BundleReference
instanceKlass org/springframework/util/ConcurrentReferenceHashMap$SoftEntryReference
instanceKlass jdk/internal/util/SoftReferenceKey
instanceKlass java/lang/invoke/LambdaFormEditor$Transform
ciInstanceKlass java/lang/ref/SoftReference 1 1 50 10 7 12 1 1 1 9 7 12 1 1 1 9 12 1 10 12 1 10 12 1 1 1 1 1 1 1 1 1 1 1 1 1 1 1 1 1 1 1 1 1 1 100 1 1 1 1 1 1
instanceKlass io/netty/util/ResourceLeakDetector$DefaultResourceLeak
instanceKlass javax/crypto/JceSecurity$WeakIdentityWrapper
instanceKlass java/beans/WeakIdentityMap$Entry
instanceKlass org/apache/tomcat/util/collections/ManagedConcurrentWeakHashMap$Key
instanceKlass java/util/ResourceBundle$KeyElementReference
instanceKlass java/util/logging/LogManager$LoggerWeakRef
instanceKlass java/util/logging/Level$KnownLevel
instanceKlass java/lang/WeakPairMap$WeakRefPeer
instanceKlass org/apache/commons/logging/impl/WeakHashtable$WeakKey
instanceKlass java/lang/ThreadLocal$ThreadLocalMap$Entry
instanceKlass jdk/internal/util/WeakReferenceKey
instanceKlass java/util/WeakHashMap$Entry
ciInstanceKlass java/lang/ref/WeakReference 1 1 34 10 7 12 1 1 1 10 12 1 100 1 1 1 1 1 1 1 1 1 1 1 1 1 1 1 1 1 1 1 1 1 1 1
instanceKlass java/lang/ref/Finalizer
ciInstanceKlass java/lang/ref/FinalReference 1 1 50 10 7 12 1 1 1 10 100 12 1 1 1 10 12 1 1 100 1 8 1 10 12 1 1 1 1 1 1 1 1 1 1 1 1 1 1 1 1 1 1 1 1 1 1 1 1 1 100 1
instanceKlass jdk/internal/ref/PhantomCleanable
instanceKlass jdk/internal/ref/Cleaner
ciInstanceKlass java/lang/ref/PhantomReference 1 1 47 10 7 12 1 1 1 10 12 1 1 10 7 12 1 1 1 1 1 1 1 1 1 1 1 1 1 1 1 1 1 1 1 1 1 1 1 1 1 1 1 1 1 1 1 1 1
ciInstanceKlass java/lang/ref/Finalizer 1 1 177 9 7 12 1 1 1 10 7 12 1 1 1 9 12 1 1 9 12 1 1 9 12 1 9 12 1 9 12 1 1 10 12 1 100 1 8 1 10 12 1 10 12 1 1 9 12 1 100 1 10 12 1 100 1 11 100 12 1 1 10 12 1 100 1 10 12 1 10 7 12 1 1 1 10 12 1 1 10 100 12 1 1 8 1 10 12 1 10 12 1 10 12 1 100 1 10 12 1 10 100 12 1 1 1 100 1 10 10 12 1 1 7 1 10 12 1 10 12 1 1 10 12 1 1 10 7 12 1 1 1 7 1 10 7 1 10 10 12 1 1 1 1 1 1 1 1 1 1 1 1 1 1 1 1 1 1 1 1 1 1 1 1 1 1 100 1 1 1 1 1 1 1 1 1 1 1
staticfield java/lang/ref/Finalizer lock Ljava/lang/Object; java/lang/Object
staticfield java/lang/ref/Finalizer ENABLED Z 1
staticfield java/lang/ref/Finalizer $assertionsDisabled Z 1
instanceKlass java/lang/reflect/Executable
instanceKlass java/lang/reflect/Field
ciInstanceKlass java/lang/reflect/AccessibleObject 1 1 374 10 7 12 1 1 1 10 7 12 1 1 1 10 7 12 1 1 1 10 12 1 1 9 12 1 1 7 1 10 7 12 1 1 1 11 12 1 100 1 10 12 1 7 1 100 1 10 12 1 1 10 12 1 1 10 12 1 1 10 12 1 1 10 12 1 1 7 1 10 7 12 1 1 1 10 12 1 1 11 10 7 12 1 1 1 10 12 1 1 10 12 1 10 12 1 10 12 1 1 10 12 1 8 1 100 1 100 1 10 10 12 1 1 8 1 10 12 1 10 12 1 8 1 8 1 8 1 8 1 8 1 8 1 8 1 8 1 8 1 100 1 10 12 1 10 12 1 9 100 12 1 1 1 10 12 1 1 10 12 1 10 100 1 100 1 8 1 10 8 1 10 12 1 8 1 10 12 1 10 12 1 1 10 100 1 8 1 10 11 7 12 1 1 1 10 12 1 1 10 12 1 1 10 12 1 1 9 12 1 1 100 1 10 12 1 7 1 10 12 1 10 12 1 1 10 100 1 10 12 1 10 12 10 12 1 10 12 1 10 12 1 1 10 12 1 9 12 1 10 100 12 1 1 8 1 10 12 1 1 8 1 10 100 12 1 1 1 9 12 1 100 1 10 7 1 10 10 7 12 1 1 1 10 7 12 1 1 1 9 12 1 1 1 1 1 1 1 1 1 1 1 1 1 1 1 1 1 1 1 1 1 1 1 1 1 1 1 1 1 1 1 1 1 1 1 1 1 1 1 1 1 1 1 1 1 1 1 1 1 1 1 1 1 1 1 1 1 1 1 1 1 1 1 1 1 1 1 1 1 1 1 1 1 1 1 1 1 1 1 1 1 1 1
staticfield java/lang/reflect/AccessibleObject reflectionFactory Ljdk/internal/reflect/ReflectionFactory; jdk/internal/reflect/ReflectionFactory
ciInstanceKlass java/lang/reflect/Method 1 1 468 9 7 12 1 1 1 10 7 12 1 1 1 10 7 12 1 1 9 12 1 1 9 12 1 1 10 12 1 1 10 12 1 1 10 12 1 1 10 7 12 1 1 10 7 12 1 1 1 9 12 1 1 9 12 1 9 12 1 1 9 12 1 9 12 1 9 12 1 1 9 12 1 9 12 1 1 9 12 1 9 12 1 100 1 8 1 10 12 1 10 12 1 9 12 1 1 10 7 12 1 1 1 10 12 1 1 10 12 1 1 10 12 1 10 12 1 1 9 7 12 1 1 1 10 12 1 1 10 12 10 7 12 1 1 10 12 1 1 10 12 1 10 12 1 10 12 1 10 7 12 1 1 1 10 12 1 1 9 12 1 10 7 1 10 7 12 1 1 1 10 7 12 1 1 10 12 1 1 10 12 1 1 10 12 1 10 7 12 1 1 1 10 12 1 10 8 1 10 12 1 10 12 1 7 1 8 1 8 1 8 1 10 12 1 10 12 1 1 10 12 1 1 10 10 12 1 1 10 12 1 11 100 1 10 12 1 9 12 1 1 10 12 1 1 10 12 1 10 12 1 1 10 12 1 1 11 7 12 1 1 1 11 12 1 9 12 1 1 10 12 1 10 12 1 10 12 1 10 12 1 10 12 1 10 12 1 9 12 1 1 10 7 12 1 1 1 10 7 12 1 1 10 12 1 1 10 7 12 1 1 1 10 7 12 1 1 1 10 7 12 1 1 1 11 7 12 1 1 1 10 7 12 1 1 1 7 1 100 1 100 1 10 12 1 10 12 1 1 10 12 1 100 1 8 1 10 12 1 10 10 12 1 1 10 12 1 1 10 12 1 1 10 12 1 1 8 1 10 12 1 1 1 1 1 1 1 1 1 1 1 1 1 1 1 1 1 1 1 1 1 1 1 1 1 1 1 1 1 1 1 1 1 1 1 1 1 1 1 1 1 1 1 1 1 1 1 1 1 1 1 1 1 100 1 100 1 100 1 1 1 1 1 1 1 1 1 1 1 1 1 1 1 1 1 1 1 1 1 1 1 1 1 1 1 1 1 1
ciInstanceKlass java/lang/reflect/Member 1 1 37 100 1 10 12 1 1 100 1 100 1 1 1 1 3 1 3 1 1 1 1 1 1 1 1 1 1 1 1 1 1 1 1 1 1 1 1
instanceKlass java/lang/reflect/Constructor
instanceKlass java/lang/reflect/Method
ciInstanceKlass java/lang/reflect/Executable 1 1 587 10 7 12 1 1 1 10 7 12 1 1 1 10 7 12 1 1 1 11 7 12 1 1 1 10 7 12 1 1 1 10 12 1 1 10 7 12 1 1 1 10 100 12 1 1 1 10 12 1 8 1 10 10 12 1 1 10 12 1 1 10 100 12 1 1 1 18 12 1 1 11 100 12 1 1 1 8 1 8 1 8 1 10 100 12 1 1 1 11 12 1 1 7 1 8 1 8 1 10 12 1 100 1 8 1 10 12 1 8 1 11 100 12 1 1 1 100 1 11 7 12 1 1 1 11 12 1 8 1 18 8 1 10 12 1 10 12 1 1 18 8 1 10 12 1 100 1 10 12 1 10 12 1 11 12 1 10 12 1 1 8 1 8 1 10 12 1 1 10 12 1 1 10 10 12 1 9 12 1 1 9 100 12 1 1 1 10 100 12 1 1 1 10 12 1 10 12 1 1 10 7 12 1 1 10 12 1 10 12 1 10 12 1 10 7 12 1 1 100 1 10 100 12 1 1 1 10 12 1 1 10 7 12 1 1 10 12 1 10 12 1 1 9 7 12 1 1 1 10 7 10 12 1 8 1 10 12 1 10 12 1 3 100 1 8 1 10 12 1 10 12 1 10 10 12 1 10 12 1 1 8 1 8 1 8 1 9 12 1 1 9 12 1 10 12 1 100 1 8 1 10 12 1 10 12 1 10 12 1 1 10 12 1 1 10 12 1 10 12 10 12 1 7 1 10 12 1 10 12 1 1 100 1 10 100 12 1 1 1 7 1 10 7 12 1 1 1 10 12 1 1 11 7 12 1 1 10 12 1 10 100 12 1 1 1 10 12 1 1 9 12 1 10 12 1 1 10 12 1 10 12 1 1 9 7 12 1 1 1 10 7 12 1 1 1 10 12 1 10 12 1 1 9 12 1 10 10 10 10 100 12 1 1 1 10 12 1 9 12 1 10 12 1 1 9 12 1 100 1 100 1 1 1 1 1 1 1 1 1 1 1 1 1 1 1 1 1 1 1 1 1 1 1 1 1 1 1 1 1 1 1 1 1 1 1 1 100 1 1 1 1 1 1 1 1 1 1 1 1 1 1 1 1 1 1 1 100 1 1 1 1 1 1 1 1 1 1 1 1 1 1 1 1 1 1 1 1 1 1 1 1 1 1 1 1 1 1 1 1 1 1 1 1 1 1 1 1 1 1 1 100 1 1 1 1 1 1 1 1 1 1 1 1 1 1 1 1 1 1 1 1 1 1 100 1 1 16 15 16 1 16 1 15 10 12 16 15 10 100 12 1 1 1 1 100 1 1 1 100 1 1 100 1 100 1 1
ciInstanceKlass java/lang/reflect/Constructor 1 1 437 10 7 12 1 1 1 10 7 12 1 1 9 7 12 1 1 1 9 12 1 1 10 12 1 1 10 12 1 1 10 12 1 1 10 7 12 1 1 10 7 12 1 1 1 9 12 1 1 9 12 1 1 9 12 1 9 12 1 1 9 12 1 9 12 1 1 9 12 1 1 9 12 1 100 1 8 1 10 12 1 10 12 1 9 12 1 1 10 7 12 1 1 1 10 12 1 1 10 12 1 1 10 12 1 7 1 100 1 8 1 10 10 12 1 10 12 1 10 12 1 1 9 100 12 1 1 1 10 7 12 1 1 10 12 1 1 10 12 1 10 12 1 1 10 7 12 1 1 1 10 100 12 1 1 10 12 1 1 10 12 1 10 100 12 1 1 1 8 1 10 10 12 1 100 1 8 1 10 12 1 10 12 1 1 10 12 1 1 10 12 1 10 12 1 10 12 1 1 10 12 1 1 9 12 1 1 10 12 1 1 10 12 1 1 10 12 1 1 11 7 12 1 1 1 10 12 1 1 10 12 1 10 12 1 10 12 1 8 1 9 12 1 1 10 7 12 1 1 1 10 7 12 1 1 10 12 1 1 10 12 1 1 10 12 1 1 10 12 1 1 10 12 1 9 100 12 1 1 10 12 1 10 12 1 10 12 1 100 1 8 1 10 10 12 1 1 10 12 1 10 10 12 1 1 10 12 1 1 10 100 12 1 1 1 11 100 12 1 1 1 10 12 1 1 9 100 12 1 1 1 10 100 12 1 1 1 10 12 1 1 1 1 1 1 1 1 1 1 1 1 1 1 1 1 1 1 1 1 1 1 1 1 1 1 1 1 1 1 1 1 1 1 1 1 1 1 1 1 1 1 1 1 1 1 1 1 1 1 1 1 1 1 1 1 100 1 100 1 100 1 100 1 1 1 1 1 1 1 1 1 1 1 1 1 1 1 1 1 1 1 1 1 1 1 1 1 1 1 1 1 1 1 1 100 1 1
ciInstanceKlass java/lang/reflect/Field 1 1 454 9 7 12 1 1 1 10 12 1 1 10 100 12 1 1 1 10 100 12 1 1 9 12 1 1 9 12 1 1 10 12 1 1 10 12 1 1 10 12 1 1 10 100 12 1 1 10 7 12 1 1 1 9 12 1 1 9 12 1 9 12 1 9 12 1 1 9 12 1 1 9 12 1 9 12 1 1 100 1 8 1 10 12 1 10 12 1 9 12 1 1 9 12 1 10 7 12 1 1 10 12 1 1 10 12 1 1 10 12 1 9 12 1 1 10 12 1 1 9 100 12 1 1 1 10 7 12 1 1 1 7 1 10 12 1 1 10 12 1 1 10 12 1 10 12 1 10 7 1 10 7 12 1 1 100 1 10 8 1 10 12 1 1 10 12 1 1 8 1 10 12 10 12 1 8 1 8 1 10 11 100 1 9 12 1 10 12 1 1 10 12 1 1 11 7 12 1 1 1 10 12 1 11 12 1 1 11 12 1 1 11 12 1 1 11 12 1 1 11 12 1 1 11 12 1 1 11 12 1 1 11 12 1 1 11 12 1 1 11 12 1 1 11 12 1 1 11 12 1 1 11 12 1 1 11 12 1 1 11 12 1 1 11 12 1 1 11 12 1 1 10 12 1 10 100 12 1 1 10 12 1 10 12 1 10 12 1 10 12 1 1 10 12 1 1 10 12 1 10 7 12 1 1 10 12 1 1 11 7 1 10 12 1 100 1 10 100 12 1 1 1 10 7 12 1 1 1 9 12 1 10 7 12 1 1 1 11 7 12 1 1 1 10 12 1 1 10 12 1 1 9 100 12 1 1 10 100 12 1 1 1 10 12 1 1 100 1 1 1 1 1 1 1 1 1 1 1 1 1 1 1 1 1 1 1 1 1 1 1 1 1 1 1 1 1 1 1 1 1 1 1 1 1 1 1 100 1 1 1 1 1 1 1 1 1 1 1 1 1 1 1 1 1 1 1 1 1 1 1 1 1 1 1 1 1 1 1 1 100 1 1 1 1 1 1 1 1 100 1 1 100 1 1
ciInstanceKlass java/lang/reflect/Parameter 1 1 256 10 7 12 1 1 1 9 7 12 1 1 1 9 12 1 1 9 12 1 1 9 12 1 10 12 1 1 10 12 1 1 10 7 12 1 1 1 100 1 10 10 12 1 1 11 100 12 1 1 1 10 12 1 10 7 12 1 1 1 10 12 1 1 10 12 1 10 12 1 8 1 8 1 10 7 12 1 1 1 10 12 1 10 12 9 100 12 1 1 1 9 100 12 1 1 1 10 12 1 1 10 12 1 1 10 100 12 1 1 1 10 12 1 8 1 10 12 1 9 12 1 1 10 12 1 1 9 12 1 1 10 12 1 1 10 12 1 1 10 12 1 1 10 12 1 10 10 12 1 10 100 12 1 1 1 10 12 1 1 11 100 12 1 1 10 100 12 1 1 100 1 10 100 12 1 1 1 10 12 1 1 10 12 1 1 10 12 1 1 10 12 1 1 9 12 1 100 1 10 11 12 1 11 12 1 1 100 1 1 1 1 1 1 1 1 1 1 1 1 1 1 1 1 1 1 1 1 1 1 1 1 1 1 1 1 1 1 1 1 1 1 1 1 1 1 1 100 1 1 1 1 1 100 1 1
ciInstanceKlass java/lang/reflect/RecordComponent 1 1 196 10 100 12 1 1 1 9 7 12 1 1 1 9 12 1 1 9 12 1 10 12 1 1 10 12 1 1 10 100 12 1 1 1 10 12 1 1 9 12 1 1 10 12 1 1 10 12 1 1 10 12 1 10 100 12 1 1 10 100 12 1 1 9 12 1 1 10 100 12 1 1 1 11 100 12 1 1 1 10 9 100 12 1 1 1 10 100 12 1 1 1 9 12 1 1 10 100 12 1 1 1 10 12 1 1 11 100 12 1 1 10 100 12 1 1 100 1 9 12 1 9 12 1 1 9 12 1 10 100 12 1 1 1 10 12 1 1 10 12 1 1 100 1 10 10 12 1 10 12 1 1 8 1 10 12 1 10 12 1 9 12 1 100 1 1 1 1 1 1 1 1 1 1 1 1 1 1 1 1 1 1 1 1 1 1 100 1 1 1 1 1 1 100 1 1
ciInstanceKlass java/lang/StringBuffer 1 1 487 10 7 12 1 1 1 10 12 1 10 12 1 10 12 1 1 9 7 12 1 1 1 10 12 1 1 10 12 1 10 12 1 1 9 12 1 1 10 12 1 10 12 1 1 10 12 1 1 10 12 1 10 12 1 1 10 12 1 10 12 1 1 10 12 1 1 10 7 12 1 1 1 10 12 1 1 10 12 1 10 12 1 10 12 1 10 12 1 10 12 1 10 12 1 10 12 1 10 12 1 10 12 1 10 12 1 10 12 1 10 12 1 10 12 1 10 12 1 1 10 12 1 10 12 1 1 10 12 1 1 10 10 12 1 1 10 12 1 10 12 1 10 12 1 10 12 1 10 12 1 10 12 1 10 12 10 12 1 10 12 1 10 12 1 10 12 1 1 10 12 1 10 12 1 10 10 12 1 1 10 12 1 10 12 1 10 12 1 8 1 10 12 1 10 10 100 12 1 1 1 10 10 12 1 1 9 12 1 1 10 100 12 1 1 10 100 1 8 10 100 12 1 1 1 8 10 12 1 8 1 10 12 1 10 12 1 10 100 12 1 1 1 10 100 12 1 1 1 7 1 10 12 100 1 8 1 10 10 12 1 1 10 12 1 1 10 12 1 10 12 1 10 12 1 1 10 12 1 10 12 1 10 12 1 10 12 1 10 12 1 10 12 10 12 1 10 12 1 10 12 1 10 12 1 10 12 1 10 12 1 10 12 1 10 12 1 10 12 1 10 12 1 10 12 10 12 10 12 1 10 12 1 10 12 1 10 12 10 12 1 10 12 1 10 12 1 10 12 1 10 12 1 10 12 1 10 12 1 10 12 1 10 12 1 10 12 1 10 12 1 7 1 10 12 1 9 7 12 1 1 1 9 7 1 9 12 1 1 100 1 100 1 100 1 100 1 1 1 1 5 0 1 1 1 1 1 1 1 1 1 1 1 1 1 1 1 1 1 1 1 1 1 1 1 1 1 1 1 1 1 1 1 1 1 1 1 1 1 1 1 1 1 1 1 1 1 1 1 1 1 1 1 1 1 1 1 1 1 1 1 1 100 1 1 1 1 1 100 1 1 1 1 1 1 1 1 1 1 1 1 1 1 1 1 1 1
staticfield java/lang/StringBuffer serialPersistentFields [Ljava/io/ObjectStreamField; 3 [Ljava/io/ObjectStreamField;
instanceKlass java/lang/StringBuilder
instanceKlass java/lang/StringBuffer
ciInstanceKlass java/lang/AbstractStringBuilder 1 1 662 7 1 10 7 12 1 1 1 9 7 12 1 1 1 9 12 1 9 12 1 1 9 12 1 1 10 7 12 1 1 1 10 12 1 1 100 1 3 3 10 12 1 10 12 1 1 10 12 1 1 11 7 1 100 1 100 1 10 8 1 10 12 1 10 12 1 10 12 1 1 10 12 1 10 12 1 9 12 1 10 12 1 9 12 1 1 10 7 12 1 1 1 10 10 12 1 10 12 1 10 12 1 1 9 12 1 100 1 8 1 10 12 1 10 12 1 1 8 1 10 7 12 1 1 1 10 12 1 1 8 1 10 7 12 1 1 1 100 1 8 1 10 100 1 10 12 1 10 12 1 1 10 7 12 1 1 1 10 12 1 1 10 12 1 1 10 12 1 1 10 12 1 1 10 7 12 1 1 1 10 12 1 100 1 10 10 7 12 1 1 1 9 12 1 1 9 12 1 10 12 1 1 10 10 12 1 1 10 12 1 1 10 12 1 1 10 12 1 1 10 12 1 1 10 12 1 1 10 12 1 1 10 12 1 10 10 10 12 1 10 12 1 1 10 8 1 10 12 1 1 10 12 1 10 12 1 10 12 1 10 10 7 12 1 1 1 10 12 1 1 10 12 1 10 12 1 10 12 1 10 12 100 1 9 12 1 1 9 12 1 10 12 1 1 7 1 9 12 1 9 12 10 12 1 10 12 1 1 10 12 1 1 10 12 1 10 12 1 1 10 12 1 10 12 1 1 10 12 1 1 10 10 7 12 1 1 1 10 12 1 10 12 1 10 12 1 1 10 12 1 10 12 1 1 10 12 1 10 12 1 10 12 1 10 12 1 10 12 1 10 12 1 10 12 1 10 12 1 1 10 12 1 10 12 1 10 12 10 12 1 1 18 12 1 1 100 1 10 100 12 1 1 1 18 10 12 1 1 10 12 1 1 10 12 1 10 12 1 10 12 1 1 10 12 1 10 12 1 1 11 12 1 1 10 12 1 10 12 1 1 10 12 1 10 12 1 10 12 1 10 5 0 10 100 1 8 1 10 10 12 1 1 10 100 12 1 1 1 10 12 1 10 12 1 1 100 1 10 12 100 1 10 100 1 10 10 7 12 1 1 100 1 1 1 1 1 1 1 1 1 1 1 100 1 1 1 1 1 1 1 1 1 1 1 1 1 1 1 1 1 1 1 1 1 1 1 1 1 1 1 1 1 1 1 1 1 1 1 1 1 1 1 1 1 1 1 1 1 1 1 1 1 1 1 1 100 1 1 1 1 1 1 1 1 1 1 1 1 1 1 1 1 1 1 1 1 1 1 1 1 1 1 1 1 1 1 1 1 1 1 1 1 1 1 1 1 1 1 1 1 1 1 1 1 1 1 1 1 1 1 1 1 1 1 1 1 1 1 1 100 1 1 1 1 1 1 100 1 1 1 1 1 1 100 1 1 16 1 15 10 12 16 15 10 12 15 10 100 12 1 1 1 1 1 1 1 100 1 100 1 1
staticfield java/lang/AbstractStringBuilder EMPTYVALUE [B 0
staticfield java/lang/AbstractStringBuilder $assertionsDisabled Z 1
ciInstanceKlass java/lang/StringBuilder 1 1 425 10 7 12 1 1 1 10 12 1 10 12 1 10 12 1 1 10 7 12 1 1 1 10 7 12 1 1 1 10 12 1 10 12 1 10 12 1 10 12 1 10 12 1 10 12 1 10 12 1 10 12 1 10 12 1 10 12 1 10 12 1 10 12 1 10 12 1 10 12 1 1 10 12 1 10 12 1 1 10 12 1 1 10 12 1 10 12 1 10 12 1 10 12 1 10 12 1 10 12 1 10 12 1 10 12 10 12 1 10 12 1 10 12 1 10 12 1 1 10 12 1 10 12 1 10 12 10 12 1 1 10 12 1 10 12 1 10 12 1 1 8 1 10 12 1 10 100 12 1 1 1 9 12 1 1 10 12 1 10 12 1 10 12 1 1 9 12 1 1 10 100 12 1 1 1 10 100 1 10 12 1 1 10 100 12 1 1 10 12 1 10 12 1 1 100 1 100 1 8 1 10 10 12 1 1 10 12 1 10 12 1 10 12 1 1 10 12 1 10 12 1 10 12 1 10 12 1 10 12 1 10 12 10 12 1 10 12 1 10 12 1 10 12 1 10 12 1 10 12 1 10 12 1 10 12 1 10 12 1 1 10 12 1 1 10 12 1 10 12 1 10 12 1 10 12 10 12 10 12 1 10 12 1 10 12 1 10 12 10 12 1 10 12 1 10 12 1 10 12 1 10 12 1 10 12 1 10 12 1 10 12 1 10 12 1 1 10 12 1 10 12 1 1 10 12 1 10 12 1 1 10 12 1 10 12 1 1 10 12 1 10 12 1 10 12 1 10 10 10 12 1 100 1 100 1 100 1 100 1 1 1 1 5 0 1 1 1 1 1 1 1 1 1 1 1 1 1 1 1 1 1 1 1 1 1 1 1 1 1 1 1 1 1 1 1 1 1 1 1 1 1 1 1 1 1 1 1 1 100 1 1 1 100 1 1 1 1 1 1 1 1 1 1 1
ciInstanceKlass java/security/CodeSource 1 1 396 10 7 12 1 1 1 9 7 12 1 1 1 9 12 1 1 9 12 1 1 9 12 1 1 10 7 12 1 1 1 9 12 1 1 10 100 12 1 1 10 100 10 100 12 1 1 1 10 12 1 1 10 12 1 1 100 1 10 10 100 12 1 1 1 10 100 12 1 1 1 10 12 1 1 100 1 10 12 1 1 10 12 1 1 10 12 1 1 10 12 1 10 10 100 1 10 12 1 1 10 100 12 1 1 1 10 12 1 1 10 12 1 10 12 1 8 1 10 12 1 10 12 1 10 12 1 1 10 12 1 8 1 10 12 1 1 10 100 1 10 10 12 1 1 8 1 10 12 1 10 12 1 10 12 1 8 1 8 1 9 12 1 1 100 1 8 1 10 12 1 10 12 1 1 8 1 10 12 1 8 1 8 1 8 1 10 100 12 1 1 10 12 1 1 10 12 1 10 12 1 1 10 12 1 1 10 12 1 1 100 1 100 1 10 12 1 10 12 10 12 1 1 10 100 12 1 1 10 12 1 100 1 10 12 10 100 12 1 1 1 10 8 1 10 12 1 10 12 1 1 100 1 10 12 1 1 100 1 100 1 8 1 8 1 10 10 12 1 1 10 100 12 1 1 1 100 1 10 12 10 12 1 1 11 100 12 1 1 10 10 12 1 11 10 12 1 8 1 100 1 10 12 1 10 12 1 1 10 12 1 11 12 1 1 100 1 1 1 1 5 0 1 1 1 1 1 1 1 1 1 1 1 1 1 1 1 1 1 1 1 1 1 1 1 1 1 1 1 1 1 1 1 1 1 1 1 1 1 1 1 1 1 1 1 1 1 1 1 1 1 1 1 1 1 1 1 1 1 1 1 1 1 1 1 1 1 1 100 1 1 1 1 1 1 1
ciInstanceKlass java/security/ProtectionDomain 1 1 141 10 7 12 1 1 1 9 7 12 1 1 1 9 12 1 1 9 12 1 1 10 7 12 1 1 7 1 9 12 1 9 12 1 1 7 1 9 12 1 1 9 12 1 10 100 12 1 1 10 100 12 1 1 1 10 12 1 1 10 12 1 8 1 100 1 8 1 10 12 1 10 11 12 1 1 10 100 12 1 1 1 10 12 1 1 8 1 11 8 1 10 12 1 8 1 8 1 8 1 10 12 1 8 1 8 1 1 1 1 1 1 1 1 100 1 1 100 1 1 1 1 1 1 1 1 1 1 1 1 1 1 1 1 1 1 1 100 1 1 1
instanceKlass java/net/URLClassLoader
instanceKlass jdk/internal/loader/BuiltinClassLoader
ciInstanceKlass java/security/SecureClassLoader 1 1 99 10 7 12 1 1 1 7 1 10 12 1 9 7 12 1 1 1 10 12 1 10 12 1 10 12 1 1 10 12 1 1 10 12 1 7 1 10 7 1 10 12 1 7 1 10 12 1 11 7 12 1 1 1 7 1 11 12 1 10 12 1 1 1 1 1 1 1 1 1 1 1 1 1 1 1 1 1 1 1 1 1 1 1 1 1 1 1 1 1 1 1 1 1 1 1 1 1 1
ciInstanceKlass java/net/URL 1 1 736 10 7 12 1 1 1 10 12 1 10 7 12 1 1 9 12 1 1 9 12 1 10 12 1 1 9 12 1 1 10 7 12 1 1 1 8 1 10 12 1 1 7 1 10 10 12 1 1 8 1 10 12 1 1 9 12 1 7 1 8 1 10 12 1 10 12 1 8 1 9 12 1 10 12 1 1 9 12 1 10 12 1 10 12 1 9 12 1 9 12 1 8 1 9 12 1 10 12 1 1 8 1 9 12 1 1 10 12 1 1 10 7 12 1 1 1 8 1 10 12 1 7 1 10 12 1 10 12 1 10 12 1 10 12 1 1 10 12 1 1 8 1 10 12 1 1 10 12 1 8 1 9 12 1 8 1 10 12 1 10 7 12 1 1 1 100 1 10 12 1 10 12 1 1 10 7 12 1 1 1 7 1 8 1 10 10 12 1 8 1 10 12 1 1 10 12 1 10 12 1 10 12 1 10 12 1 10 12 1 10 12 1 8 1 10 12 1 8 1 10 10 100 1 10 10 12 1 8 1 10 7 12 1 1 1 10 12 1 9 12 1 1 10 12 1 10 100 12 1 1 1 100 1 10 12 1 10 12 1 10 12 1 10 12 1 10 12 1 10 12 10 10 12 1 8 1 100 1 10 100 12 1 1 1 10 12 1 1 10 12 1 10 12 1 1 8 1 9 100 12 1 1 1 10 100 12 1 1 1 10 12 1 10 12 1 10 7 12 1 1 1 10 12 1 1 10 12 1 9 12 1 1 9 12 1 1 100 1 8 1 10 9 12 1 1 10 7 12 1 1 8 1 10 7 12 1 1 8 1 10 12 1 1 10 12 1 8 1 8 1 10 7 12 1 1 1 100 1 10 7 12 1 1 1 10 12 1 10 12 1 9 7 12 1 1 1 10 7 12 1 1 10 12 1 1 10 12 1 8 1 7 1 10 7 12 1 1 1 10 12 1 1 11 7 12 1 1 11 12 1 10 12 1 10 12 1 8 9 100 12 1 1 1 10 12 1 1 10 12 1 10 12 1 1 10 7 12 1 1 11 7 1 10 12 1 10 12 1 9 12 1 10 12 1 1 10 100 12 1 1 10 100 12 1 1 1 8 10 100 12 1 1 100 1 10 8 8 10 12 1 8 8 8 100 1 10 12 1 9 12 1 1 10 12 1 10 12 1 1 10 12 1 10 12 10 12 1 1 10 12 1 1 10 10 10 12 1 10 12 1 10 12 1 10 12 1 10 12 1 10 10 12 1 100 1 8 1 10 10 10 12 1 1 10 12 1 10 12 1 1 8 1 7 1 10 10 7 1 10 12 1 9 7 12 1 1 1 9 12 1 1 7 1 10 10 7 12 1 1 1 100 1 1 1 1 1 5 0 1 1 1 1 1 1 1 1 1 1 1 1 1 1 1 1 1 1 1 1 1 1 1 1 1 1 1 1 1 1 1 1 1 1 1 1 1 1 1 1 1 1 1 1 1 1 100 1 1 1 1 1 1 1 1 1 1 1 1 1 1 1 1 1 1 1 1 1 1 1 1 1 1 1 1 1 1 1 1 1 1 1 1 100 1 1 1 1 1 1 1 1 1 1 1 1 1 1 1 1 1 1 1 1 1 1 1 100 1 1 1 1 1 1 1 1 1 1 1 1 1 1 1 1 1 1 1
staticfield java/net/URL defaultFactory Ljava/net/URLStreamHandlerFactory; java/net/URL$DefaultFactory
staticfield java/net/URL handlers Ljava/util/Hashtable; java/util/Hashtable
staticfield java/net/URL streamHandlerLock Ljava/lang/Object; java/lang/Object
staticfield java/net/URL serialPersistentFields [Ljava/io/ObjectStreamField; 7 [Ljava/io/ObjectStreamField;
ciInstanceKlass java/util/jar/Manifest 1 1 320 10 7 12 1 1 1 7 1 10 9 7 12 1 1 1 7 1 10 9 12 1 1 9 12 1 1 10 12 1 10 12 1 1 10 12 1 1 10 12 1 1 10 12 1 1 11 7 1 11 12 1 1 10 12 1 1 10 100 12 1 1 1 100 1 100 1 10 8 1 10 12 1 1 10 12 1 1 10 12 1 10 12 1 11 100 1 10 12 1 10 12 1 1 11 12 1 1 10 12 1 11 12 1 1 11 100 12 1 1 1 11 100 12 1 1 11 12 1 1 100 1 10 12 1 8 1 11 12 1 7 1 10 12 1 1 11 12 1 10 12 1 10 12 1 10 9 7 12 1 1 1 10 12 1 1 10 100 12 1 10 12 1 10 12 1 9 100 12 1 1 1 8 1 10 12 1 8 1 8 1 7 1 10 12 1 10 12 1 10 12 1 1 100 1 8 1 10 12 1 1 8 1 10 10 12 1 1 8 1 10 12 1 1 10 100 12 1 1 1 10 12 1 10 11 12 1 1 10 12 1 1 10 7 12 1 1 1 10 12 1 1 10 12 1 10 12 1 1 11 10 12 1 11 10 12 1 100 1 1 1 1 1 1 1 1 1 1 1 1 1 1 1 1 1 1 1 1 1 1 1 1 1 1 1 1 1 1 1 1 1 1 1 100 1 1 1 1 1 1 1 1 1 1 1 1 1 1 100 1 1 1 1 1 1 1 1 1 1 1
ciInstanceKlass java/io/ByteArrayInputStream 1 1 135 10 7 12 1 1 1 9 7 12 1 1 1 9 12 1 1 9 12 1 9 12 1 10 100 12 1 1 1 10 7 12 1 1 1 10 7 12 1 1 1 10 100 12 1 1 1 10 12 1 1 10 100 12 1 1 1 100 1 100 1 100 1 3 10 100 1 10 100 12 1 1 1 9 12 1 1 100 1 10 10 7 12 1 1 1 1 1 1 1 1 1 1 1 1 1 1 1 1 1 1 1 1 1 1 1 1 1 1 1 1 1 1 1 1 1 1 1 100 1 100 1 1 1 1 1 1 1 1 1 1 1 1 1 1
staticfield java/io/ByteArrayInputStream $assertionsDisabled Z 1
instanceKlass java/nio/IntBuffer
instanceKlass java/nio/CharBuffer
instanceKlass java/nio/LongBuffer
instanceKlass java/nio/ByteBuffer
ciInstanceKlass java/nio/Buffer 1 1 259 100 1 10 7 12 1 1 1 9 7 12 1 1 1 9 12 1 9 12 1 1 9 12 1 9 12 1 1 10 12 1 1 10 12 1 1 10 12 100 1 100 1 10 8 1 10 12 1 1 10 12 1 8 1 8 1 10 12 1 1 10 12 1 8 1 9 12 1 1 100 1 8 1 10 12 1 8 1 8 1 9 12 10 12 1 8 1 8 1 8 1 10 12 1 8 1 8 1 8 1 100 1 10 100 1 10 100 1 10 9 12 1 1 10 7 12 1 1 1 7 1 10 12 1 1 10 12 1 10 100 12 1 1 10 7 12 1 1 1 10 7 12 1 1 1 9 12 1 1 10 7 12 1 1 1 9 12 1 1 7 1 10 10 12 1 1 7 1 10 10 7 12 1 1 1 1 1 3 1 1 1 1 1 1 1 1 1 1 1 1 1 1 100 1 1 1 1 1 1 1 100 1 1 1 1 1 1 1 1 1 1 1 1 1 1 1 1 1 1 1 1 1 1 1 1 1 1 1 1 1 1 1 1 1 1 1 1 1 1 1 1 1 1 100 1 100 1 100 1 100 1 100 1 100 1 100 1 1
staticfield java/nio/Buffer UNSAFE Ljdk/internal/misc/Unsafe; jdk/internal/misc/Unsafe
staticfield java/nio/Buffer SCOPED_MEMORY_ACCESS Ljdk/internal/misc/ScopedMemoryAccess; jdk/internal/misc/ScopedMemoryAccess
staticfield java/nio/Buffer IOOBE_FORMATTER Ljava/util/function/BiFunction; jdk/internal/util/Preconditions$4
staticfield java/nio/Buffer $assertionsDisabled Z 1
ciInstanceKlass java/lang/AssertionStatusDirectives 0 0 24 10 100 12 1 1 1 100 1 1 1 1 1 1 1 1 1 1 1 1 1 1 1 1
instanceKlass sun/nio/ch/IOUtil$LinkedRunnable
instanceKlass sun/nio/ch/IOUtil$Releaser
instanceKlass sun/security/pkcs/PKCS9Attribute$AttributeInfo
instanceKlass javax/crypto/KDF$Delegate
instanceKlass jdk/jfr/internal/event/EventConfiguration
instanceKlass jdk/jfr/internal/util/Bytecode$FieldDesc
instanceKlass jdk/jfr/internal/tracing/Modification
instanceKlass jdk/jfr/internal/EventControl$NamedControl
instanceKlass jdk/internal/misc/ThreadTracker$ThreadRef
instanceKlass org/apache/catalina/core/ApplicationMapping$MappingImpl
instanceKlass org/springframework/context/support/DefaultLifecycleProcessor$LifecycleGroupMember
instanceKlass org/springframework/web/method/annotation/ExceptionHandlerMethodResolver$ExceptionMapping
instanceKlass org/springframework/expression/spel/support/ReflectivePropertyAccessor$InvokerPair
instanceKlass org/springframework/expression/spel/support/ReflectivePropertyAccessor$PropertyCacheKey
instanceKlass org/springframework/util/ConcurrentLruCache$CacheEntry
instanceKlass org/springframework/web/util/RfcUriParser$UriRecord
instanceKlass java/nio/DirectByteBuffer$Deallocator
instanceKlass br/com/CarSearch/carSearch_backend/model/EspecDTO
instanceKlass br/com/CarSearch/carSearch_backend/model/CarDTO
instanceKlass br/com/CarSearch/carSearch_backend/model/CarBodyDTO
instanceKlass br/com/CarSearch/carSearch_backend/model/ImageResponseDTO
instanceKlass org/apache/catalina/mapper/WrapperMappingInfo
instanceKlass org/apache/tomcat/util/threads/TaskThread$WrappingRunnable
instanceKlass org/apache/catalina/core/StandardContext$NoPluggabilityServletContext
instanceKlass org/apache/tomcat/websocket/server/WsSessionListener
instanceKlass org/apache/catalina/core/DefaultInstanceManager$AnnotationCacheEntry
instanceKlass org/apache/catalina/core/ContainerBase$StartChild
instanceKlass org/springframework/boot/autoconfigure/ssl/BundleContentProperty
instanceKlass org/springframework/boot/autoconfigure/ssl/SslPropertiesBundleRegistrar$Bundle
instanceKlass org/springframework/boot/web/server/Ssl$ServerNameSslBundle
instanceKlass org/springframework/aop/framework/autoproxy/AbstractAutoProxyCreator$ComposedCacheKey
instanceKlass org/springframework/expression/common/TemplateAwareExpressionParser$Bracket
instanceKlass org/springframework/util/PlaceholderParser$ParsedValue
instanceKlass org/springframework/util/PlaceholderParser$ParsedSection
instanceKlass org/springframework/boot/autoconfigure/condition/OnBeanCondition$BeanType
instanceKlass jdk/internal/classfile/impl/AnnotationImpl$OfIntImpl
instanceKlass jdk/internal/classfile/impl/AnnotationImpl$OfBooleanImpl
instanceKlass jdk/internal/classfile/impl/AnnotationImpl$OfClassImpl
instanceKlass jdk/internal/classfile/impl/AnnotationImpl$OfEnumImpl
instanceKlass jdk/internal/classfile/impl/UnboundAttribute$UnboundInnerClassInfo
instanceKlass jdk/internal/classfile/impl/AnnotationImpl$AnnotationElementImpl
instanceKlass jdk/internal/classfile/impl/AnnotationImpl$OfArrayImpl
instanceKlass jdk/internal/classfile/impl/AnnotationImpl$OfStringImpl
instanceKlass org/springframework/core/type/classreading/ClassFileAnnotationDelegate$Source
instanceKlass org/springframework/core/type/classreading/ClassFileMethodMetadata$Source
instanceKlass jdk/internal/classfile/impl/AbstractInstruction$SwitchCaseImpl
instanceKlass sun/util/locale/LanguageTag
instanceKlass org/springframework/boot/context/properties/bind/JavaBeanBinder$Bean$CacheKey
instanceKlass org/springframework/boot/autoconfigure/preinitialize/BackgroundPreinitializingApplicationListener$Runner
instanceKlass org/springframework/boot/SpringApplicationShutdownHook$Handler
instanceKlass java/lang/reflect/Executable$ParameterData
instanceKlass org/springframework/boot/context/properties/bind/ValueObjectBinder$ValueObject$CacheKey
instanceKlass org/springframework/boot/context/properties/source/SoftReferenceConfigurationPropertyCache$ActiveCacheOverride
instanceKlass org/springframework/boot/context/properties/source/SpringIterableConfigurationPropertySource$Cache$Data
instanceKlass org/springframework/boot/support/SpringFactoriesEnvironmentPostProcessorsFactory$Adapter
instanceKlass jdk/internal/classfile/impl/StackCounter$Target
instanceKlass jdk/internal/classfile/impl/StackMapDecoder$StackMapFrameImpl
instanceKlass jdk/internal/classfile/impl/StackMapDecoder$ObjectVerificationTypeInfoImpl
instanceKlass java/lang/reflect/Proxy$ProxyBuilder$ProxyClassContext
instanceKlass java/lang/ClassValue$Version
instanceKlass org/springframework/core/io/support/SpringFactoriesLoader$Factories
instanceKlass java/lang/invoke/StringConcatFactory$InlineHiddenClassStrategy$MethodHandlePair
instanceKlass java/util/Formatter$FixedString
instanceKlass jdk/net/UnixDomainPrincipal
instanceKlass java/security/SecureClassLoader$CodeSourceKey
instanceKlass java/util/zip/ZipFile$EntryPos
instanceKlass sun/nio/fs/WindowsPathParser$Result
instanceKlass jdk/internal/module/ModuleReferenceImpl$CachedHash
instanceKlass java/util/stream/Collectors$CollectorImpl
instanceKlass java/lang/invoke/MethodHandles$Lookup$ClassDefiner
instanceKlass jdk/internal/classfile/impl/ClassHierarchyImpl$ClassHierarchyInfoImpl
instanceKlass java/lang/classfile/ClassHierarchyResolver$1Factory
instanceKlass jdk/internal/classfile/impl/RawBytecodeHelper$CodeRange
instanceKlass jdk/internal/classfile/impl/StackMapGenerator$Type
instanceKlass jdk/internal/classfile/impl/Util$1WithCodeMethodHandler
instanceKlass jdk/internal/classfile/impl/DirectCodeBuilder$DeferredLabel
instanceKlass java/lang/invoke/InvokerBytecodeGenerator$ClassData
instanceKlass jdk/internal/classfile/impl/AnnotationImpl
instanceKlass jdk/internal/reflect/ReflectionFactory$Config
instanceKlass jdk/internal/foreign/abi/UpcallLinker$CallRegs
instanceKlass jdk/internal/foreign/abi/VMStorage
ciInstanceKlass java/lang/Record 1 1 22 10 7 12 1 1 1 100 1 1 1 1 1 1 1 1 1 1 1 1 1 1
instanceKlass tools/jackson/core/util/InternCache
instanceKlass com/fasterxml/jackson/core/util/InternCache
ciInstanceKlass java/util/concurrent/ConcurrentHashMap 1 1 1219 100 1 7 1 10 7 12 1 1 1 10 12 1 1 9 12 1 1 3 10 7 12 1 1 1 3 100 1 10 7 12 1 1 1 100 1 10 100 12 1 1 1 100 1 11 12 1 1 11 12 1 11 12 1 1 9 12 1 1 9 12 1 9 12 1 1 10 7 12 1 1 1 7 1 10 12 1 1 10 12 1 1 10 7 12 1 1 1 4 10 12 1 11 7 12 1 1 10 12 1 10 12 1 1 100 1 10 5 0 10 12 1 9 12 1 10 12 1 1 5 0 10 12 1 10 12 1 9 12 1 1 10 12 1 1 9 12 1 9 12 1 1 10 12 1 1 9 12 1 10 12 1 1 9 12 1 1 10 12 1 1 100 1 10 7 1 10 12 1 10 12 1 1 10 12 1 1 10 12 1 1 10 12 1 10 12 1 1 10 12 1 1 100 1 10 12 1 1 7 1 100 1 8 1 10 12 1 10 12 1 1 10 12 1 1 10 10 12 1 11 12 1 1 11 7 12 1 1 1 11 7 12 1 1 1 11 12 1 7 1 11 12 1 11 12 1 10 12 1 1 10 12 1 1 9 12 1 1 10 100 12 1 1 1 9 10 12 1 1 9 12 1 10 12 1 1 5 0 9 12 1 1 7 1 10 12 1 9 12 1 1 7 1 10 12 1 9 12 1 7 1 10 100 1 10 10 12 1 1 8 1 10 12 1 10 12 1 1 11 100 1 10 12 1 10 100 12 1 1 1 8 1 10 100 12 1 1 1 8 1 10 12 1 8 1 10 12 1 10 12 1 1 10 100 12 1 1 10 12 1 10 12 1 10 12 1 9 12 1 9 10 12 1 9 12 1 11 7 12 1 1 1 11 7 12 1 1 1 100 1 10 12 11 100 12 1 1 10 11 7 12 1 10 12 1 100 1 10 12 1 100 1 10 10 9 7 12 1 1 1 3 10 100 12 1 1 9 12 1 10 12 1 1 9 12 1 1 9 12 1 10 12 1 1 10 7 12 1 1 9 12 1 9 7 12 1 1 10 12 1 1 10 12 1 3 9 12 1 9 12 1 10 12 1 1 7 1 9 3 100 1 10 12 1 9 12 1 10 12 1 9 12 1 10 12 1 9 12 1 10 100 12 1 1 1 100 10 12 1 100 1 5 0 10 100 12 1 1 100 1 10 12 1 1 10 12 1 10 12 1 100 1 10 12 1 10 100 1 100 1 10 10 12 1 10 100 1 10 12 1 10 100 1 10 12 1 10 100 1 10 12 1 1 100 1 10 12 1 10 10 12 1 100 1 10 12 1 10 10 12 1 100 1 10 12 1 10 100 1 10 12 1 10 100 1 10 12 1 10 100 1 10 12 1 10 100 1 10 12 1 10 100 1 10 12 1 10 100 1 10 12 1 10 100 1 10 12 1 10 100 1 10 10 100 1 10 10 100 1 10 10 100 1 10 12 1 10 100 1 10 12 1 10 100 1 10 12 1 10 100 1 10 12 1 10 100 1 10 12 1 10 100 1 10 10 100 1 10 10 100 1 10 10 100 1 10 12 1 10 100 1 10 12 1 10 100 1 10 12 1 10 100 1 10 12 1 10 100 1 10 12 1 10 10 12 1 10 12 1 7 1 7 1 10 12 1 9 12 1 1 9 12 1 1 10 12 1 1 8 10 12 1 1 8 8 8 8 7 10 12 1 1 10 12 1 1 100 1 8 1 10 7 1 100 1 100 1 1 1 5 0 1 1 3 1 3 1 1 1 1 3 1 3 1 3 1 1 1 1 1 3 1 3 1 3 1 1 1 1 1 1 1 1 1 1 1 1 1 1 1 1 1 1 1 1 1 1 1 1 1 1 1 100 1 1 1 1 1 1 1 1 1 1 1 1 1 1 1 1 1 1 1 1 1 1 1 1 1 1 1 1 1 1 1 1 1 1 1 1 1 1 1 1 1 1 1 1 1 1 1 1 1 1 1 1 1 1 1 1 1 1 1 1 1 1 1 1 1 1 1 1 1 1 1 1 1 1 1 1 1 1 1 1 1 1 1 1 100 1 1 1 1 1 1 1 1 1 1 1 100 1 1 1 1 1 1 1 1 1 1 1 1 1 1 1 1 1 1 1 1 1 1 1 1 1 1 1 1 1 1 1 1 1 1 1 1 1 1 1 1 1 1 1 1 1 1 1 1 1 1 1 1 1 1 1 1 1 1 1 1 1 1 1 1 1 1 1 1 1 1 1 1 1 1 1 1 1 1 1 1 1 1 1 1 1 1 1 1 1 1 1 1 1 1 1 1 1 1 1 1 1 1 1 1 1 1 1 1 1 1 1 1 1 1 1 1 1 1 1 1 1 1 1 1 1 1 1 1 1 1 1 1 1 1 1 1 1 1 1 1 1 1 1 1 1 1 1 1 1 1 1 1 1 1 1 1 1 1 1 1 1 1 1 1 1 1 1 1 1 1 1 1 1 1 1 1 1 1 1 1 1 1 1 1 1 1 1 1 1 1 1 1 1 1 1 1 1 1 1 1 1 1 1 1 1 1 1 1 1 1 1 1 1 1 1 1 1 1 1 1 1 1 1 100 1 100 1 100 1 100 1 100 1 100 1 100 1 100 1 100 1 1 1 1 1 1 1 1 1 1 1 1 1 1 1 1 1 1 1 1 1 1 1 1 1 1 1 1 1 1 1 1 1 1 1 1 1 1 1 1 1 1 1 1 1 1 1 1 1 1 1 1 1 1 1 1 1 1
staticfield java/util/concurrent/ConcurrentHashMap serialPersistentFields [Ljava/io/ObjectStreamField; 3 [Ljava/io/ObjectStreamField;
staticfield java/util/concurrent/ConcurrentHashMap U Ljdk/internal/misc/Unsafe; jdk/internal/misc/Unsafe
staticfield java/util/concurrent/ConcurrentHashMap SIZECTL J 44
staticfield java/util/concurrent/ConcurrentHashMap TRANSFERINDEX J 56
staticfield java/util/concurrent/ConcurrentHashMap BASECOUNT J 48
staticfield java/util/concurrent/ConcurrentHashMap CELLSBUSY J 60
staticfield java/util/concurrent/ConcurrentHashMap CELLVALUE J 144
staticfield java/util/concurrent/ConcurrentHashMap ABASE J 16
staticfield java/util/concurrent/ConcurrentHashMap ASHIFT I 2
instanceKlass org/apache/tomcat/util/collections/ManagedConcurrentWeakHashMap
instanceKlass com/fasterxml/jackson/databind/util/internal/PrivateMaxEntriesMap
instanceKlass tools/jackson/databind/util/internal/PrivateMaxEntriesMap
instanceKlass org/springframework/util/ConcurrentReferenceHashMap
instanceKlass java/util/Collections$SingletonMap
instanceKlass java/util/TreeMap
instanceKlass java/util/concurrent/ConcurrentSkipListMap
instanceKlass java/util/IdentityHashMap
instanceKlass java/util/EnumMap
instanceKlass java/util/WeakHashMap
instanceKlass java/util/Collections$EmptyMap
instanceKlass sun/util/PreHashedMap
instanceKlass java/util/HashMap
instanceKlass java/util/ImmutableCollections$AbstractImmutableMap
instanceKlass java/util/concurrent/ConcurrentHashMap
ciInstanceKlass java/util/AbstractMap 1 1 198 10 7 12 1 1 1 10 7 12 1 1 1 11 7 12 1 1 1 10 11 12 1 1 11 7 12 1 1 1 11 12 1 1 7 1 11 12 1 10 12 1 1 11 12 1 100 1 10 11 12 1 11 7 1 10 12 1 1 11 12 1 9 12 1 1 100 1 10 12 1 9 12 1 1 7 1 10 11 11 12 1 1 11 12 1 100 1 100 1 11 12 1 8 1 100 1 10 10 12 1 1 8 1 10 12 1 10 12 1 1 10 12 1 1 1 1 1 1 1 1 1 1 1 1 1 1 1 1 1 1 1 1 1 1 1 1 1 1 1 1 1 1 1 1 1 1 1 1 1 1 1 1 100 1 1 1 1 1 1 1 100 1 1 1 1 1 1 1 1 1 100 1 1 1 1 1 1 1 1 1 100 1 100 1 100 1 100 1 100 1 1 1 1 1 1 1 1
ciInstanceKlass java/util/concurrent/ConcurrentMap 1 1 201 11 100 12 1 1 1 10 100 12 1 1 11 12 1 1 11 100 12 1 1 1 11 100 12 1 1 1 11 12 1 1 100 1 11 12 1 11 12 1 100 1 11 100 12 1 1 1 18 12 1 11 12 1 1 11 100 12 1 1 11 12 1 1 11 100 12 1 11 12 1 1 11 12 1 1 100 1 100 1 1 1 1 1 1 1 1 1 1 1 1 1 1 1 1 1 1 1 1 1 1 1 1 1 1 1 1 1 1 1 1 1 1 1 1 1 1 1 1 1 1 1 1 1 1 1 1 1 1 1 1 1 1 1 1 1 1 1 1 16 15 11 12 15 10 100 12 1 1 1 1 1 100 1 100 1 1 1 100 1 8 1 1 12 10 1 8 1 1 1 8 1 8 1 1 8 1 1 1 8 1 1 1 8 1 1 8 1 8 1 1 1 8 1 1 8 1 1 1 8 1
ciInstanceKlass java/util/Collection 1 1 115 11 100 12 1 1 1 100 1 11 7 12 1 1 1 10 7 12 1 1 1 11 12 1 1 11 7 12 1 1 1 11 12 1 1 11 7 12 1 1 1 11 12 1 1 10 100 12 1 1 1 11 12 1 10 7 12 1 1 1 100 1 100 1 1 1 1 1 1 1 1 1 1 1 1 1 1 1 1 1 1 1 1 1 1 1 1 1 1 1 1 1 1 1 1 1 1 1 1 1 1 1 1 1 1 1 1 1 1 1 1 1 1 1 1
ciInstanceKlass java/io/File 1 1 613 9 7 12 1 1 1 9 12 1 1 10 7 12 1 1 1 9 7 12 1 1 9 12 1 9 12 1 1 10 7 12 1 1 1 9 12 1 1 9 12 1 1 100 1 10 10 7 12 1 1 1 10 12 1 1 100 1 10 10 12 1 1 10 12 1 10 12 1 1 10 7 12 1 1 100 1 8 1 10 12 1 10 12 1 8 1 10 12 1 8 1 10 12 1 1 8 1 10 12 1 8 1 10 12 1 8 1 10 12 1 8 1 10 12 1 8 1 10 12 1 9 12 1 1 10 12 1 1 10 12 1 1 10 12 1 1 10 12 1 1 10 12 1 10 12 1 10 12 1 1 10 12 1 10 12 10 12 1 10 12 1 10 12 100 1 8 1 10 10 12 1 10 12 1 8 1 10 12 1 7 1 10 10 12 1 1 10 12 1 10 12 1 100 1 10 100 1 8 1 10 12 1 10 12 1 1 10 12 1 10 12 1 1 10 8 1 10 12 1 100 1 100 1 10 12 1 10 12 1 1 10 12 1 10 12 1 1 10 12 1 10 12 1 10 12 1 10 7 12 1 1 10 12 1 1 10 12 1 1 100 1 10 11 100 12 1 1 1 11 100 12 1 1 11 12 1 11 12 1 1 100 1 10 10 12 1 10 10 10 100 1 11 100 12 1 10 12 1 10 12 1 10 12 1 10 12 1 10 12 1 10 12 1 10 12 1 1 8 1 10 12 1 1 10 12 1 10 12 1 1 10 12 1 1 10 12 1 10 12 1 10 12 1 1 10 12 1 1 100 1 5 0 8 1 8 1 8 1 10 100 12 1 1 10 12 1 1 8 1 10 12 1 10 12 1 1 10 12 1 1 10 12 1 10 100 12 1 1 10 12 1 1 10 100 12 1 1 1 8 10 100 12 1 1 1 10 12 1 1 9 12 1 1 9 12 1 1 10 7 12 1 1 1 9 12 1 10 12 1 1 9 12 1 1 10 7 12 1 1 1 10 7 12 1 1 10 7 12 1 1 10 7 12 1 1 1 10 12 1 10 12 1 1 9 12 1 10 12 1 9 12 1 9 12 1 10 12 1 1 10 12 1 1 8 100 1 100 1 1 1 5 0 1 1 1 1 1 1 1 1 1 1 1 1 1 1 1 1 1 1 1 1 1 1 1 1 1 1 1 1 1 1 1 1 1 1 1 1 1 1 1 1 1 1 1 1 1 1 1 1 1 1 1 1 1 1 1 1 1 1 1 1 1 1 1 1 1 1 1 1 1 1 1 1 1 1 1 1 1 1 1 1 1 1 1 1 1 1 1 1 1 1 1 1 1 1 1 1 1 1 1 1 100 1 1 1 100 1 100 1 1 1 1 1 1 1 1 1 1 1 1 1
staticfield java/io/File FS Ljava/io/FileSystem; java/io/WinNTFileSystem
staticfield java/io/File separatorChar C 92
staticfield java/io/File separator Ljava/lang/String; "\"
staticfield java/io/File pathSeparatorChar C 59
staticfield java/io/File pathSeparator Ljava/lang/String; ";"
staticfield java/io/File UNSAFE Ljdk/internal/misc/Unsafe; jdk/internal/misc/Unsafe
staticfield java/io/File PATH_OFFSET J 16
staticfield java/io/File PREFIX_LENGTH_OFFSET J 12
staticfield java/io/File $assertionsDisabled Z 1
ciMethod java/io/File hashCode ()I 512 0 7426 0 -1
ciMethod java/io/File getPath ()Ljava/lang/String; 260 0 130 0 0
instanceKlass jdk/internal/loader/ClassLoaders$BootClassLoader
instanceKlass jdk/internal/loader/ClassLoaders$PlatformClassLoader
instanceKlass jdk/internal/loader/ClassLoaders$AppClassLoader
ciInstanceKlass jdk/internal/loader/BuiltinClassLoader 1 1 652 9 7 12 1 1 1 10 7 12 1 1 1 10 7 12 1 1 1 9 12 1 1 9 12 1 1 7 1 10 12 1 9 12 1 10 12 1 9 12 1 10 7 12 1 1 1 10 7 12 1 1 1 10 7 12 1 1 1 11 7 12 1 1 1 100 1 100 1 10 10 12 1 1 8 1 10 12 1 10 12 7 1 10 12 1 10 12 1 1 11 7 12 1 1 1 11 7 12 1 1 1 11 12 1 1 7 1 8 1 8 1 10 9 12 1 1 10 7 12 1 1 11 12 1 1 10 12 1 1 10 12 1 1 10 12 1 1 11 7 12 1 1 1 10 7 12 1 1 7 1 10 100 12 1 1 1 10 7 12 1 1 1 10 12 1 10 12 1 100 1 8 1 10 12 1 1 10 8 1 10 12 1 1 10 12 1 1 10 12 1 1 11 7 12 1 1 11 12 1 7 1 10 11 12 1 1 11 10 12 1 1 7 1 10 12 1 10 7 12 1 10 12 1 11 12 1 1 11 7 1 11 12 1 100 1 10 12 1 1 100 1 100 1 11 12 1 1 10 12 1 10 12 10 12 1 10 7 12 1 1 1 7 1 10 10 12 1 1 10 12 1 1 10 12 1 1 10 12 1 9 12 1 1 100 1 10 10 12 1 1 10 12 1 1 10 12 1 10 12 10 12 1 1 10 12 1 1 10 12 1 1 10 12 1 10 12 1 1 10 12 1 1 10 12 1 10 12 1 1 10 12 1 7 1 10 12 10 7 12 1 1 1 10 12 1 11 12 1 7 1 10 12 1 7 1 100 1 10 12 1 10 12 1 11 12 1 1 10 12 1 1 10 12 1 1 10 12 1 1 10 12 1 1 10 12 1 10 12 1 10 12 1 10 12 1 8 1 10 12 1 1 10 7 12 1 1 10 12 1 100 1 8 1 8 1 10 10 12 1 8 1 8 1 10 7 12 1 1 1 11 7 12 1 1 1 9 7 12 1 1 1 10 7 12 1 1 1 9 12 1 9 12 1 9 12 1 9 12 1 9 12 1 9 12 1 10 7 12 1 1 1 8 1 10 12 1 7 1 10 11 12 1 1 10 12 10 12 1 10 12 1 100 1 10 12 1 10 12 1 11 11 12 1 10 7 12 1 1 10 7 12 1 1 8 1 10 7 12 1 1 10 12 1 1 1 1 1 1 1 1 1 1 1 1 1 1 1 1 1 1 1 1 1 1 1 1 1 1 1 1 1 1 1 1 1 1 1 1 1 1 1 1 1 1 1 1 1 1 1 1 1 1 1 1 1 1 1 100 1 1 1 1 1 1 1 1 1 1 1 1 1 100 1 100 1 1 1 1 1 1 1 1 1 1 1 1 1 1 1 1 1 1 1 1 1 1 1 1 1 1 1 1 1 1 1 1 1 1 1 1 1 1 1 1 1 1 1 1 1 1 1 100 1 1 1 100 1 1 1 1 1
staticfield jdk/internal/loader/BuiltinClassLoader packageToModule Ljava/util/Map; java/util/concurrent/ConcurrentHashMap
staticfield jdk/internal/loader/BuiltinClassLoader $assertionsDisabled Z 1
ciInstanceKlass jdk/internal/loader/ClassLoaders$AppClassLoader 1 1 57 8 1 10 7 12 1 1 1 10 7 12 1 1 1 10 12 1 1 10 7 12 1 1 1 100 1 10 12 1 1 1 1 1 1 1 1 1 1 1 1 1 1 1 1 1 1 1 1 1 1 1 1 100 1 1 1
ciInstanceKlass jdk/internal/loader/ClassLoaders$PlatformClassLoader 1 1 42 8 1 10 7 12 1 1 1 10 7 12 1 1 1 100 1 10 12 1 100 1 1 1 1 1 1 1 1 1 1 1 1 1 1 100 1 1 1 100 1 1
ciInstanceKlass java/lang/ArithmeticException 1 1 26 10 100 12 1 1 1 10 12 1 100 1 1 1 1 5 0 1 1 1 1 1 1 1 1 1
instanceKlass java/util/zip/DataFormatException
instanceKlass io/netty/handler/codec/quic/QuicException
instanceKlass javax/security/cert/CertificateException
instanceKlass org/apache/tomcat/util/http/fileupload/util/mime/ParseException
instanceKlass org/springframework/validation/BindException
instanceKlass javax/xml/stream/XMLStreamException
instanceKlass jakarta/websocket/EncodeException
instanceKlass org/apache/tomcat/websocket/AuthenticationException
instanceKlass org/apache/catalina/connector/CoyoteAdapter$RecycleRequiredException
instanceKlass jakarta/websocket/DeploymentException
instanceKlass java/lang/instrument/IllegalClassFormatException
instanceKlass org/ietf/jgss/GSSException
instanceKlass java/security/PrivilegedActionException
instanceKlass javax/management/JMException
instanceKlass jakarta/xml/bind/JAXBException
instanceKlass sun/security/pkcs11/wrapper/PKCS11Exception
instanceKlass java/security/GeneralSecurityException
instanceKlass org/apache/catalina/LifecycleException
instanceKlass java/beans/IntrospectionException
instanceKlass java/util/concurrent/ExecutionException
instanceKlass org/springframework/expression/AccessException
instanceKlass javax/xml/parsers/ParserConfigurationException
instanceKlass org/xml/sax/SAXException
instanceKlass jakarta/servlet/ServletException
instanceKlass ch/qos/logback/core/spi/ScanException
instanceKlass java/text/ParseException
instanceKlass sun/nio/fs/WindowsException
instanceKlass javax/naming/NamingException
instanceKlass java/net/URISyntaxException
instanceKlass java/util/concurrent/TimeoutException
instanceKlass java/lang/InterruptedException
instanceKlass ch/qos/logback/core/boolex/EvaluationException
instanceKlass ch/qos/logback/core/util/DynamicClassLoadingException
instanceKlass ch/qos/logback/core/util/IncompatibleClassException
instanceKlass ch/qos/logback/core/joran/spi/JoranException
instanceKlass java/lang/CloneNotSupportedException
instanceKlass java/io/IOException
instanceKlass java/lang/ReflectiveOperationException
instanceKlass java/lang/RuntimeException
ciInstanceKlass java/lang/Exception 1 1 40 10 7 12 1 1 1 10 12 1 10 12 1 10 12 1 10 12 1 100 1 1 1 1 5 0 1 1 1 1 1 1 1 1 1 1 1 1 1 1
instanceKlass reactor/core/Exceptions$ReactiveException
instanceKlass reactor/netty/http/client/HttpClientAuthenticationException
instanceKlass reactor/netty/http/client/RedirectClientException
instanceKlass io/netty/resolver/dns/DnsNameResolverException
instanceKlass io/netty/resolver/dns/DnsErrorCauseException
instanceKlass io/netty/resolver/dns/DnsResolveContext$DnsResolveContextException
instanceKlass reactor/netty/transport/TransportConnector$RetryConnectException
instanceKlass reactor/netty/internal/shaded/reactor/pool/PoolAcquirePendingLimitException
instanceKlass reactor/netty/internal/shaded/reactor/pool/PoolShutdownException
instanceKlass io/netty/channel/ChannelException
instanceKlass java/lang/invoke/WrongMethodTypeException
instanceKlass io/netty/handler/codec/http/websocketx/WebSocketHandshakeException
instanceKlass reactor/netty/channel/AbortedException
instanceKlass reactor/core/publisher/FluxOnAssembly$OnAssemblyException
instanceKlass org/apache/tomcat/util/http/fileupload/InvalidFileNameException
instanceKlass java/nio/BufferOverflowException
instanceKlass org/springframework/validation/method/MethodValidationException
instanceKlass org/springdoc/api/OpenApiResourceNotFoundException
instanceKlass jakarta/validation/ValidationException
instanceKlass reactor/netty/ReactorNetty$InternalNettyException
instanceKlass io/netty/handler/codec/CodecException
instanceKlass org/apache/tomcat/util/threads/StopPooledThreadException
instanceKlass java/nio/BufferUnderflowException
instanceKlass org/apache/coyote/ProtocolException
instanceKlass java/lang/WrongThreadException
instanceKlass javax/management/JMRuntimeException
instanceKlass org/springframework/boot/autoconfigure/ssl/BundleContentNotWatchableException
instanceKlass org/springframework/boot/ssl/NoSuchSslBundleException
instanceKlass org/springframework/boot/web/server/WebServerException
instanceKlass org/springframework/context/NoSuchMessageException
instanceKlass org/springframework/expression/spel/InternalParseException
instanceKlass org/springframework/boot/autoconfigure/condition/OnBeanCondition$BeanTypeDeductionException
instanceKlass java/security/ProviderException
instanceKlass java/lang/MatchException
instanceKlass org/apache/juli/logging/LogConfigurationException
instanceKlass org/springframework/expression/ExpressionException
instanceKlass java/lang/reflect/MalformedParametersException
instanceKlass java/util/concurrent/CompletionException
instanceKlass java/nio/file/FileSystemNotFoundException
instanceKlass tools/jackson/core/JacksonException
instanceKlass org/springframework/boot/context/properties/bind/UnboundConfigurationPropertiesException
instanceKlass org/springframework/boot/context/config/ConfigDataException
instanceKlass org/springframework/boot/context/properties/bind/BindException
instanceKlass java/time/DateTimeException
instanceKlass org/springframework/boot/context/properties/source/InvalidConfigurationPropertyValueException
instanceKlass java/util/MissingResourceException
instanceKlass org/springframework/cglib/core/ClassNameReader$EarlyExitException
instanceKlass org/springframework/boot/devtools/restart/SilentExitExceptionHandler$SilentExitException
instanceKlass java/lang/reflect/InaccessibleObjectException
instanceKlass java/util/concurrent/RejectedExecutionException
instanceKlass java/lang/TypeNotPresentException
instanceKlass org/springframework/boot/context/properties/source/InvalidConfigurationPropertyNameException
instanceKlass org/springframework/core/NestedRuntimeException
instanceKlass java/lang/reflect/UndeclaredThrowableException
instanceKlass java/io/UncheckedIOException
instanceKlass ch/qos/logback/core/LogbackException
instanceKlass java/lang/UnsupportedOperationException
instanceKlass java/util/ConcurrentModificationException
instanceKlass java/util/NoSuchElementException
instanceKlass org/apache/logging/log4j/util/InternalException
instanceKlass org/apache/logging/log4j/LoggingException
instanceKlass org/apache/commons/logging/LogConfigurationException
instanceKlass java/lang/SecurityException
instanceKlass java/lang/IllegalStateException
instanceKlass org/springframework/boot/SpringApplication$AbandonedRunException
instanceKlass org/springframework/boot/AotInitializerNotFoundException
instanceKlass java/lang/IllegalArgumentException
instanceKlass java/lang/IndexOutOfBoundsException
instanceKlass java/lang/ArithmeticException
instanceKlass java/lang/NullPointerException
instanceKlass java/lang/IllegalCallerException
instanceKlass java/lang/IllegalMonitorStateException
instanceKlass java/lang/ArrayStoreException
instanceKlass java/lang/ClassCastException
ciInstanceKlass java/lang/RuntimeException 1 1 40 10 7 12 1 1 1 10 12 1 10 12 1 10 12 1 10 12 1 100 1 1 1 1 5 0 1 1 1 1 1 1 1 1 1 1 1 1 1 1
ciInstanceKlass java/lang/ArrayIndexOutOfBoundsException 1 1 45 10 100 12 1 1 1 10 12 1 100 1 10 8 1 10 12 1 1 10 12 1 10 12 1 1 100 1 1 1 1 5 0 1 1 1 1 1 1 1 1 1 1 1 1
ciInstanceKlass java/lang/ArrayStoreException 1 1 26 10 100 12 1 1 1 10 12 1 100 1 1 1 1 5 0 1 1 1 1 1 1 1 1 1
ciInstanceKlass java/lang/ClassCastException 1 1 26 10 100 12 1 1 1 10 12 1 100 1 1 1 1 5 0 1 1 1 1 1 1 1 1 1
ciInstanceKlass java/lang/ClassNotFoundException 1 1 96 7 1 10 7 12 1 1 1 10 12 1 10 12 1 1 10 100 12 1 1 1 8 1 10 100 12 1 1 1 10 7 12 1 1 10 100 12 1 1 1 10 100 12 1 1 1 10 12 1 1 7 1 10 12 1 9 12 1 1 1 1 1 5 0 1 1 1 1 1 1 1 1 1 1 1 1 1 1 1 1 1 1 100 1 1 1 1 1 1 1 1 1 1 1 1
staticfield java/lang/ClassNotFoundException serialPersistentFields [Ljava/io/ObjectStreamField; 1 [Ljava/io/ObjectStreamField;
instanceKlass java/lang/IllegalAccessException
instanceKlass java/lang/InstantiationException
instanceKlass java/lang/reflect/InvocationTargetException
instanceKlass java/lang/NoSuchFieldException
instanceKlass java/lang/NoSuchMethodException
instanceKlass java/lang/ClassNotFoundException
ciInstanceKlass java/lang/ReflectiveOperationException 1 1 34 10 7 12 1 1 1 10 12 1 10 12 1 10 12 1 100 1 1 1 1 5 0 1 1 1 1 1 1 1 1 1 1 1
ciInstanceKlass java/lang/IllegalCallerException 0 0 35 10 100 12 1 1 1 10 12 1 10 12 1 10 12 1 100 1 1 1 1 5 0 1 1 1 1 1 1 1 1 1 1 1 1
ciInstanceKlass java/lang/IllegalMonitorStateException 1 1 26 10 100 12 1 1 1 10 12 1 100 1 1 1 1 5 0 1 1 1 1 1 1 1 1 1
ciInstanceKlass java/lang/BootstrapMethodError 0 0 45 10 100 12 1 1 1 10 12 1 10 12 1 10 100 12 1 1 1 10 100 12 1 1 1 1 1 1 5 0 1 1 1 1 1 1 1 1 1 1 1 100 1 1 1
instanceKlass reactor/core/Exceptions$StaticThrowable
instanceKlass io/netty/util/Signal
instanceKlass java/nio/charset/CoderMalfunctionError
instanceKlass jdk/internal/misc/ScopedMemoryAccess$ScopedAccessError
instanceKlass java/lang/AssertionError
instanceKlass java/lang/ThreadDeath
instanceKlass java/util/ServiceConfigurationError
instanceKlass java/lang/VirtualMachineError
instanceKlass java/lang/LinkageError
ciInstanceKlass java/lang/Error 1 1 58 10 7 12 1 1 1 9 12 1 1 10 100 12 1 1 1 10 100 12 1 1 1 10 12 1 10 12 1 10 12 1 10 12 1 100 1 1 1 1 5 0 1 1 1 1 1 1 1 1 100 1 1 1 1 1 1 1
instanceKlass java/lang/ExceptionInInitializerError
instanceKlass java/lang/UnsatisfiedLinkError
instanceKlass java/lang/ClassFormatError
instanceKlass java/lang/IncompatibleClassChangeError
instanceKlass java/lang/BootstrapMethodError
instanceKlass java/lang/NoClassDefFoundError
ciInstanceKlass java/lang/LinkageError 1 1 31 10 7 12 1 1 1 10 12 1 10 12 1 100 1 1 1 1 5 0 1 1 1 1 1 1 1 1 1 1 1
ciInstanceKlass java/lang/NullPointerException 1 1 52 10 100 12 1 1 1 10 12 1 9 100 12 1 1 1 10 12 1 1 9 12 1 1 10 12 1 1 10 12 1 1 1 1 5 0 1 1 1 1 1 1 1 1 100 1 100 1 100 1 1 1
ciInstanceKlass java/lang/InternalError 1 1 34 10 7 12 1 1 1 10 12 1 10 12 1 10 12 1 100 1 1 1 1 5 0 1 1 1 1 1 1 1 1 1 1 1
instanceKlass java/lang/StackOverflowError
instanceKlass java/lang/OutOfMemoryError
instanceKlass java/lang/InternalError
ciInstanceKlass java/lang/VirtualMachineError 1 1 34 10 7 12 1 1 1 10 12 1 10 12 1 10 12 1 100 1 1 1 1 5 0 1 1 1 1 1 1 1 1 1 1 1
ciInstanceKlass java/lang/NoClassDefFoundError 0 0 26 10 100 12 1 1 1 10 12 1 100 1 1 1 1 5 0 1 1 1 1 1 1 1 1 1
instanceKlass io/netty/util/internal/OutOfDirectMemoryError
ciInstanceKlass java/lang/OutOfMemoryError 1 1 26 10 100 12 1 1 1 10 12 1 100 1 1 1 1 5 0 1 1 1 1 1 1 1 1 1
ciInstanceKlass java/lang/StackOverflowError 1 1 26 10 100 12 1 1 1 10 12 1 100 1 1 1 1 5 0 1 1 1 1 1 1 1 1 1
ciInstanceKlass java/lang/StackTraceElement 1 1 235 10 7 12 1 1 1 10 7 12 1 1 9 12 1 1 9 12 1 1 9 12 1 9 12 1 8 1 10 7 12 1 1 1 7 1 9 12 1 8 1 9 12 1 9 12 1 9 12 1 1 10 12 1 1 10 12 1 8 1 10 7 12 1 1 1 7 1 10 12 1 10 12 1 1 10 12 1 10 12 1 1 10 12 1 10 12 1 10 10 12 1 8 1 10 12 1 10 12 1 1 10 12 1 1 10 12 1 10 12 1 10 12 1 9 12 1 1 10 7 12 1 1 1 10 12 1 1 7 1 10 12 1 1 10 7 12 1 1 10 7 12 1 1 1 10 7 12 1 1 10 7 12 1 1 10 10 12 1 1 10 12 1 1 10 12 1 1 10 12 1 100 1 1 1 1 1 1 1 3 1 3 1 1 5 0 1 1 1 1 1 1 1 1 1 1 1 1 1 1 1 1 1 1 1 1 1 1 1 1 1 1 1 1 1 100 1 100 1 1 1 1 1 1 1 100 1 1 1 1 1 1 1 1 1
instanceKlass java/util/concurrent/locks/AbstractQueuedLongSynchronizer
instanceKlass java/util/concurrent/locks/AbstractQueuedSynchronizer
ciInstanceKlass java/util/concurrent/locks/AbstractOwnableSynchronizer 1 1 32 10 7 12 1 1 1 9 7 12 1 1 1 100 1 1 1 1 5 0 1 1 1 1 1 1 1 1 1 1 1 1
ciInstanceKlass jdk/internal/vm/Continuation 1 1 551 9 7 12 1 1 1 9 12 1 9 12 1 9 12 1 100 1 100 1 10 12 1 1 8 1 10 12 1 1 10 12 1 10 12 1 1 10 12 1 9 7 12 1 1 1 11 100 12 1 1 1 10 100 1 9 12 1 1 9 12 1 1 10 8 1 10 12 1 9 12 1 1 10 11 12 1 1 100 1 10 100 12 1 1 1 10 12 1 1 10 12 1 10 12 1 1 11 12 1 1 9 12 1 1 10 12 1 1 18 12 1 1 10 100 12 1 1 1 100 1 10 12 1 11 100 12 1 1 1 10 12 1 9 12 1 10 12 1 1 100 1 8 1 10 12 1 10 12 1 1 9 12 1 1 11 12 1 1 9 12 1 1 8 1 10 11 12 1 1 11 12 1 1 10 12 1 1 10 12 1 1 9 12 1 10 12 1 10 10 12 1 8 1 10 12 1 8 1 8 1 10 7 12 1 1 1 10 100 12 1 1 1 10 12 1 9 12 1 11 12 1 100 1 10 12 1 10 12 1 1 9 12 1 1 100 1 10 12 1 1 9 12 1 1 10 12 1 10 12 1 11 100 12 1 1 10 7 1 10 12 1 8 1 10 12 1 1 9 12 1 1 10 7 12 1 1 8 1 8 1 8 1 8 1 10 12 1 1 10 12 1 10 12 1 10 12 1 10 12 1 1 10 12 1 1 8 1 9 12 1 10 12 1 1 9 12 1 1 10 12 1 1 9 12 1 8 1 10 100 12 1 1 1 10 12 1 8 1 100 1 8 1 10 9 12 1 1 8 1 10 100 12 1 1 10 100 12 1 1 8 1 8 1 10 12 10 12 1 1 10 100 1 10 100 12 1 1 1 18 11 100 12 1 1 1 18 12 1 11 12 1 1 100 1 10 7 12 1 1 10 12 1 1 8 10 12 1 1 10 7 12 1 1 1 10 7 12 1 1 10 12 1 8 1 10 12 1 100 1 100 1 10 12 1 1 1 1 1 1 1 1 1 1 1 1 1 1 1 1 1 1 1 1 1 1 1 1 1 1 1 1 1 1 1 1 1 1 1 1 1 1 1 1 1 1 1 1 1 1 1 1 1 1 1 1 1 1 1 1 1 1 1 1 1 1 1 1 1 1 1 1 1 1 1 1 1 1 1 1 100 1 1 16 1 15 10 12 16 15 11 100 12 1 1 1 16 1 16 1 15 10 12 16 15 10 100 12 1 1 1 1 1 1 1 1 100 1 100 1 1
staticfield jdk/internal/vm/Continuation U Ljdk/internal/misc/Unsafe; jdk/internal/misc/Unsafe
staticfield jdk/internal/vm/Continuation MOUNTED_OFFSET J 13
staticfield jdk/internal/vm/Continuation PRESERVE_SCOPED_VALUE_CACHE Z 1
staticfield jdk/internal/vm/Continuation JLA Ljdk/internal/access/JavaLangAccess; java/lang/System$1
staticfield jdk/internal/vm/Continuation $assertionsDisabled Z 1
ciInstanceKlass jdk/internal/misc/UnsafeConstants 1 1 34 10 100 12 1 1 1 9 7 12 1 1 1 9 12 1 9 12 1 1 9 12 1 9 12 1 1 1 1 1 1 1 1 1
staticfield jdk/internal/misc/UnsafeConstants ADDRESS_SIZE0 I 8
staticfield jdk/internal/misc/UnsafeConstants PAGE_SIZE I 4096
staticfield jdk/internal/misc/UnsafeConstants BIG_ENDIAN Z 0
staticfield jdk/internal/misc/UnsafeConstants UNALIGNED_ACCESS Z 1
staticfield jdk/internal/misc/UnsafeConstants DATA_CACHE_LINE_FLUSH_SIZE I 0
ciInstanceKlass java/lang/invoke/MethodHandleImpl 1 1 1424 10 7 12 1 1 1 7 1 10 7 12 1 1 1 10 7 12 1 1 1 100 1 10 8 1 10 12 1 1 10 12 1 10 12 1 1 10 7 12 1 1 1 9 7 12 1 1 1 10 100 12 1 1 1 100 1 10 12 1 1 10 12 1 1 10 12 1 1 10 7 12 1 1 1 9 7 12 1 1 1 10 7 12 1 1 1 100 1 10 9 12 1 1 9 12 1 10 12 1 1 10 12 1 10 12 1 1 10 12 1 1 10 12 1 1 8 1 8 1 10 12 1 1 10 12 1 1 10 12 1 1 10 12 1 1 10 12 1 10 12 1 1 10 7 12 1 1 1 10 12 1 7 1 10 7 12 1 1 1 10 12 1 1 10 12 1 1 11 7 12 1 1 1 11 7 12 1 1 11 12 1 1 7 1 11 12 1 10 12 1 1 10 12 1 1 11 12 1 10 7 12 1 1 10 12 1 1 10 7 12 1 1 10 12 1 10 12 1 1 10 7 12 1 1 1 10 7 12 1 1 1 10 12 1 1 10 12 1 1 9 7 12 1 1 1 10 10 12 1 1 10 12 1 1 10 10 12 1 1 10 12 1 1 10 7 12 1 1 1 10 12 1 1 10 12 1 10 12 1 10 7 12 1 1 1 10 7 12 1 1 1 10 12 1 1 10 12 1 10 12 1 10 12 1 10 12 1 1 10 12 1 10 12 1 1 10 12 1 10 12 1 8 1 100 1 10 12 1 10 12 1 1 10 12 1 10 12 1 1 10 12 1 1 7 1 10 12 1 100 1 8 1 10 12 1 10 7 12 1 1 1 8 1 10 12 1 10 7 12 1 1 1 100 1 9 7 1 10 12 1 1 10 12 1 1 9 12 1 10 12 1 1 10 7 12 1 1 10 12 1 1 10 12 1 1 10 12 1 10 12 1 7 1 10 12 1 1 9 12 1 1 10 12 1 9 7 12 1 1 1 11 7 12 1 1 7 1 9 12 1 7 1 10 12 1 10 12 1 1 7 1 10 12 1 1 10 12 1 1 10 7 12 1 1 1 10 12 1 1 10 12 1 10 12 1 1 10 12 1 10 12 1 1 10 12 1 7 1 9 7 12 1 1 1 10 12 1 10 12 1 9 7 12 1 1 1 10 12 1 1 10 12 1 1 10 12 1 10 7 12 1 1 10 100 12 1 1 1 9 12 1 10 12 1 9 12 10 12 1 10 12 1 10 12 1 10 12 1 1 10 12 1 10 12 1 1 10 12 1 10 12 1 1 10 12 1 1 10 12 1 1 10 12 1 10 12 1 10 12 1 1 10 12 1 10 100 12 1 1 10 12 1 10 100 12 1 1 8 1 10 8 1 100 1 10 9 12 1 100 1 10 12 1 8 1 10 10 12 1 10 10 12 1 1 10 12 1 1 10 12 1 10 12 1 100 1 8 1 10 12 1 10 100 12 1 1 1 10 12 1 1 10 12 1 10 12 1 100 1 10 12 1 10 12 1 10 12 1 1 7 1 10 12 1 10 7 12 1 1 10 12 1 9 12 1 10 12 1 1 10 12 1 1 100 1 10 10 12 1 8 1 8 1 9 12 1 8 1 8 1 8 1 9 12 1 10 12 1 1 9 12 1 1 10 12 1 8 1 9 7 1 10 12 1 1 10 12 1 8 1 8 1 8 1 100 1 100 1 8 8 1 8 1 100 1 8 1 100 1 10 12 1 7 1 10 10 7 12 1 1 1 10 12 1 10 12 10 12 1 10 12 1 11 100 12 1 1 1 18 12 1 11 100 12 1 1 1 18 18 12 1 11 12 1 1 10 12 1 1 10 12 1 10 12 1 11 12 1 9 12 1 9 12 10 10 12 1 1 9 12 1 1 11 12 1 1 18 12 1 1 11 12 1 1 11 12 1 1 10 12 1 11 100 1 10 12 1 10 12 1 10 12 1 9 12 1 9 12 10 12 1 10 7 12 1 1 1 10 12 1 10 12 1 1 10 12 1 10 12 9 12 1 1 10 12 1 10 12 1 1 9 12 1 9 12 1 10 12 1 10 12 1 1 10 12 1 100 1 10 12 1 9 12 1 1 11 100 1 9 12 1 9 12 11 12 1 9 12 1 10 12 10 12 1 1 10 12 1 1 9 7 12 1 1 10 12 1 10 12 1 10 12 1 1 100 1 10 12 1 10 12 1 1 100 1 10 12 1 1 10 12 1 1 100 1 10 12 1 1 10 12 1 1 10 12 1 10 12 1 10 12 1 9 12 1 10 12 1 10 12 1 1 9 7 12 1 1 1 8 10 12 1 1 8 1 10 12 1 8 1 8 1 8 1 8 1 8 1 8 1 100 1 8 1 8 1 10 12 1 9 12 1 10 12 1 1 1 1 1 3 1 1 3 1 3 1 3 1 3 1 3 1 3 1 3 1 3 1 1 1 1 1 1 1 1 1 3 1 3 1 1 1 1 1 1 1 1 1 1 1 1 1 1 1 1 1 1 1 1 1 1 1 1 1 1 1 1 1 1 1 1 1 1 1 1 1 1 1 1 1 1 1 1 1 1 1 1 1 1 1 1 1 1 1 1 1 1 1 1 1 1 1 1 1 1 1 1 1 1 1 1 1 1 1 1 1 1 1 1 1 1 1 1 1 1 1 1 1 1 1 1 1 1 1 1 1 1 1 1 1 1 1 100 1 1 1 1 1 1 1 1 1 1 1 1 1 1 1 1 1 1 1 1 1 1 1 1 1 1 1 1 1 1 1 1 1 1 1 1 1 1 1 1 1 1 1 1 1 1 1 1 1 1 1 1 1 1 1 1 1 1 1 1 1 1 1 1 1 1 1 1 1 1 1 1 1 1 1 1 1 1 1 1 1 1 1 1 1 1 1 1 1 1 1 1 1 1 1 1 1 1 1 1 1 1 1 1 1 1 1 1 1 1 1 1 1 1 1 1 1 1 1 1 1 1 1 1 1 1 1 1 1 1 1 1 1 1 1 1 1 1 1 1 1 1 1 1 1 1 1 1 1 1 1 1 1 1 1 1 1 1 1 1 1 1 1 1 1 1 1 1 1 100 1 100 1 100 1 100 1 100 1 100 1 100 1 1 16 15 10 12 16 15 16 16 1 15 10 12 16 16 15 10 12 16 15 10 100 12 1 1 1 1 1 1 1 1 1 1 1 1 1 1 1 1 1 1 1 1 1 1 1 1
staticfield java/lang/invoke/MethodHandleImpl ARRAYS [Ljava/lang/invoke/MethodHandle; 256 [Ljava/lang/invoke/MethodHandle;
staticfield java/lang/invoke/MethodHandleImpl NFS [Ljava/lang/invoke/LambdaForm$NamedFunction; 7 [Ljava/lang/invoke/LambdaForm$NamedFunction;
staticfield java/lang/invoke/MethodHandleImpl HANDLES [Ljava/lang/invoke/MethodHandle; 9 [Ljava/lang/invoke/MethodHandle;
staticfield java/lang/invoke/MethodHandleImpl $assertionsDisabled Z 1
instanceKlass java/lang/invoke/DelegatingMethodHandle
instanceKlass java/lang/invoke/BoundMethodHandle
instanceKlass java/lang/invoke/DirectMethodHandle
ciInstanceKlass java/lang/invoke/MethodHandle 1 1 734 100 1 9 7 12 1 1 1 10 7 12 1 1 1 10 7 12 1 1 1 7 1 7 1 10 12 1 1 9 12 1 1 10 12 1 10 12 1 1 10 12 1 1 10 100 12 1 1 1 10 12 1 1 10 12 1 1 11 100 12 1 1 1 10 12 1 1 10 12 1 10 12 1 9 12 1 1 9 12 1 1 10 100 12 1 1 1 10 12 1 10 12 1 1 10 12 1 10 12 1 100 1 100 1 10 8 1 10 12 1 1 10 12 1 8 1 10 12 1 1 10 12 1 10 7 12 1 1 1 10 12 1 1 10 12 1 1 10 12 1 1 10 7 12 1 1 1 10 12 1 1 10 12 1 1 10 12 1 10 12 1 1 10 100 12 1 1 10 7 12 1 1 10 12 1 10 12 1 10 12 1 1 10 12 1 1 10 12 1 1 10 12 1 1 10 7 12 1 1 1 10 7 12 1 1 1 10 12 1 1 10 12 1 1 10 12 1 1 8 1 10 7 12 1 1 1 8 1 10 12 1 10 12 1 1 10 12 1 1 10 12 1 8 1 10 12 1 1 8 1 10 12 1 8 1 10 100 12 1 1 1 9 12 1 1 100 1 10 9 100 12 1 1 1 9 100 1 8 1 10 12 1 1 10 12 1 10 12 1 1 10 12 1 10 12 1 1 10 12 1 10 12 1 1 10 12 1 10 12 1 1 10 12 1 1 8 1 10 12 1 1 8 1 10 12 1 10 12 1 1 10 12 1 10 12 1 10 12 1 1 9 100 12 1 1 1 10 12 1 1 11 12 1 10 12 1 10 12 1 1 10 100 12 1 1 100 1 11 12 1 10 100 1 11 12 1 100 1 10 12 1 11 12 1 9 100 12 1 1 1 11 12 1 1 11 100 12 1 1 1 10 12 1 1 9 12 1 11 12 1 9 12 1 9 12 1 9 12 1 11 12 1 1 9 12 1 9 12 1 9 12 1 9 12 1 9 12 1 9 12 1 9 12 1 8 1 10 12 1 10 12 1 8 1 10 12 1 10 12 1 10 12 1 1 10 10 10 7 12 1 1 10 12 1 1 100 1 100 1 8 1 8 1 10 10 12 1 1 10 12 1 10 12 1 100 1 10 100 12 1 1 1 10 9 7 12 1 1 1 10 12 1 1 10 12 1 1 8 1 8 1 10 100 12 1 1 9 12 1 9 12 1 1 9 12 1 1 10 12 1 7 1 10 12 1 10 12 1 1 9 12 1 1 9 12 1 1 10 7 12 1 1 1 11 7 12 1 1 9 12 1 10 12 1 1 9 12 1 10 12 1 8 10 12 1 1 8 1 1 1 1 1 1 1 1 100 1 1 1 1 1 1 1 1 1 1 1 1 1 1 1 1 1 1 1 1 1 1 1 1 1 1 1 1 1 1 1 1 100 1 1 1 1 1 1 1 1 1 1 1 1 1 1 1 1 1 1 1 1 1 1 1 1 1 1 1 1 1 1 1 1 1 1 1 1 1 1 1 1 1 1 1 1 1 1 1 1 1 1 1 1 1 1 1 1 1 1 1 1 1 1 1 1 1 1 1 1 1 1 1 1 1 1 1 1 1 1 1 1 1 1 1 1 1 1 100 1 1 100 1 100 1 100 1 1 100 1 1 100 1 1 1 1
staticfield java/lang/invoke/MethodHandle FORM_OFFSET J 20
staticfield java/lang/invoke/MethodHandle UPDATE_OFFSET J 13
staticfield java/lang/invoke/MethodHandle $assertionsDisabled Z 1
ciInstanceKlass java/lang/invoke/MethodType 1 1 724 7 1 10 7 12 1 1 1 9 12 1 1 9 12 1 1 9 12 1 1 10 7 12 1 1 1 9 7 12 1 1 8 1 10 100 12 1 1 1 9 7 1 9 7 1 10 12 1 1 100 1 10 8 1 10 12 1 1 10 12 1 10 12 1 1 100 1 8 1 10 12 1 100 1 10 10 12 1 10 12 1 1 10 12 1 1 11 7 12 1 1 1 9 12 1 11 12 1 1 7 10 12 1 1 10 12 1 1 7 1 7 1 10 7 12 1 1 1 10 12 1 10 12 1 9 12 1 1 10 7 12 1 1 10 12 1 1 10 7 12 1 1 1 10 7 12 1 1 1 10 12 1 9 12 1 1 10 12 1 1 10 12 1 1 10 12 1 1 10 12 1 1 10 12 1 1 10 12 1 10 12 1 10 12 1 1 10 12 1 8 1 8 1 10 12 1 1 9 12 1 1 100 1 10 10 12 1 1 10 12 1 10 12 1 1 10 12 1 1 10 12 1 10 12 1 10 12 1 8 1 10 12 1 1 10 100 12 1 1 1 10 12 1 10 12 1 1 10 12 1 10 12 1 10 12 1 1 10 12 1 10 12 1 9 12 1 10 12 1 10 10 12 1 1 10 12 1 9 12 1 1 10 12 1 1 11 12 1 1 10 12 1 1 10 12 1 10 12 1 100 1 8 1 8 1 8 1 10 12 1 10 12 1 10 12 1 1 10 10 12 1 11 12 1 1 11 12 1 10 100 12 1 1 1 9 12 1 10 12 1 10 12 1 1 10 12 1 1 10 12 1 10 12 1 10 7 12 1 1 1 10 12 1 1 10 12 1 10 12 1 10 12 1 10 9 12 1 1 7 1 10 12 1 10 100 12 1 1 1 10 12 1 1 10 100 12 1 1 1 10 12 1 1 8 1 10 7 12 1 1 1 11 12 1 1 9 12 1 1 10 12 1 1 10 12 1 10 12 1 1 10 12 1 1 10 100 12 1 1 10 12 1 10 12 100 1 11 100 12 1 1 10 12 1 11 12 1 10 100 12 1 1 10 12 1 1 10 12 1 1 9 12 1 1 9 100 12 1 1 1 10 100 12 1 1 1 9 12 1 10 100 12 1 1 10 12 1 100 10 12 1 10 12 1 1 10 12 1 7 1 10 10 12 1 1 7 1 7 1 9 12 1 1 100 1 100 1 100 1 1 1 5 0 1 1 1 1 1 1 1 3 1 3 1 3 1 1 1 1 1 1 1 1 1 1 1 1 1 1 1 1 1 1 1 1 1 1 1 1 1 1 1 1 1 1 1 1 1 1 1 1 1 1 1 1 1 1 1 1 1 1 1 1 1 1 1 1 1 1 1 1 1 1 1 1 1 1 1 1 1 1 1 1 1 1 1 1 1 1 1 1 1 1 1 1 1 1 1 1 1 1 1 1 1 1 1 1 1 1 1 1 1 1 1 1 1 1 1 1 1 1 1 1 1 1 1 1 1 1 1 1 1 1 1 1 1 1 1 1 1 1 1 1 100 1 100 1 1 1 1 1 1 1 1 1 1 1 1 1 100 1 1 1 1 100 1 1 1 100 1 1 1 1 1 1 1 1 1 1 1 1 1 1 1 1 1 1 100 1 1 100 1 1
staticfield java/lang/invoke/MethodType internTable Ljdk/internal/util/ReferencedKeySet; jdk/internal/util/ReferencedKeySet
staticfield java/lang/invoke/MethodType NO_PTYPES [Ljava/lang/Class; 0 [Ljava/lang/Class;
staticfield java/lang/invoke/MethodType objectOnlyTypes [Ljava/lang/invoke/MethodType; 20 [Ljava/lang/invoke/MethodType;
staticfield java/lang/invoke/MethodType METHOD_HANDLE_ARRAY [Ljava/lang/Class; 1 [Ljava/lang/Class;
staticfield java/lang/invoke/MethodType serialPersistentFields [Ljava/io/ObjectStreamField; 0 [Ljava/io/ObjectStreamField;
staticfield java/lang/invoke/MethodType $assertionsDisabled Z 1
ciInstanceKlass java/lang/invoke/TypeDescriptor$OfMethod 1 0 43 100 1 100 1 100 1 1 1 1 1 1 1 1 1 1 1 1 1 1 1 1 1 1 1 1 1 1 1 1 1 1 1 1 1 1 1 1 1 1 100 1 1
instanceKlass sun/security/ssl/Alert$Level
instanceKlass sun/security/ssl/Alert
instanceKlass tools/jackson/databind/AnnotationIntrospector$ReferenceProperty$Type
instanceKlass tools/jackson/core/JsonParser$NumberType
instanceKlass tools/jackson/core/StreamWriteCapability
instanceKlass org/springframework/web/servlet/mvc/method/annotation/AbstractMessageConverterMethodArgumentResolver$ConverterType
instanceKlass com/fasterxml/jackson/annotation/JsonProperty$Access
instanceKlass com/fasterxml/jackson/databind/cfg/ConstructorDetector$SingleArgConstructor
instanceKlass com/fasterxml/jackson/annotation/JsonCreator$Mode
instanceKlass com/fasterxml/jackson/databind/AnnotationIntrospector$ReferenceProperty$Type
instanceKlass reactor/core/Scannable$Attr$RunStyle
instanceKlass reactor/core/publisher/Sinks$EmitResult
instanceKlass io/netty/channel/embedded/EmbeddedChannel$State
instanceKlass io/netty/handler/codec/compression/JdkZlibDecoder$GzipState
instanceKlass io/netty/handler/codec/compression/ZlibWrapper
instanceKlass org/springframework/http/client/reactive/AbstractClientHttpRequest$State
instanceKlass reactor/netty/http/client/HttpClientState
instanceKlass sun/security/ssl/Finished$VerifyDataScheme
instanceKlass sun/security/util/DomainName$Rule$Type
instanceKlass sun/security/util/RegisteredDomain$Type
instanceKlass sun/security/validator/CADistrustPolicy
instanceKlass java/text/Normalizer$Form
instanceKlass sun/security/ssl/SSLTrafficKeyDerivation$KeySchedule
instanceKlass sun/security/ssl/SSLTrafficKeyDerivation
instanceKlass sun/security/ssl/SSLSecretDerivation$SecretSchedule
instanceKlass com/sun/crypto/provider/HKDFKeyDerivation$SupportedHmac
instanceKlass javax/net/ssl/SSLEngineResult$Status
instanceKlass sun/security/ssl/ContentType
instanceKlass sun/security/ssl/SSLKeyExchange$T12KeyAgreement
instanceKlass sun/security/ssl/PskKeyExchangeModesExtension$PskKeyExchangeMode
instanceKlass sun/security/ssl/ECPointFormatsExtension$ECPointFormat
instanceKlass sun/security/ssl/CertStatusExtension$CertStatusRequestType
instanceKlass sun/security/ssl/SSLExtension
instanceKlass jdk/jfr/internal/LogLevel
instanceKlass io/netty/handler/codec/dns/DnsSection
instanceKlass io/netty/handler/codec/http/HttpObjectDecoder$State
instanceKlass io/netty/handler/codec/http/HttpStatusClass
instanceKlass io/netty/handler/ssl/SslHandler$SslEngineType
instanceKlass jdk/internal/icu/util/CodePointTrie$Type
instanceKlass jdk/internal/icu/util/CodePointTrie$ValueWidth
instanceKlass io/netty/channel/DefaultChannelPipeline$AddStrategy
instanceKlass com/sun/jndi/toolkit/url/Uri$ParseMode
instanceKlass io/netty/resolver/ResolvedAddressTypes
instanceKlass io/netty/channel/socket/SocketProtocolFamily
instanceKlass javax/net/ssl/SSLEngineResult$HandshakeStatus
instanceKlass sun/security/ssl/SignatureScheme$SigAlgParamSpec
instanceKlass sun/security/ssl/SignatureScheme
instanceKlass sun/security/ssl/ClientAuthType
instanceKlass sun/security/ssl/SSLHandshake
instanceKlass sun/security/rsa/RSAUtil$KeyType
instanceKlass sun/security/ssl/NamedGroup
instanceKlass sun/security/ssl/NamedGroup$NamedGroupSpec
instanceKlass sun/security/ssl/CipherSuite$KeyExchange
instanceKlass sun/security/ssl/CipherSuite$MacAlg
instanceKlass sun/security/ssl/CipherSuite$HashAlg
instanceKlass sun/security/ssl/CipherType
instanceKlass sun/security/ssl/SSLCipher
instanceKlass sun/security/ssl/CipherSuite
instanceKlass java/security/CryptoPrimitive
instanceKlass sun/security/ssl/SSLScope
instanceKlass sun/security/util/DisabledAlgorithmConstraints$Constraint$Operator
instanceKlass sun/security/ssl/ProtocolVersion
instanceKlass io/netty/handler/ssl/ApplicationProtocolConfig$SelectedListenerFailureBehavior
instanceKlass io/netty/handler/ssl/ApplicationProtocolConfig$SelectorFailureBehavior
instanceKlass io/netty/handler/ssl/ApplicationProtocolConfig$Protocol
instanceKlass io/netty/handler/ssl/SslProvider
instanceKlass io/netty/handler/ssl/ClientAuth
instanceKlass reactor/core/publisher/FluxConcatMapNoPrefetch$FluxConcatMapNoPrefetchSubscriber$State
instanceKlass reactor/core/publisher/FluxConcatMap$ErrorMode
instanceKlass org/springframework/web/context/request/async/StandardServletAsyncWebRequest$State
instanceKlass org/springframework/web/util/HierarchicalUriComponents$EncodeState
instanceKlass org/springframework/web/util/UriComponentsBuilder$EncodingHint
instanceKlass org/springframework/http/server/observation/ServerHttpObservationDocumentation$HighCardinalityKeyNames
instanceKlass org/springframework/http/server/observation/ServerHttpObservationDocumentation
instanceKlass org/springframework/http/server/observation/ServerHttpObservationDocumentation$LowCardinalityKeyNames
instanceKlass org/springframework/web/context/request/async/WebAsyncManager$State
instanceKlass org/apache/tomcat/util/log/UserDataHelper$Mode
instanceKlass org/apache/coyote/ActionCode
instanceKlass jakarta/servlet/http/MappingMatch
instanceKlass org/apache/tomcat/util/buf/UEncoder$SafeCharsSet
instanceKlass org/apache/tomcat/util/http/parser/HttpParser$DomainParseState
instanceKlass org/apache/tomcat/util/http/parser/SkipResult
instanceKlass org/apache/tomcat/util/http/parser/HttpHeaderParser$HeaderParseStatus
instanceKlass org/apache/tomcat/util/net/SendfileState
instanceKlass org/apache/tomcat/util/net/AbstractEndpoint$Handler$SocketState
instanceKlass org/apache/coyote/http11/filters/ChunkedInputFilter$ParseState
instanceKlass org/apache/tomcat/util/http/parser/HttpHeaderParser$HeaderParsePosition
instanceKlass org/apache/tomcat/util/log/UserDataHelper$Config
instanceKlass org/apache/coyote/AsyncStateMachine$AsyncState
instanceKlass org/apache/coyote/ErrorState
instanceKlass org/apache/tomcat/util/net/SocketWrapperBase$CompletionHandlerCall
instanceKlass org/apache/tomcat/util/net/SocketWrapperBase$CompletionState
instanceKlass com/sun/beans/util/Cache$Kind
instanceKlass org/springframework/core/ResolvableType$WildcardBounds$Kind
instanceKlass org/apache/tomcat/util/net/Acceptor$AcceptorState
instanceKlass org/springframework/boot/availability/ReadinessState
instanceKlass org/springframework/boot/availability/LivenessState
instanceKlass io/swagger/v3/oas/models/security/SecurityScheme$In
instanceKlass io/swagger/v3/oas/models/security/SecurityScheme$Type
instanceKlass org/springdoc/api/AbstractOpenApiResource$ConditionType
instanceKlass org/springframework/util/ConcurrentLruCache$CacheEntryState
instanceKlass sun/reflect/annotation/TypeAnnotation$TypeAnnotationTarget
instanceKlass org/springframework/core/Nullness
instanceKlass io/swagger/v3/oas/models/media/EncodingProperty$StyleEnum
instanceKlass io/swagger/v3/oas/models/media/Encoding$StyleEnum
instanceKlass io/swagger/v3/oas/models/headers/Header$StyleEnum
instanceKlass org/springdoc/core/properties/SpringDocConfigProperties$ApiDocs$OpenApiVersion
instanceKlass io/swagger/v3/oas/annotations/media/Schema$AdditionalPropertiesValue
instanceKlass io/swagger/v3/oas/annotations/media/Schema$RequiredMode
instanceKlass io/swagger/v3/oas/annotations/media/Schema$AccessMode
instanceKlass io/swagger/v3/oas/annotations/enums/Explode
instanceKlass io/swagger/v3/oas/annotations/enums/ParameterStyle
instanceKlass io/swagger/v3/oas/annotations/enums/ParameterIn
instanceKlass org/springdoc/core/properties/AbstractSwaggerUiConfigProperties$Direction
instanceKlass tools/jackson/core/JsonToken
instanceKlass com/fasterxml/jackson/annotation/JsonTypeInfo$As
instanceKlass tools/jackson/databind/DefaultTyping
instanceKlass tools/jackson/databind/cfg/ConstructorDetector$SingleArgConstructor
instanceKlass org/springframework/boot/jackson/JacksonComponent$Scope
instanceKlass org/springframework/web/util/HierarchicalUriComponents$Type
instanceKlass org/springframework/web/util/RfcUriParser$State
instanceKlass org/springframework/web/util/UriComponentsBuilder$ParserType
instanceKlass org/springframework/web/util/DefaultUriBuilderFactory$EncodingMode
instanceKlass org/springframework/web/reactive/function/client/ClientHttpObservationDocumentation$HighCardinalityKeyNames
instanceKlass org/springframework/web/reactive/function/client/ClientHttpObservationDocumentation
instanceKlass org/springframework/web/reactive/function/client/ClientHttpObservationDocumentation$LowCardinalityKeyNames
instanceKlass javax/xml/catalog/CatalogFeatures$State
instanceKlass javax/xml/catalog/CatalogFeatures$Feature
instanceKlass reactor/core/publisher/SignalType
instanceKlass org/springframework/util/ConcurrentLruCache$DrainStatus
instanceKlass reactor/netty/http/HttpProtocol
instanceKlass io/netty/util/ResourceLeakDetector$Level
instanceKlass io/netty/handler/logging/ByteBufFormat
instanceKlass io/netty/util/internal/logging/InternalLogLevel
instanceKlass io/netty/handler/logging/LogLevel
instanceKlass reactor/netty/transport/logging/AdvancedByteBufFormat
instanceKlass io/netty/resolver/dns/DnsNameResolverChannelStrategy
instanceKlass jdk/jfr/internal/LogTag
instanceKlass jakarta/websocket/CloseReason$CloseCodes
instanceKlass jakarta/servlet/DispatcherType
instanceKlass org/apache/catalina/WebResourceRoot$ResourceSetType
instanceKlass jakarta/servlet/SessionTrackingMode
instanceKlass org/apache/tomcat/util/net/SocketEvent
instanceKlass org/apache/catalina/WebResourceRoot$ArchiveIndexStrategy
instanceKlass org/apache/coyote/ContinueResponseTiming
instanceKlass org/apache/tomcat/util/net/AbstractEndpoint$BindState
instanceKlass org/apache/tomcat/util/buf/EncodedSolidusHandling
instanceKlass org/springframework/util/unit/DataUnit
instanceKlass org/springframework/boot/webmvc/autoconfigure/WebMvcProperties$MatchingStrategy
instanceKlass org/springframework/boot/convert/DurationStyle$Unit
instanceKlass org/springframework/boot/convert/DurationStyle
instanceKlass org/springframework/boot/autoconfigure/web/ErrorProperties$IncludeAttribute
instanceKlass java/lang/invoke/MethodHandleImpl$ArrayAccess
instanceKlass org/springframework/boot/web/server/servlet/Session$SessionTrackingMode
instanceKlass org/springframework/boot/servlet/autoconfigure/ServletEncodingProperties$HttpMessageType
instanceKlass org/springframework/boot/tomcat/autoconfigure/TomcatServerProperties$UseApr
instanceKlass org/springframework/boot/web/server/Shutdown
instanceKlass org/springframework/boot/web/server/autoconfigure/ServerProperties$ForwardHeadersStrategy
instanceKlass org/springframework/boot/reactor/autoconfigure/ReactorProperties$ContextPropagationMode
instanceKlass org/springframework/boot/netty/autoconfigure/NettyProperties$LeakDetection
instanceKlass org/springframework/expression/spel/standard/TokenKind
instanceKlass org/springframework/boot/autoconfigure/web/WebProperties$LocaleResolver
instanceKlass org/springframework/boot/autoconfigure/task/TaskExecutionProperties$Mode
instanceKlass org/springframework/boot/jackson/autoconfigure/JacksonProperties$ConstructorDetectorStrategy
instanceKlass org/springframework/validation/DefaultMessageCodesResolver$Format
instanceKlass io/swagger/v3/oas/models/SpecVersion
instanceKlass org/springframework/http/HttpStatus$Series
instanceKlass org/springframework/http/HttpStatus
instanceKlass com/fasterxml/jackson/annotation/PropertyAccessor
instanceKlass com/fasterxml/jackson/datatype/jsr310/JavaTimeFeature
instanceKlass com/fasterxml/jackson/core/JsonParser$NumberType
instanceKlass com/fasterxml/jackson/databind/DeserializationFeature
instanceKlass com/fasterxml/jackson/databind/cfg/JsonNodeFeature
instanceKlass com/fasterxml/jackson/databind/cfg/EnumFeature
instanceKlass com/fasterxml/jackson/databind/SerializationFeature
instanceKlass com/fasterxml/jackson/core/util/Separators$Spacing
instanceKlass com/fasterxml/jackson/databind/MapperFeature
instanceKlass com/fasterxml/jackson/databind/cfg/CoercionInputShape
instanceKlass com/fasterxml/jackson/databind/cfg/CoercionAction
instanceKlass com/fasterxml/jackson/databind/type/LogicalType
instanceKlass com/fasterxml/jackson/core/Base64Variant$PaddingReadBehaviour
instanceKlass com/fasterxml/jackson/databind/util/internal/PrivateMaxEntriesMap$DrainStatus
instanceKlass org/springframework/boot/autoconfigure/condition/SearchStrategy
instanceKlass org/springframework/context/annotation/Bean$Bootstrap
instanceKlass org/springframework/boot/autoconfigure/condition/ConditionalOnWebApplication$Type
instanceKlass com/fasterxml/jackson/dataformat/yaml/YAMLGenerator$Feature
instanceKlass com/fasterxml/jackson/dataformat/yaml/YAMLParser$Feature
instanceKlass com/fasterxml/jackson/core/JsonGenerator$Feature
instanceKlass com/fasterxml/jackson/core/JsonParser$Feature
instanceKlass com/fasterxml/jackson/core/JsonFactory$Feature
instanceKlass org/springframework/boot/autoconfigure/condition/ConditionMessage$Style
instanceKlass org/springframework/boot/autoconfigure/condition/FilteringSpringBootCondition$ClassNameFilter
instanceKlass com/fasterxml/jackson/core/JsonEncoding
instanceKlass jdk/xml/internal/JdkProperty$ImplPropMap
instanceKlass jdk/xml/internal/JdkXmlFeatures$XmlFeature
instanceKlass jdk/xml/internal/XMLSecurityPropertyManager$Property
instanceKlass jdk/xml/internal/FeaturePropertyBase$State
instanceKlass jdk/xml/internal/JdkProperty$State
instanceKlass jdk/xml/internal/XMLSecurityManager$Processor
instanceKlass jdk/xml/internal/XMLSecurityManager$Limit
instanceKlass tools/jackson/core/JsonEncoding
instanceKlass org/apache/catalina/authenticator/AuthenticatorBase$AllowCorsPreflight
instanceKlass org/apache/catalina/authenticator/AuthenticatorBase$SsoReauthenticationMode
instanceKlass org/springframework/web/bind/annotation/RequestMethod
instanceKlass org/apache/catalina/LifecycleState
instanceKlass java/lang/invoke/MethodHandles$Lookup$ClassOption
instanceKlass org/apache/tomcat/util/http/CookiesWithoutEquals
instanceKlass org/apache/tomcat/util/http/SameSiteCookies
instanceKlass java/nio/file/FileTreeWalker$EventType
instanceKlass java/nio/file/FileVisitOption
instanceKlass java/nio/file/AccessMode
instanceKlass java/util/Comparators$NaturalOrderComparator
instanceKlass org/springframework/context/annotation/ConfigurationCondition$ConfigurationPhase
instanceKlass org/springframework/beans/factory/support/DefaultListableBeanFactory$PreInstantiation
instanceKlass org/springframework/expression/spel/SpelCompilerMode
instanceKlass tools/jackson/databind/cfg/DateTimeFeature
instanceKlass tools/jackson/databind/cfg/JsonNodeFeature
instanceKlass tools/jackson/databind/cfg/EnumFeature
instanceKlass tools/jackson/databind/cfg/CoercionInputShape
instanceKlass tools/jackson/databind/cfg/CoercionAction
instanceKlass tools/jackson/databind/type/LogicalType
instanceKlass com/fasterxml/jackson/annotation/JsonFormat$Shape
instanceKlass com/fasterxml/jackson/annotation/Nulls
instanceKlass com/fasterxml/jackson/annotation/JsonAutoDetect$Visibility
instanceKlass com/fasterxml/jackson/annotation/JsonInclude$Include
instanceKlass tools/jackson/core/json/JsonWriteFeature
instanceKlass tools/jackson/core/json/JsonReadFeature
instanceKlass tools/jackson/core/StreamWriteFeature
instanceKlass tools/jackson/core/StreamReadFeature
instanceKlass tools/jackson/core/TokenStreamFactory$Feature
instanceKlass org/springframework/context/annotation/FilterType
instanceKlass com/fasterxml/jackson/annotation/JsonTypeInfo$Id
instanceKlass tools/jackson/core/Base64Variant$PaddingReadBehaviour
instanceKlass java/math/RoundingMode
instanceKlass sun/util/locale/provider/LocaleProviderAdapter$Type
instanceKlass tools/jackson/databind/util/internal/PrivateMaxEntriesMap$DrainStatus
instanceKlass org/springframework/context/annotation/ScopedProxyMode
instanceKlass org/springframework/core/annotation/MergedAnnotation$Adapt
instanceKlass tools/jackson/core/util/Separators$Spacing
instanceKlass tools/jackson/databind/DeserializationFeature
instanceKlass tools/jackson/databind/SerializationFeature
instanceKlass tools/jackson/databind/MapperFeature
instanceKlass org/springframework/boot/Banner$Mode
instanceKlass ch/qos/logback/core/pattern/parser/TokenStream$TokenizerState
instanceKlass ch/qos/logback/core/subst/Node$Type
instanceKlass ch/qos/logback/core/subst/Token$Type
instanceKlass ch/qos/logback/core/subst/Tokenizer$TokenizerState
instanceKlass org/springframework/boot/ansi/AnsiStyle
instanceKlass org/springframework/boot/logging/logback/RollingPolicySystemProperty
instanceKlass org/springframework/boot/logging/LoggingSystemProperty
instanceKlass org/springframework/boot/ansi/AnsiColor
instanceKlass org/springframework/boot/ansi/AnsiOutput$Enabled
instanceKlass org/springframework/boot/thread/Threading
instanceKlass org/springframework/boot/context/config/Profiles$Type
instanceKlass org/springframework/boot/context/config/LocationResourceLoader$ResourceType
instanceKlass org/springframework/boot/bootstrap/BootstrapRegistry$Scope
instanceKlass org/springframework/boot/context/config/ConfigDataEnvironmentContributor$ImportPhase
instanceKlass org/springframework/boot/context/config/ConfigDataEnvironmentContributor$Kind
instanceKlass org/springframework/boot/context/config/ConfigData$Option
instanceKlass org/springframework/boot/context/properties/source/ConfigurationPropertyState
instanceKlass org/springframework/boot/context/config/ConfigDataNotFoundAction
instanceKlass org/springframework/boot/context/properties/bind/BindMethod
instanceKlass org/springframework/boot/context/config/ConfigDataEnvironmentContributors$BinderOption
instanceKlass org/springframework/boot/context/properties/source/ConfigurationPropertyName$Form
instanceKlass org/springframework/boot/cloud/CloudPlatform
instanceKlass java/security/DrbgParameters$Capability
instanceKlass sun/security/util/KnownOIDs
instanceKlass org/springframework/core/NativeDetector$Context
instanceKlass java/nio/file/attribute/PosixFilePermission
instanceKlass java/time/Month
instanceKlass org/springframework/format/annotation/DurationFormat$Style
instanceKlass java/time/format/FormatStyle
instanceKlass org/springframework/format/datetime/standard/DateTimeFormatterRegistrar$Type
instanceKlass sun/util/logging/PlatformLogger$Level
instanceKlass java/lang/System$Logger$Level
instanceKlass jdk/internal/logger/BootstrapLogger$LoggingBackend
instanceKlass java/util/stream/MatchOps$MatchKind
instanceKlass org/springframework/boot/devtools/restart/FailureHandler$Outcome
instanceKlass org/springframework/boot/context/properties/bind/Bindable$BindRestriction
instanceKlass org/springframework/boot/context/properties/source/ConfigurationPropertyName$ToStringFormat
instanceKlass org/springframework/boot/context/properties/source/ConfigurationPropertyName$ElementType
instanceKlass org/springframework/boot/logging/LogLevel
instanceKlass java/lang/annotation/ElementType
instanceKlass org/springframework/core/annotation/IntrospectionFailureLogger
instanceKlass java/lang/classfile/attribute/StackMapFrameInfo$SimpleVerificationTypeInfo
instanceKlass java/lang/reflect/ProxyGenerator$PrimitiveTypeInfo
instanceKlass java/lang/classfile/ClassFile$StackMapsOption
instanceKlass java/lang/annotation/RetentionPolicy
instanceKlass org/springframework/core/annotation/MergedAnnotations$SearchStrategy
instanceKlass ch/qos/logback/core/spi/FilterReply
instanceKlass org/springframework/util/ConcurrentReferenceHashMap$TaskOption
instanceKlass org/springframework/util/ConcurrentReferenceHashMap$Restructure
instanceKlass org/springframework/util/ConcurrentReferenceHashMap$ReferenceType
instanceKlass org/springframework/boot/WebApplicationType
instanceKlass org/slf4j/helpers/Reporter$Level
instanceKlass org/slf4j/helpers/Reporter$TargetChoice
instanceKlass ch/qos/logback/core/util/ReentryGuardFactory$GuardType
instanceKlass java/time/format/TextStyle
instanceKlass java/time/format/ResolverStyle
instanceKlass java/time/format/SignStyle
instanceKlass java/time/format/DateTimeFormatterBuilder$SettingsParser
instanceKlass java/time/temporal/JulianFields$Field
instanceKlass java/time/temporal/IsoFields$Unit
instanceKlass java/time/temporal/IsoFields$Field
instanceKlass java/time/temporal/ChronoUnit
instanceKlass java/time/temporal/ChronoField
instanceKlass ch/qos/logback/core/joran/spi/ConsoleTarget
instanceKlass ch/qos/logback/classic/spi/Configurator$ExecutionStatus
instanceKlass java/util/Locale$Category
instanceKlass java/lang/StackStreamFactory$WalkerState
instanceKlass java/lang/StackWalker$ExtendedOption
instanceKlass java/lang/StackWalker$Option
instanceKlass java/util/regex/Pattern$Qtype
instanceKlass org/apache/logging/log4j/spi/StandardLevel
instanceKlass java/net/Proxy$Type
instanceKlass java/net/StandardProtocolFamily
instanceKlass jdk/internal/util/OperatingSystem
instanceKlass java/security/Security$SecPropLoader$LoadingMode
instanceKlass java/util/concurrent/TimeUnit
instanceKlass java/nio/file/LinkOption
instanceKlass sun/nio/fs/WindowsPathType
instanceKlass java/nio/file/StandardOpenOption
instanceKlass jdk/internal/vm/Continuation$Pinned
instanceKlass java/util/stream/Collector$Characteristics
instanceKlass java/util/stream/StreamShape
instanceKlass java/lang/classfile/Opcode$Kind
instanceKlass java/lang/classfile/Opcode
instanceKlass java/lang/invoke/VarHandle$AccessType
instanceKlass java/lang/invoke/VarHandle$AccessMode
instanceKlass java/lang/invoke/MethodHandleImpl$Intrinsic
instanceKlass java/lang/classfile/AttributeMapper$AttributeStability
instanceKlass jdk/internal/classfile/impl/AbstractPoolEntry$Utf8EntryImpl$State
instanceKlass java/lang/classfile/TypeKind
instanceKlass java/lang/invoke/LambdaForm$BasicType
instanceKlass java/lang/invoke/LambdaForm$Kind
instanceKlass java/lang/constant/DirectMethodHandleDesc$Kind
instanceKlass sun/invoke/util/Wrapper
instanceKlass java/util/stream/StreamOpFlag$Type
instanceKlass java/util/stream/StreamOpFlag
instanceKlass java/lang/reflect/AccessFlag$Location
instanceKlass java/lang/reflect/AccessFlag
instanceKlass java/lang/module/ModuleDescriptor$Modifier
instanceKlass java/io/File$PathStatus
instanceKlass jdk/internal/module/ModuleBootstrap$IllegalNativeAccess
instanceKlass java/lang/reflect/ClassFileFormatVersion
instanceKlass java/lang/Thread$State
instanceKlass java/lang/module/ModuleDescriptor$Requires$Modifier
ciInstanceKlass java/lang/Enum 1 1 204 9 7 12 1 1 1 9 12 1 1 10 7 12 1 1 1 9 12 1 10 7 12 1 1 1 100 1 10 10 12 1 1 10 12 1 100 1 10 10 7 12 1 1 10 12 1 1 18 12 1 1 10 100 12 1 1 1 10 12 1 1 11 7 12 1 1 1 100 1 8 1 10 12 1 7 1 7 1 10 8 1 10 12 1 1 10 12 1 1 8 1 10 12 1 10 100 1 8 1 10 10 12 1 1 10 100 12 1 1 1 100 1 100 1 100 1 1 1 1 1 1 1 1 1 1 1 1 1 1 1 1 1 1 1 1 1 1 1 1 1 1 1 1 1 1 1 1 1 1 1 1 1 1 1 1 1 1 1 1 1 1 1 3 1 1 1 1 100 1 100 1 1 100 1 1 1 1 1 1 1 1 1 1 1 16 15 10 12 16 15 10 100 12 1 1 1 1 1 100 1 100 1 1
ciInstanceKlass java/lang/invoke/LambdaForm 1 1 1030 7 1 100 1 10 7 12 1 1 1 9 12 1 1 9 12 1 9 12 1 9 12 1 1 9 12 1 1 9 12 1 1 9 12 1 1 9 12 1 1 9 12 1 10 7 12 1 1 9 12 1 10 12 1 1 100 1 10 10 12 1 1 10 12 1 10 12 1 10 12 1 1 10 12 1 9 12 1 9 12 1 10 12 1 1 9 7 12 1 1 1 9 7 12 1 1 9 12 1 1 10 12 1 9 12 1 10 100 12 1 1 1 10 12 1 1 100 1 10 12 1 1 9 7 12 1 1 1 10 100 12 1 1 1 10 12 1 10 12 1 1 7 1 10 12 1 10 12 1 10 12 1 1 10 12 1 1 10 12 1 10 12 1 10 12 1 10 12 1 10 12 1 1 8 1 10 12 1 10 12 1 10 10 12 1 8 1 8 1 9 12 1 9 12 1 1 10 12 1 1 9 12 1 1 10 7 12 1 1 1 10 12 1 1 10 12 1 10 12 1 1 10 12 1 7 1 10 12 1 10 100 12 1 1 1 9 12 1 10 12 1 8 1 8 1 8 1 8 1 8 1 8 1 8 1 8 1 10 12 1 9 12 1 7 1 10 12 1 1 9 12 1 1 10 12 1 1 10 12 1 1 10 12 10 12 1 10 12 1 1 10 12 1 1 10 12 1 1 10 10 12 1 1 10 12 1 1 7 1 8 1 10 12 1 1 10 12 1 10 12 1 1 10 8 1 10 12 1 1 8 1 8 1 8 1 10 12 1 10 12 1 10 12 1 1 10 100 12 1 1 1 10 7 12 1 1 1 10 12 1 1 9 12 1 1 8 1 10 100 12 1 1 1 10 7 12 1 1 10 12 1 10 12 1 1 10 12 1 1 9 12 1 8 10 12 1 1 100 1 10 12 1 1 10 12 1 9 7 12 1 1 9 100 12 1 1 1 8 1 10 100 12 1 1 10 12 1 1 100 1 100 1 10 10 12 1 1 10 12 1 1 8 1 8 1 100 1 8 1 10 12 10 12 1 10 12 1 10 12 1 10 12 1 1 9 100 12 1 1 10 12 1 8 1 8 1 10 12 1 10 12 1 1 8 1 8 1 8 1 100 1 8 1 100 1 8 1 100 1 8 1 10 12 1 8 1 9 10 100 12 1 1 1 10 12 1 9 12 1 1 10 12 1 10 10 12 1 10 12 1 10 12 1 10 12 1 1 10 12 1 10 12 1 1 10 12 1 1 10 12 1 1 10 12 1 1 8 1 100 10 12 1 10 12 1 9 12 1 1 10 7 12 1 1 8 1 8 1 100 1 8 1 8 1 8 1 8 1 8 1 8 1 8 1 8 1 10 12 1 1 10 12 1 1 10 12 1 10 12 1 10 12 1 10 12 1 8 1 8 1 8 1 10 12 1 8 1 10 12 1 8 1 8 1 8 1 8 1 8 1 10 12 1 10 12 1 10 12 1 1 10 7 12 1 1 1 10 12 1 10 12 1 10 12 1 10 12 1 10 12 1 9 12 1 1 8 1 10 12 1 1 9 12 1 9 12 1 1 10 12 1 1 9 12 1 1 9 12 1 10 12 1 1 9 12 1 1 7 1 10 7 12 1 1 1 9 7 12 1 1 1 10 7 12 1 1 1 10 12 1 1 10 12 1 1 10 12 1 9 12 1 10 12 1 9 12 1 10 12 1 10 12 1 8 1 10 12 1 9 12 1 1 7 1 10 7 12 1 1 1 100 1 10 12 1 9 12 1 10 12 1 10 12 1 10 12 1 1 10 12 1 9 7 12 1 1 10 12 1 1 10 12 1 10 12 1 9 12 1 9 9 12 1 7 9 12 1 1 10 12 1 1 9 12 1 10 12 1 10 7 1 9 1 1 1 1 3 1 3 1 1 3 1 3 1 1 1 1 1 1 1 1 1 1 1 1 1 1 1 1 1 1 1 1 1 1 1 1 1 1 1 1 1 1 1 1 1 1 1 1 1 1 1 1 1 1 1 1 1 100 1 1 1 1 1 1 1 1 1 1 1 1 1 1 1 1 1 1 1 1 1 1 1 1 1 1 1 1 1 1 1 1 1 1 1 1 1 1 1 1 1 1 1 1 1 1 1 1 1 1 1 1 1 1 1 1 1 1 1 1 1 1 1 1 1 1 1 100 1 1 1 1 1 1 1 1 1 1 1 1 1 1 1 1 1 1 1 1 1 1 1 1 1 1 1 1 1 1 1 1 1 1 1 1 100 1 1 1 1 1 1 1 1 1 1 1 1 1 1 100 1 1 1 100 1 1 100 1 1 1 1 1 1 1 1 1 1 1 1
staticfield java/lang/invoke/LambdaForm DEFAULT_CUSTOMIZED Ljava/lang/invoke/MethodHandle; 
staticfield java/lang/invoke/LambdaForm DEFAULT_KIND Ljava/lang/invoke/LambdaForm$Kind; java/lang/invoke/LambdaForm$Kind
staticfield java/lang/invoke/LambdaForm COMPILE_THRESHOLD I 0
staticfield java/lang/invoke/LambdaForm INTERNED_ARGUMENTS [[Ljava/lang/invoke/LambdaForm$Name; 5 [[Ljava/lang/invoke/LambdaForm$Name;
staticfield java/lang/invoke/LambdaForm IMPL_NAMES Ljava/lang/invoke/MemberName$Factory; java/lang/invoke/MemberName$Factory
staticfield java/lang/invoke/LambdaForm LF_identity [Ljava/lang/invoke/LambdaForm; 6 [Ljava/lang/invoke/LambdaForm;
staticfield java/lang/invoke/LambdaForm NF_identity [Ljava/lang/invoke/LambdaForm$NamedFunction; 6 [Ljava/lang/invoke/LambdaForm$NamedFunction;
staticfield java/lang/invoke/LambdaForm LF_constant [Ljava/lang/invoke/LambdaForm; 5 [Ljava/lang/invoke/LambdaForm;
staticfield java/lang/invoke/LambdaForm createIdentityFormLock Ljava/lang/Object; java/lang/Object
staticfield java/lang/invoke/LambdaForm DEBUG_NAME_COUNTERS Ljava/util/HashMap; 
staticfield java/lang/invoke/LambdaForm DEBUG_NAMES Ljava/util/HashMap; 
staticfield java/lang/invoke/LambdaForm TRACE_INTERPRETER Z 0
staticfield java/lang/invoke/LambdaForm $assertionsDisabled Z 1
instanceKlass jdk/internal/reflect/DirectMethodHandleAccessor
ciInstanceKlass jdk/internal/reflect/MethodAccessorImpl 1 1 38 10 7 12 1 1 1 10 100 12 1 1 1 100 1 1 1 1 1 1 1 100 1 100 1 1 1 1 1 1 1 1 1 1 1 1 1 1
ciInstanceKlass jdk/internal/reflect/MethodAccessor 1 0 17 100 1 100 1 1 1 1 100 1 100 1 1 1 1 1 1
ciInstanceKlass jdk/internal/reflect/CallerSensitive 0 0 17 100 1 100 1 100 1 1 1 1 1 1 1 1 1 1 1
ciInstanceKlass jdk/internal/reflect/DirectConstructorHandleAccessor$NativeAccessor 1 1 44 10 7 12 1 1 1 9 7 12 1 1 1 10 12 1 1 1 1 1 1 1 1 1 1 1 1 1 1 1 1 1 100 1 100 1 1 1 1 1 100 1 1 1
ciInstanceKlass jdk/internal/reflect/ConstructorAccessor 1 0 16 100 1 100 1 1 1 1 100 1 100 1 100 1 1 1
instanceKlass jdk/internal/reflect/DirectConstructorHandleAccessor
instanceKlass jdk/internal/reflect/DirectConstructorHandleAccessor$NativeAccessor
ciInstanceKlass jdk/internal/reflect/ConstructorAccessorImpl 1 1 27 10 7 12 1 1 1 100 1 100 1 1 1 1 1 1 1 1 1 100 1 100 1 100 1 1 1
ciInstanceKlass jdk/internal/reflect/ConstantPool 1 1 142 10 100 12 1 1 1 9 7 12 1 1 1 10 12 1 1 10 12 1 1 10 12 1 10 12 1 1 10 12 1 1 10 12 1 10 12 1 1 10 12 1 10 12 1 1 10 12 1 10 12 1 10 12 1 10 12 1 1 10 12 1 1 10 12 1 1 10 12 1 1 10 12 1 10 12 1 1 10 100 12 1 1 1 8 11 7 12 1 1 1 10 7 12 1 1 1 1 1 1 1 1 1 1 1 1 1 1 1 1 1 1 1 1 1 1 1 1 1 1 1 1 1 1 1 1 1 1 1 1 1 1 1 1 1 1 1 1 1 1 1 1
instanceKlass java/lang/invoke/VolatileCallSite
instanceKlass java/lang/invoke/MutableCallSite
instanceKlass java/lang/invoke/ConstantCallSite
ciInstanceKlass java/lang/invoke/CallSite 1 1 297 10 7 12 1 1 1 10 7 12 1 1 1 9 12 1 1 10 7 12 1 1 1 10 12 1 100 1 10 12 1 1 10 12 1 1 9 100 12 1 1 1 10 100 12 1 1 10 12 1 1 100 1 100 1 10 10 100 12 1 1 1 10 12 1 1 8 1 10 12 1 10 12 1 1 10 12 1 10 12 1 1 10 12 1 1 10 10 100 12 1 1 10 12 1 1 9 12 1 9 100 12 1 1 1 8 1 10 7 12 1 1 1 10 12 1 1 100 1 10 12 1 1 9 12 1 8 1 100 1 10 12 1 10 12 1 100 1 8 1 10 10 12 1 10 12 1 1 100 1 10 12 1 1 10 12 1 10 12 1 10 12 1 1 10 12 1 1 9 12 1 1 8 10 12 1 1 9 12 1 1 100 1 10 10 12 1 10 100 12 1 1 1 10 12 1 1 10 12 1 1 10 12 1 10 7 12 1 1 1 100 1 8 1 10 10 12 10 12 1 1 100 1 100 1 100 1 8 1 10 12 1 10 7 12 1 1 1 1 1 1 1 1 1 1 1 1 1 1 1 1 1 1 1 1 1 1 1 1 1 1 1 1 1 1 1 1 1 1 1 1 1 1 1 1 1 1 1 1 1 1 1 1 1 1 1 1 1 1 1 1 100 1 100 1 1 1
staticfield java/lang/invoke/CallSite $assertionsDisabled Z 1
ciInstanceKlass java/lang/invoke/ConstantCallSite 1 1 65 10 7 12 1 1 1 9 7 12 1 1 1 9 12 1 1 10 7 12 1 1 1 10 12 1 100 1 10 12 9 12 1 1 100 1 10 10 12 1 1 10 12 1 1 1 1 1 1 1 1 1 1 1 1 1 100 1 1 1 1 1 1 1 1
staticfield java/lang/invoke/ConstantCallSite UNSAFE Ljdk/internal/misc/Unsafe; jdk/internal/misc/Unsafe
instanceKlass java/lang/invoke/DirectMethodHandle$StaticAccessor
instanceKlass java/lang/invoke/DirectMethodHandle$Special
instanceKlass java/lang/invoke/DirectMethodHandle$Interface
instanceKlass java/lang/invoke/DirectMethodHandle$Constructor
instanceKlass java/lang/invoke/DirectMethodHandle$Accessor
ciInstanceKlass java/lang/invoke/DirectMethodHandle 1 1 929 7 1 100 1 7 1 7 1 10 7 12 1 1 1 10 7 12 1 1 1 100 1 10 12 1 10 12 1 1 10 7 12 1 1 10 12 1 1 10 12 1 10 12 1 7 1 10 12 1 1 10 12 1 1 10 12 1 10 12 1 1 10 7 12 1 1 1 10 12 1 9 7 12 1 1 1 100 1 10 9 12 1 1 9 12 1 10 12 1 10 12 1 10 12 1 1 10 12 1 10 12 1 10 12 1 10 7 12 1 1 1 10 12 1 10 12 1 1 8 1 10 12 1 1 7 1 10 12 1 7 1 10 10 12 1 10 12 1 10 12 1 10 7 12 1 1 1 10 12 1 1 7 1 10 12 1 10 12 1 7 1 10 12 1 10 12 1 1 10 12 1 1 10 12 8 10 7 12 1 1 1 10 12 1 10 12 1 10 12 1 1 10 12 1 9 7 12 1 1 1 7 1 10 12 1 10 7 12 1 1 1 10 12 1 10 12 1 1 9 12 1 1 7 1 10 8 1 10 12 1 1 10 12 1 1 8 1 10 12 1 10 12 1 10 10 12 1 10 12 1 10 12 1 10 12 1 10 12 1 1 10 12 1 10 12 1 10 12 1 1 10 10 7 12 1 1 1 10 12 1 10 12 1 1 10 12 1 10 12 1 1 8 1 9 7 12 1 1 1 8 1 9 12 1 9 12 1 8 1 9 12 1 9 12 1 8 1 9 12 1 9 12 1 8 1 10 12 1 10 12 1 1 10 7 12 1 1 1 10 12 1 10 12 1 1 9 12 1 1 7 1 10 12 1 1 100 1 10 7 12 1 1 1 10 12 1 1 10 12 1 1 7 1 10 12 1 1 10 12 1 10 12 1 1 7 1 10 12 1 1 10 12 1 10 12 1 10 12 1 1 10 12 1 9 12 1 1 10 7 1 9 12 1 10 12 1 7 1 7 1 7 1 10 7 12 1 1 1 9 12 1 1 10 7 12 1 1 1 10 7 12 1 1 10 12 10 12 1 7 1 10 12 1 10 12 1 1 8 1 9 12 1 9 12 1 10 12 1 1 9 12 1 1 10 7 12 1 1 1 9 12 1 1 9 12 1 1 10 12 1 10 12 1 10 12 1 10 12 1 1 10 12 1 9 12 1 9 12 1 10 12 1 10 12 1 10 12 1 10 12 1 1 10 12 1 1 9 12 1 1 10 12 1 1 9 7 12 1 1 1 9 12 1 9 12 1 9 12 1 9 12 1 9 12 1 9 12 1 9 12 1 9 12 1 9 12 1 9 12 1 9 12 1 9 12 1 9 12 1 9 12 1 9 12 1 9 12 1 9 12 1 9 12 1 9 12 1 9 12 1 9 12 1 9 12 1 9 12 1 9 12 1 100 1 10 12 1 8 1 8 1 8 1 8 1 8 1 8 1 8 1 8 1 8 1 10 12 1 10 12 1 8 1 8 1 8 1 9 12 1 1 9 12 1 1 10 12 1 10 12 1 1 10 12 1 1 9 7 1 10 12 1 10 12 10 12 1 10 12 1 10 12 1 10 8 1 8 1 8 1 8 1 10 12 1 1 9 12 1 1 10 12 1 10 100 12 1 1 1 8 9 12 1 1 10 12 1 1 8 1 8 8 9 12 1 8 1 8 8 8 8 8 1 8 10 12 1 7 1 10 12 1 8 1 8 1 10 12 1 10 12 1 10 12 1 9 12 1 10 12 1 1 7 1 1 1 1 3 1 3 1 3 1 3 1 3 1 3 1 3 1 3 1 1 1 1 1 1 1 1 1 1 3 1 3 1 3 1 1 3 1 3 1 1 1 1 1 1 1 1 1 1 1 1 1 1 1 1 1 1 1 1 1 1 1 1 1 1 1 1 1 1 1 1 1 1 1 1 1 1 1 1 1 1 1 1 1 1 1 1 1 1 1 1 1 1 1 1 1 1 1 1 1 1 100 1 1 1 1 1 1 1 1 1 100 1 1 1 1 1 1 1 1 1 1 1 1 1 1 1 1 1 1 1 1 1 1 1 1 1 1 1 1 1 1 1 1 1 1 1 1 1 1 1 1 1 1 1 1 1 1 1 1 1 1 1 1 1
staticfield java/lang/invoke/DirectMethodHandle IMPL_NAMES Ljava/lang/invoke/MemberName$Factory; java/lang/invoke/MemberName$Factory
staticfield java/lang/invoke/DirectMethodHandle FT_UNCHECKED_REF I 8
staticfield java/lang/invoke/DirectMethodHandle FT_CHECKED_REF I 9
staticfield java/lang/invoke/DirectMethodHandle ACCESSOR_FORMS [Ljava/lang/invoke/LambdaForm; 120 [Ljava/lang/invoke/LambdaForm;
staticfield java/lang/invoke/DirectMethodHandle ALL_WRAPPERS [Lsun/invoke/util/Wrapper; 10 [Lsun/invoke/util/Wrapper;
staticfield java/lang/invoke/DirectMethodHandle NFS [Ljava/lang/invoke/LambdaForm$NamedFunction; 12 [Ljava/lang/invoke/LambdaForm$NamedFunction;
staticfield java/lang/invoke/DirectMethodHandle OBJ_OBJ_TYPE Ljava/lang/invoke/MethodType; java/lang/invoke/MethodType
staticfield java/lang/invoke/DirectMethodHandle LONG_OBJ_TYPE Ljava/lang/invoke/MethodType; java/lang/invoke/MethodType
staticfield java/lang/invoke/DirectMethodHandle $assertionsDisabled Z 1
ciInstanceKlass java/lang/invoke/MutableCallSite 0 0 61 10 100 12 1 1 1 10 12 1 9 100 12 1 1 1 10 12 1 10 12 1 1 9 100 12 1 1 1 10 100 12 1 1 1 10 100 12 1 1 1 1 1 1 1 1 1 1 1 1 1 1 1 1 1 1 1 1 100 1 1
ciInstanceKlass java/lang/invoke/VolatileCallSite 0 0 37 10 100 12 1 1 1 10 12 1 10 100 12 1 1 1 10 12 1 10 12 1 1 1 1 1 1 1 1 1 1 1 1 1 1 1 1
instanceKlass java/lang/invoke/VarHandleInts$Array
instanceKlass java/lang/invoke/LazyInitializingVarHandle
instanceKlass java/lang/invoke/VarHandleReferences$FieldStaticReadOnly
instanceKlass java/lang/invoke/VarHandleLongs$FieldInstanceReadOnly
instanceKlass java/lang/invoke/VarHandleLongs$Array
instanceKlass java/lang/invoke/VarHandleBooleans$FieldInstanceReadOnly
instanceKlass java/lang/invoke/VarHandleReferences$Array
instanceKlass java/lang/invoke/VarHandleByteArrayAsDoubles$ByteArrayViewVarHandle
instanceKlass java/lang/invoke/VarHandleByteArrayAsLongs$ByteArrayViewVarHandle
instanceKlass java/lang/invoke/VarHandleByteArrayAsFloats$ByteArrayViewVarHandle
instanceKlass java/lang/invoke/VarHandleByteArrayAsInts$ByteArrayViewVarHandle
instanceKlass java/lang/invoke/VarHandleByteArrayAsChars$ByteArrayViewVarHandle
instanceKlass java/lang/invoke/VarHandleByteArrayAsShorts$ByteArrayViewVarHandle
instanceKlass java/lang/invoke/VarHandleReferences$FieldInstanceReadOnly
instanceKlass java/lang/invoke/VarHandleInts$FieldInstanceReadOnly
ciInstanceKlass java/lang/invoke/VarHandle 1 1 474 10 7 12 1 1 1 10 7 12 1 1 9 12 1 1 9 12 1 1 10 12 1 1 8 1 10 12 1 1 10 7 12 1 1 1 10 12 1 1 10 100 12 1 1 1 9 100 12 1 1 1 10 12 1 1 10 100 12 1 1 1 10 12 1 1 9 12 1 10 12 1 9 12 1 1 10 100 12 1 1 10 12 1 9 100 12 1 1 1 9 12 1 1 10 12 1 1 100 1 100 1 10 8 1 10 12 1 1 10 12 1 8 1 10 12 1 10 12 1 9 12 1 1 9 12 1 10 12 1 10 12 1 1 10 12 1 10 10 100 12 1 1 1 10 12 1 1 10 12 1 1 10 100 12 1 1 1 10 100 12 1 1 1 10 100 12 1 1 1 9 12 1 1 9 10 12 1 10 12 1 1 10 12 1 1 10 12 1 10 100 12 1 1 1 9 12 1 1 10 12 1 1 9 12 1 10 12 1 10 12 1 10 100 12 1 1 100 1 10 9 7 12 1 1 1 9 12 1 1 10 7 12 1 1 1 10 12 1 10 12 1 10 12 1 10 12 1 10 12 1 10 12 1 1 8 10 12 1 1 7 1 10 12 1 1 100 1 1 1 1 1 1 1 1 1 1 1 1 1 1 1 1 1 1 1 1 1 1 1 1 1 1 1 1 1 1 1 1 1 1 1 1 1 1 1 1 1 1 1 1 1 1 1 1 1 1 1 1 1 1 1 1 1 1 1 1 1 1 1 1 1 100 1 1 1 1 1 1 1 1 100 1 1 1 1 1 1 1 1 1 1 1 1 100 1 100 1 1 100 1 100 1 100 1 100 1 100 1 100 1 100 1 100 1 100 1 100 1 100 1 100 1 100 1 100 1 100 1 100 1 100 1 100 1 100 1 100 1 100 1 100 1 100 1 100 1 100 1 100 1 100 1 100 1 100 1 100 1 100 1 100 1 100 1 100 1 100 1 100 1 1 1 1 1 1 100 1 1 1 100 1 1 100 1 100 1 100 1 100 1 100 1 100 1 1 1 1 100 1 100 1 100 1 100 1 100 1 100 1 100 1 100 1
staticfield java/lang/invoke/VarHandle VFORM_OFFSET J 16
staticfield java/lang/invoke/VarHandle $assertionsDisabled Z 1
ciInstanceKlass java/lang/invoke/MemberName 1 1 730 7 1 7 1 100 1 9 12 1 1 10 7 12 1 1 1 9 12 1 1 10 12 1 1 10 12 1 1 10 12 1 1 10 12 1 10 12 1 1 10 7 12 1 1 1 10 12 1 9 7 12 1 1 10 12 1 100 1 100 1 10 12 1 8 1 10 12 1 1 10 12 1 10 12 1 1 10 12 1 9 12 1 1 8 1 10 100 12 1 1 1 7 1 10 10 12 1 1 7 1 7 1 10 12 1 9 12 1 1 100 1 8 1 10 12 1 10 12 1 10 12 1 10 12 1 10 12 1 1 10 12 1 10 12 1 10 12 1 1 8 1 8 1 10 12 1 8 1 9 12 1 1 3 10 12 1 10 12 1 10 12 1 10 10 7 12 1 1 1 10 12 1 10 12 1 10 12 1 10 12 1 7 1 8 10 12 1 1 10 12 1 1 8 1 9 100 1 8 9 100 1 10 12 1 1 10 12 1 10 12 1 8 1 10 12 1 1 10 12 1 10 12 1 10 12 1 10 12 1 1 100 1 10 12 1 1 10 12 1 8 1 10 12 1 10 12 1 8 1 10 12 1 1 10 12 1 1 100 1 10 12 1 1 10 12 8 1 8 1 100 1 10 12 1 10 100 12 1 1 1 100 1 10 12 10 12 1 10 12 1 10 12 1 10 12 1 10 10 12 1 10 12 1 10 12 1 3 10 12 1 3 10 12 1 3 3 3 3 3 3 10 12 1 3 9 12 1 10 12 1 1 3 10 12 1 10 10 7 12 1 1 1 10 12 1 1 10 7 12 1 1 10 10 12 1 10 12 1 1 10 12 1 10 10 12 1 1 10 12 1 10 12 1 10 12 1 100 1 10 10 10 12 100 1 10 10 10 12 1 1 10 12 1 1 10 10 12 1 8 10 7 1 10 12 1 10 7 1 10 12 1 10 12 1 10 12 1 10 10 12 1 10 12 1 1 10 12 1 1 10 12 1 10 12 1 10 12 1 100 1 10 12 1 1 100 1 8 1 10 7 1 10 12 1 10 12 10 12 1 1 10 12 1 10 12 1 8 1 8 1 8 1 8 1 10 12 1 10 12 1 10 7 12 1 1 1 8 1 8 1 10 12 1 8 1 10 10 10 12 1 10 12 1 8 1 8 1 10 10 12 1 8 1 10 100 12 1 1 1 8 1 100 1 10 12 1 10 12 1 1 10 12 1 8 1 8 1 8 1 8 1 100 1 10 8 1 8 1 8 1 8 1 10 12 1 100 1 100 1 100 1 10 100 1 10 100 1 10 100 12 1 1 1 9 7 12 1 1 1 100 1 100 1 1 1 1 1 1 1 3 1 3 1 3 1 3 1 3 1 3 1 1 1 1 1 1 1 1 3 1 3 1 1 1 1 1 1 1 1 1 1 1 1 1 1 1 1 1 1 1 1 1 1 1 1 100 1 1 1 1 1 1 1 1 1 1 1 1 1 1 1 1 1 1 1 1 1 1 1 1 1 1 1 1 1 1 1 1 1 1 1 1 1 1 1 1 1 1 1 1 1 1 1 1 1 1 1 1 1 1 1 1 1 1 1 1 1 1 1 1 1 1 1 1 1 1 1 1 1 1 1 1 100 1 1 1 1 1 1 1 1 1 1 1 1 1 1 1 1
staticfield java/lang/invoke/MemberName $assertionsDisabled Z 1
ciInstanceKlass java/lang/invoke/ResolvedMethodName 1 1 25 10 100 12 1 1 1 9 7 12 1 1 1 1 1 1 1 1 1 1 1 1 1 1 1
ciInstanceKlass java/lang/invoke/MethodHandleNatives 1 1 689 100 1 10 7 12 1 1 1 9 7 12 1 1 1 10 12 1 1 100 1 10 10 12 1 1 10 12 1 10 12 1 8 1 8 1 8 1 8 1 8 1 8 1 8 1 8 1 8 1 8 1 10 12 1 1 7 1 10 7 12 1 1 1 10 100 12 1 1 1 7 1 10 10 12 1 1 8 1 10 12 1 8 1 10 12 1 1 8 1 10 12 1 1 9 100 12 1 1 1 8 1 10 100 12 1 1 1 100 1 10 12 100 1 100 1 8 1 7 1 10 10 12 1 7 1 9 7 12 1 1 10 12 1 1 10 12 1 10 7 12 1 1 1 10 12 1 1 9 12 1 8 1 10 12 1 1 10 12 1 8 1 10 12 1 1 7 1 10 12 1 10 7 12 1 1 1 10 12 1 10 12 1 1 10 12 1 1 8 1 10 12 1 1 8 1 10 12 1 8 1 8 1 8 1 100 1 10 12 1 8 1 10 100 12 1 1 1 10 12 1 1 10 100 12 1 1 10 10 12 1 1 10 12 1 10 100 12 1 1 1 100 1 8 1 10 100 12 1 1 1 7 1 8 1 10 12 1 8 1 8 1 8 1 8 1 8 1 10 12 1 1 10 12 1 1 10 12 1 10 12 1 1 10 12 1 1 7 1 10 12 1 100 1 100 1 10 12 1 10 12 1 8 1 8 1 10 10 12 1 1 10 12 1 1 8 1 10 100 12 1 1 8 1 8 1 10 12 1 1 10 7 12 1 1 1 100 1 10 12 1 1 7 1 9 12 1 1 10 7 12 1 1 1 10 10 12 1 9 12 1 10 12 1 9 12 1 9 12 1 10 12 1 1 10 12 1 10 12 1 1 7 1 7 1 10 12 1 1 10 12 1 10 12 1 1 10 7 12 1 1 1 10 12 1 8 1 10 12 1 10 12 1 10 12 1 1 10 12 1 10 7 12 1 1 1 10 12 1 1 100 1 8 1 10 9 7 12 1 1 1 10 12 1 1 10 12 1 1 100 1 10 12 1 1 10 12 1 1 100 1 100 1 10 10 100 1 100 1 10 100 1 10 10 12 1 1 10 100 1 10 12 1 10 12 1 1 10 12 1 1 10 12 1 1 10 12 1 10 12 1 1 10 8 1 10 12 1 10 12 1 10 12 1 10 12 1 10 12 1 1 10 12 1 10 12 1 10 12 1 10 10 7 12 1 1 10 12 1 1 1 1 1 1 1 1 1 1 1 1 1 100 1 1 1 1 1 1 1 1 1 1 1 1 1 1 1 1 1 1 1 1 1 1 1 1 1 1 1 1 1 1 1 1 1 1 1 1 1 1 1 1 1 1 1 1 1 1 1 1 1 1 1 1 1 1 1 1 1 1 1 1 1 1 1 100 1 1 1 1 1 1 1 1 1 1 1 1 1 1 1 1 1 1 1 1 1 1 1 1 1 1 1 1 1 1 1 1 1 1 1 100 1 1 1 1 1 1 1 1 1 1 1 1 1 1 1 1 1 1 1 1 1 1 1 1 1 1 1 1 1 1 1 1 1 1 100 1 1
staticfield java/lang/invoke/MethodHandleNatives $assertionsDisabled Z 1
ciInstanceKlass jdk/internal/foreign/abi/NativeEntryPoint 0 0 223 10 100 12 1 1 1 9 100 12 1 1 1 9 12 1 1 100 1 8 1 10 12 1 10 12 1 1 100 1 10 100 12 1 1 1 10 12 1 9 12 1 1 18 12 1 1 10 100 12 1 1 1 9 100 12 1 1 1 8 1 10 12 1 1 8 1 8 1 8 1 8 1 10 100 12 1 1 1 100 1 10 10 12 1 1 8 1 10 12 1 8 1 10 12 1 10 12 1 1 10 12 1 1 100 1 8 1 10 12 1 10 12 1 1 100 1 8 1 10 10 12 1 9 12 1 1 18 12 1 1 10 100 12 1 1 1 10 12 1 1 10 12 1 10 100 12 1 1 1 10 1 1 1 1 1 1 1 1 1 1 1 1 1 1 1 1 1 1 1 1 1 1 1 1 1 1 1 1 1 1 1 1 1 1 1 1 1 1 1 1 1 1 1 1 16 1 15 10 12 16 1 16 15 10 12 15 10 100 12 1 1 1 1 1 100 1 1 100 1 100 1 1
ciInstanceKlass jdk/internal/foreign/abi/ABIDescriptor 0 0 55 10 100 12 1 1 1 9 100 12 1 1 1 9 12 1 1 9 12 1 9 12 1 9 12 1 1 9 12 1 9 12 1 1 9 12 1 9 12 1 9 12 1 9 12 1 1 1 1 1 1 1 1 1 1
ciInstanceKlass jdk/internal/foreign/abi/VMStorage 0 0 111 10 100 12 1 1 1 9 100 12 1 1 1 9 12 1 1 9 12 1 1 9 12 1 1 100 1 10 8 1 10 12 1 1 10 12 1 10 12 1 1 10 12 1 100 1 10 100 12 1 1 1 10 100 12 1 1 10 100 12 1 1 10 100 12 1 1 1 18 12 1 1 1 1 1 1 1 1 1 1 1 1 1 1 1 1 1 1 1 1 1 1 8 1 15 15 15 15 15 10 100 12 1 1 1 1 100 1 100 1 1
ciInstanceKlass jdk/internal/foreign/abi/UpcallLinker$CallRegs 0 0 66 10 100 12 1 1 1 9 100 12 1 1 1 9 12 1 18 12 1 1 18 12 1 1 18 12 1 1 1 1 1 1 1 1 1 1 1 1 1 1 1 1 1 1 100 1 1 1 8 1 15 15 15 10 100 12 1 1 1 1 1 100 1 100 1 1
instanceKlass java/lang/StackFrameInfo
ciInstanceKlass java/lang/ClassFrameInfo 1 1 126 10 7 12 1 1 1 9 7 12 1 1 1 7 1 3 9 12 1 1 9 12 1 1 100 1 9 12 1 1 3 11 100 12 1 1 1 11 12 1 10 12 1 1 10 12 1 1 10 12 1 100 1 10 10 12 1 1 8 1 8 1 10 12 100 1 10 10 12 1 1 8 1 10 12 1 8 1 10 12 8 1 10 12 1 10 7 12 1 1 1 100 1 1 1 1 1 1 1 1 1 1 1 1 1 1 1 1 1 1 1 1 1 1 1 1 1 1 1 100 1 1 1 1 1 1
staticfield java/lang/ClassFrameInfo JLIA Ljdk/internal/access/JavaLangInvokeAccess; java/lang/invoke/MethodHandleImpl$1
ciInstanceKlass java/lang/StackWalker$StackFrame 1 1 41 100 1 10 12 1 1 100 1 100 1 1 1 1 1 1 1 1 1 1 1 1 1 1 1 1 1 1 1 1 1 1 1 1 1 1 1 100 1 1 1
ciInstanceKlass java/lang/StackWalker 1 1 236 9 7 12 1 1 1 10 7 12 1 1 1 7 1 10 7 12 1 1 1 10 12 1 1 11 7 12 1 1 1 10 12 1 1 10 12 1 1 100 1 8 1 10 12 1 10 12 1 10 12 1 10 7 12 1 1 9 12 1 1 9 12 1 1 9 12 1 1 9 12 1 1 10 12 1 1 9 12 1 1 9 12 1 1 9 12 1 1 9 12 1 1 10 12 1 1 10 7 12 1 1 1 10 7 12 1 1 1 18 12 1 1 100 1 8 1 10 8 1 10 12 1 1 10 100 12 1 1 1 10 12 1 1 10 12 1 11 12 1 1 9 7 12 1 1 11 100 12 1 1 1 10 12 1 1 1 1 1 1 1 1 1 1 1 1 1 1 1 1 1 1 1 1 1 1 1 1 1 1 1 1 1 1 1 1 1 1 1 1 1 1 1 1 1 1 1 1 1 1 1 1 1 1 1 1 1 1 1 100 1 1 16 15 10 12 16 1 15 10 100 12 1 1 1 1 1 1 1 1 1 100 1 100 1 1
staticfield java/lang/StackWalker DEFAULT_EMPTY_OPTION Ljava/util/EnumSet; java/util/RegularEnumSet
staticfield java/lang/StackWalker DEFAULT_WALKER Ljava/lang/StackWalker; java/lang/StackWalker
instanceKlass java/lang/LiveStackFrameInfo
ciInstanceKlass java/lang/StackFrameInfo 1 1 150 10 7 12 1 1 1 9 7 12 1 1 1 9 12 1 1 11 7 12 1 1 1 10 12 1 1 10 7 12 1 1 1 9 12 1 1 10 12 1 1 9 12 1 1 100 1 10 12 10 12 1 9 12 1 100 1 100 1 10 12 1 1 11 12 1 1 10 12 1 10 12 1 10 12 1 1 9 12 1 1 10 12 1 1 10 100 12 1 1 10 12 1 1 9 12 1 10 100 12 1 1 1 9 12 1 1 10 100 1 10 12 1 9 12 1 1 10 12 1 1 10 12 1 1 1 1 1 1 1 1 1 1 1 1 1 1 1 1 100 1 100 1 1 1 1 1 1 1 1
staticfield java/lang/StackFrameInfo $assertionsDisabled Z 1
ciInstanceKlass java/lang/LiveStackFrameInfo 0 0 97 10 100 12 1 1 1 9 100 12 1 1 1 9 12 1 9 12 1 9 12 1 9 12 1 1 100 1 10 12 1 1 10 12 1 8 1 10 12 1 1 8 1 8 1 8 1 10 100 1 10 12 1 100 1 10 12 1 100 1 100 1 1 1 3 1 3 1 1 1 1 1 1 1 1 1 1 1 1 1 1 1 1 1 1 1 1 1 1 1 1 1 1 1 100 1 1
ciInstanceKlass java/lang/LiveStackFrame 0 0 112 100 1 10 100 12 1 1 1 11 100 12 1 1 1 11 12 1 9 100 12 1 1 1 10 100 12 1 1 1 10 100 12 1 1 1 11 12 1 10 12 1 100 1 100 1 1 1 1 1 1 1 1 1 1 1 1 1 1 1 1 1 1 1 1 1 1 1 1 1 100 1 1 1 1 1 1 1 100 1 8 1 1 12 10 1 1 1 8 1 1 1 8 1 1 1 8 1 1 1 8 1 1 8 1 1 1 8 1 1 8 1
instanceKlass java/lang/StackStreamFactory$StackFrameTraverser
ciInstanceKlass java/lang/StackStreamFactory$AbstractStackWalker 1 1 364 7 1 100 1 3 10 7 12 1 1 1 10 7 12 1 1 10 7 12 1 1 1 9 12 1 1 9 12 1 1 9 12 1 1 9 12 1 9 12 1 10 7 12 1 1 1 10 12 1 1 10 100 12 1 1 9 12 1 1 9 12 1 1 10 12 1 1 9 12 1 1 10 7 12 1 1 1 10 12 1 1 9 12 1 1 9 100 12 1 1 1 100 1 10 8 1 10 12 1 1 10 12 1 8 1 10 12 1 1 10 100 12 1 1 1 100 1 8 1 10 12 1 8 1 10 12 10 7 12 1 1 9 12 1 1 8 1 5 0 8 1 8 1 9 12 1 1 10 12 1 1 18 12 1 1 10 100 12 1 1 1 10 12 1 1 10 12 1 10 12 1 9 7 12 1 1 1 10 12 1 1 9 12 1 10 12 1 10 12 1 10 12 1 10 12 1 10 12 1 10 12 1 1 8 1 10 12 1 10 12 1 10 12 1 10 12 1 1 8 1 10 12 1 1 10 12 1 1 10 12 1 1 10 12 1 10 12 1 10 12 1 9 12 1 8 1 10 12 1 8 1 10 12 1 10 12 1 1 10 12 1 10 12 1 10 12 1 1 10 12 1 10 12 1 10 12 1 10 12 1 10 12 1 10 12 1 1 10 12 1 10 12 1 10 12 1 10 12 1 8 1 1 1 1 1 1 1 1 1 1 1 1 1 100 1 1 1 1 1 1 100 1 1 1 1 100 1 1 1 1 1 1 1 1 1 1 1 1 1 1 1 1 1 1 16 15 15 10 100 12 1 1 1 1 1 1 1 1 100 1 100 1 1
ciInstanceKlass jdk/internal/module/Modules 1 1 481 10 100 12 1 1 1 9 7 12 1 1 1 11 7 12 1 1 1 11 12 1 1 11 12 1 1 11 12 1 1 11 12 1 11 12 1 11 12 1 11 12 1 11 12 1 11 12 1 1 10 100 12 1 1 1 10 12 1 1 10 100 12 1 1 10 100 12 1 1 1 10 100 12 1 1 10 12 1 1 11 12 1 9 12 1 1 11 7 12 1 1 1 10 12 1 1 10 10 12 1 10 100 1 9 12 1 1 10 7 12 1 1 10 12 1 1 10 100 12 1 1 1 100 1 11 100 12 1 1 1 10 100 12 1 1 1 11 100 12 1 1 10 12 1 1 10 100 12 1 1 10 100 12 1 1 1 10 12 1 1 10 12 1 1 11 12 1 1 18 12 1 1 11 100 12 1 1 10 100 12 1 1 1 11 100 12 1 1 1 100 1 11 12 1 1 11 100 12 1 1 1 11 12 1 1 10 12 1 1 10 100 12 1 1 18 12 1 1 11 12 1 1 18 12 1 1 11 12 1 1 10 12 1 18 18 10 12 1 1 9 12 1 1 11 100 12 1 1 1 100 1 10 11 12 1 11 12 1 1 10 100 1 10 12 1 1 10 100 12 1 1 10 12 1 1 11 12 10 12 1 1 100 1 10 18 12 1 10 12 1 1 100 1 8 1 10 12 1 10 100 12 1 1 18 12 1 11 11 12 10 12 1 10 10 100 1 18 12 1 10 10 10 7 12 1 1 10 7 12 1 1 1 10 12 1 1 1 1 1 1 1 1 1 1 1 1 1 1 1 1 1 1 1 1 1 1 1 1 1 1 1 1 1 1 1 1 1 1 1 1 1 1 1 1 1 1 1 1 1 1 1 1 1 1 1 1 1 1 1 1 1 1 1 1 1 1 1 1 100 1 1 1 1 1 1 1 1 1 1 1 1 1 1 1 1 1 1 1 1 1 1 1 16 15 10 12 1 16 1 16 1 15 10 12 1 16 1 16 1 15 10 12 16 1 15 10 16 1 15 10 12 16 1 16 15 10 12 16 15 10 12 16 15 10 12 15 10 100 12 1 1 1 1 1 1 100 1 100 1 1
staticfield jdk/internal/module/Modules JLA Ljdk/internal/access/JavaLangAccess; java/lang/System$1
staticfield jdk/internal/module/Modules JLMA Ljdk/internal/access/JavaLangModuleAccess; java/lang/module/ModuleDescriptor$1
staticfield jdk/internal/module/Modules $assertionsDisabled Z 1
ciInstanceKlass jdk/internal/loader/ClassLoaders 1 1 185 10 100 12 1 1 1 10 7 12 1 1 1 10 12 1 1 10 100 12 1 1 1 9 7 12 1 1 1 9 12 1 1 9 12 1 1 7 1 11 100 12 1 1 1 100 1 11 12 1 1 11 12 1 1 10 100 12 1 1 1 10 100 12 1 1 1 100 1 100 1 10 7 12 1 1 1 9 12 1 1 8 1 10 7 12 1 1 1 10 12 1 1 7 1 10 12 1 10 12 1 1 7 1 10 12 1 1 10 12 1 1 10 12 1 7 1 10 12 10 12 1 8 1 10 7 12 1 1 8 1 8 1 10 12 1 7 1 10 10 12 1 10 12 1 1 1 1 1 1 1 1 1 1 1 1 1 1 1 1 1 1 1 1 100 1 1 1 1 1 1 1 1 1 1 1 1 1 1 1 1 1 1 1 1
staticfield jdk/internal/loader/ClassLoaders JLA Ljdk/internal/access/JavaLangAccess; java/lang/System$1
staticfield jdk/internal/loader/ClassLoaders BOOT_LOADER Ljdk/internal/loader/ClassLoaders$BootClassLoader; jdk/internal/loader/ClassLoaders$BootClassLoader
staticfield jdk/internal/loader/ClassLoaders PLATFORM_LOADER Ljdk/internal/loader/ClassLoaders$PlatformClassLoader; jdk/internal/loader/ClassLoaders$PlatformClassLoader
staticfield jdk/internal/loader/ClassLoaders APP_LOADER Ljdk/internal/loader/ClassLoaders$AppClassLoader; jdk/internal/loader/ClassLoaders$AppClassLoader
instanceKlass org/springframework/core/io/buffer/LimitedDataBufferList
instanceKlass org/springframework/beans/factory/support/ManagedList
ciInstanceKlass java/util/ArrayList 1 1 514 10 7 12 1 1 1 7 1 9 7 12 1 1 1 9 12 1 100 1 100 1 10 8 1 10 12 1 1 10 12 1 10 12 1 1 10 12 1 9 12 1 11 7 12 1 1 1 9 12 1 1 11 12 1 1 7 10 7 12 1 1 1 9 12 1 10 12 1 10 12 1 1 10 7 12 1 1 1 10 7 12 1 1 1 10 12 1 1 10 12 1 1 10 12 1 1 10 12 1 10 12 1 1 100 1 100 1 10 12 1 10 10 7 12 1 1 1 10 7 12 1 1 10 12 1 100 1 10 10 12 10 12 1 1 10 12 1 1 10 12 1 10 12 10 12 1 1 7 1 10 12 1 1 10 12 1 1 10 12 1 100 1 10 11 12 1 1 11 7 12 1 1 1 11 12 1 10 12 1 10 12 1 10 12 1 1 100 1 10 12 1 1 10 10 12 1 1 10 12 1 8 1 8 1 8 1 8 1 10 12 1 1 10 12 1 1 11 12 1 100 1 10 100 12 1 1 10 12 1 10 12 1 1 10 100 12 1 1 10 12 1 10 100 12 1 1 1 11 100 12 1 1 1 10 12 1 100 1 8 1 10 7 1 10 12 1 7 1 10 12 1 10 12 1 1 7 1 10 12 1 10 12 1 1 11 7 12 1 1 7 1 10 12 1 10 12 1 1 11 7 12 1 1 10 12 1 1 10 12 1 1 10 12 1 1 10 12 1 1 11 100 12 1 1 10 12 1 1 10 12 1 1 100 1 100 1 100 1 1 1 1 5 0 1 3 1 1 1 1 1 1 1 1 1 1 1 1 1 1 1 1 1 1 1 1 1 1 1 1 1 1 1 1 1 1 1 1 1 1 1 1 1 1 1 1 1 1 1 1 1 1 1 1 1 1 1 1 1 1 1 1 1 1 1 1 1 1 1 1 1 1 1 1 1 1 1 1 1 1 1 1 1 1 1 1 1 1 1 1 1 1 1 1 1 1 1 1 1 1 1 1 1 1 1 1 1 1 1 1 100 1 1 1 1 100 1 1 1 1 1 1 1 1 1 1 1 1 1 1 1 1 1 1 1 1 1 1 1 1 1 1 1 1 1 100 1 1 1 1 1 1 1 1 1 1 1 1 1 1 1 1 1 1 1 100 1 100 1 1 1 1 1 1
staticfield java/util/ArrayList EMPTY_ELEMENTDATA [Ljava/lang/Object; 0 [Ljava/lang/Object;
staticfield java/util/ArrayList DEFAULTCAPACITY_EMPTY_ELEMENTDATA [Ljava/lang/Object; 0 [Ljava/lang/Object;
ciInstanceKlass java/util/List 1 1 251 10 100 12 1 1 1 11 7 12 1 1 1 11 100 12 1 1 1 11 12 1 1 11 100 12 1 1 11 12 1 1 11 12 1 1 10 100 12 1 1 1 7 1 7 1 10 12 1 1 100 1 10 100 12 1 1 1 11 12 1 1 11 12 1 11 12 1 100 1 10 12 1 11 12 1 1 11 12 1 1 11 12 1 10 100 12 1 1 1 9 7 12 1 1 1 7 1 10 12 10 12 1 7 1 10 12 1 1 10 12 1 10 12 1 1 11 12 1 1 100 1 1 1 1 1 1 1 1 1 1 1 1 1 1 1 1 1 1 1 1 1 1 1 1 1 1 1 1 1 1 1 1 1 1 1 1 1 1 1 1 1 1 1 1 100 1 100 1 1 1 1 1 1 1 1 1 1 1 1 1 1 1 1 1 1 1 1 1 1 1 1 1 1 1 1 1 1 1 1 1 1 1 1 1 1 1 1 1 1 1 1 1 1 1 1 1 1 1 1 1 1 1 1 1 1 1 1 1 1 1 1 1 1 1 1 1 1 1 1 1 1 1 1 100 1 1 100 1 1 1
ciInstanceKlass java/util/SequencedCollection 1 1 104 100 1 10 12 1 1 11 100 12 1 1 1 11 100 12 1 1 1 11 12 1 1 11 12 1 100 1 100 1 1 1 1 1 1 1 1 1 1 1 1 1 1 1 1 1 1 1 1 1 1 1 1 1 1 1 1 1 100 1 8 1 12 10 1 1 8 1 1 1 8 1 1 8 1 1 1 8 1 1 8 1 1 1 8 1 1 8 1 8 1 1 8 1 1 1 8 1 1 8 1 1 8 1
ciInstanceKlass java/lang/Iterable 1 1 62 10 7 12 1 1 1 11 7 12 1 1 1 11 7 12 1 1 1 11 12 1 1 11 7 12 1 1 1 10 7 12 1 1 1 100 1 1 1 1 1 1 1 1 1 1 1 1 1 1 1 1 1 1 1 1 1 1 1 1 1 1
ciInstanceKlass java/util/RandomAccess 1 0 7 100 1 100 1 1 1
instanceKlass io/netty/handler/codec/HeadersUtils$DelegatingNameSet
instanceKlass org/springframework/boot/web/servlet/ServletContextInitializerBeans
instanceKlass com/fasterxml/jackson/databind/util/internal/LinkedDeque
instanceKlass java/util/TreeMap$Values
instanceKlass tools/jackson/databind/util/internal/LinkedDeque
instanceKlass java/util/AbstractMap$2
instanceKlass java/util/concurrent/ConcurrentLinkedDeque
instanceKlass java/util/LinkedHashMap$LinkedValues
instanceKlass java/util/IdentityHashMap$Values
instanceKlass java/util/AbstractQueue
instanceKlass java/util/HashMap$Values
instanceKlass java/util/ArrayDeque
instanceKlass java/util/AbstractSet
instanceKlass java/util/ImmutableCollections$AbstractImmutableCollection
instanceKlass java/util/AbstractList
ciInstanceKlass java/util/AbstractCollection 1 1 160 10 7 12 1 1 1 10 7 12 1 1 1 10 12 1 1 11 7 12 1 1 1 11 12 1 1 10 12 1 1 10 100 12 1 1 1 10 12 1 1 10 12 1 1 10 7 12 1 1 10 7 12 1 1 1 7 1 10 100 12 1 1 1 10 100 12 1 1 1 100 1 10 11 12 1 11 7 1 10 12 1 10 12 1 10 7 12 1 1 1 11 8 1 7 1 10 10 12 1 1 8 1 10 12 1 10 12 1 1 1 1 1 1 1 1 1 1 1 1 1 1 1 1 1 1 1 1 1 1 1 1 1 1 1 1 1 1 1 1 1 1 1 1 1 1 1 1 1 1 1 1 1 1 1 1 1 1 1 1
instanceKlass io/netty/handler/codec/HeadersUtils$1
instanceKlass java/util/Collections$CopiesList
instanceKlass io/netty/handler/codec/CodecOutputList
instanceKlass java/util/Vector
instanceKlass java/util/AbstractSequentialList
instanceKlass sun/security/jca/ProviderList$2
instanceKlass java/util/ArrayList$SubList
instanceKlass java/util/Collections$SingletonList
instanceKlass java/util/Arrays$ArrayList
instanceKlass java/util/Collections$EmptyList
instanceKlass java/util/ArrayList
ciInstanceKlass java/util/AbstractList 1 1 218 10 7 12 1 1 1 9 7 12 1 1 1 10 12 1 1 10 12 1 1 100 1 10 10 12 1 1 11 7 12 1 1 1 11 12 1 1 11 12 1 10 7 12 1 1 1 10 12 1 11 12 1 11 12 1 11 12 1 10 12 1 1 10 12 1 1 11 100 12 1 1 1 11 7 1 11 7 1 10 12 1 7 1 10 12 1 10 12 1 1 100 1 100 1 10 12 1 100 1 10 100 1 100 1 10 8 1 10 12 1 1 10 12 1 10 12 1 1 10 12 1 8 1 100 1 8 1 8 1 8 1 10 7 1 11 10 10 12 1 11 12 1 10 12 1 1 8 1 8 1 1 1 1 1 1 1 1 1 1 1 1 1 1 1 1 1 1 1 1 1 1 1 1 1 1 1 1 1 1 1 1 1 1 1 1 1 1 1 1 1 1 1 1 1 1 1 1 1 1 1 1 1 1 1 1 1 1 100 1 100 1 1 1 1 1 1 1
ciInstanceKlass java/util/Locale 1 1 1140 9 7 12 1 1 1 7 1 10 12 1 1 9 12 1 1 11 7 12 1 1 1 10 7 12 1 1 9 12 1 1 9 12 1 1 100 1 10 10 12 1 1 8 1 10 12 1 1 10 12 1 1 10 12 1 10 12 1 10 12 1 11 12 1 1 10 7 12 1 1 1 100 1 10 9 12 1 1 10 7 12 1 1 9 7 12 1 1 1 9 12 1 10 12 1 1 9 12 1 1 9 12 1 100 1 8 1 10 12 1 9 12 1 10 12 1 10 12 1 1 9 7 12 1 1 1 9 12 1 9 12 1 9 12 1 9 12 1 10 12 1 1 10 7 12 1 1 100 1 9 12 1 9 12 1 9 12 1 9 12 1 9 12 1 9 12 1 9 12 1 9 12 1 9 12 1 9 12 1 10 12 1 1 10 7 12 1 1 1 10 12 1 1 7 1 10 10 12 1 1 10 100 1 10 12 1 1 10 12 1 1 8 1 10 12 1 8 1 10 12 1 1 8 1 10 100 12 1 1 1 10 12 1 1 9 12 1 1 100 1 8 1 10 12 1 1 7 1 10 100 12 1 1 1 10 100 12 1 1 1 9 12 1 8 1 10 12 1 10 12 1 1 10 12 1 1 10 12 1 10 12 1 10 12 1 10 12 1 1 10 12 1 1 100 1 7 1 10 8 1 10 12 1 1 10 12 1 10 12 1 10 10 100 12 1 1 1 10 12 1 1 10 100 12 1 1 1 10 12 1 10 12 1 10 12 1 8 1 10 12 1 10 12 1 10 12 10 12 1 10 8 1 9 12 1 10 7 12 1 1 1 10 12 1 10 12 1 10 12 1 8 1 10 12 1 10 12 1 10 12 1 10 12 1 1 11 7 12 1 1 1 11 7 12 1 1 11 12 1 1 10 12 1 10 12 1 10 12 1 10 8 1 10 12 1 7 1 10 12 1 10 12 1 1 10 12 1 1 10 12 1 1 10 12 1 1 100 1 8 1 8 1 10 8 1 10 8 1 8 1 10 12 1 1 10 12 1 10 12 1 1 10 12 1 1 10 12 1 10 12 1 100 1 10 12 1 1 8 1 9 100 12 1 1 1 10 7 12 1 1 10 12 1 1 10 12 1 10 100 12 1 1 1 10 12 1 1 10 12 1 1 8 1 10 100 12 1 1 10 12 1 1 10 12 1 8 1 100 1 10 10 12 1 1 10 100 12 1 1 1 10 12 1 1 11 100 12 1 1 18 12 1 1 11 100 12 1 1 1 18 12 1 1 11 12 1 1 18 12 1 10 12 1 10 12 1 10 12 1 1 11 12 1 1 100 100 1 10 10 12 1 1 8 1 10 12 1 100 1 100 1 10 12 1 9 12 1 1 10 12 1 10 10 12 1 10 100 1 8 1 10 12 1 10 12 1 10 12 1 10 10 8 1 8 1 8 1 9 12 1 10 12 1 10 12 1 8 1 10 12 1 10 12 1 10 100 12 1 1 18 12 1 10 12 1 8 1 10 12 1 8 1 10 12 1 1 10 12 1 18 12 1 11 12 1 1 10 12 1 10 100 12 1 1 1 8 10 100 12 1 1 8 8 1 8 1 8 8 1 10 12 1 10 12 1 10 100 12 1 1 1 10 100 12 1 1 100 1 10 12 1 10 10 12 1 10 12 1 10 8 1 10 12 1 1 8 1 8 1 9 12 1 8 1 8 1 9 12 1 10 100 12 1 1 1 9 100 12 1 1 1 10 10 12 1 10 10 12 1 1 10 12 1 1 100 1 10 12 1 1 10 12 1 1 10 7 12 1 1 7 1 10 10 12 1 1 9 12 1 9 12 1 9 12 1 9 12 1 9 12 1 9 12 1 9 12 1 9 12 1 9 12 1 9 12 1 9 12 1 9 12 1 9 12 1 9 12 1 9 12 1 9 12 1 9 12 1 9 12 1 9 12 1 9 12 1 9 12 1 10 12 7 1 10 12 1 9 12 1 1 9 12 1 1 100 1 100 1 1 1 1 1 1 3 1 3 1 1 5 0 1 3 1 3 1 3 1 3 1 3 1 3 1 1 1 1 1 1 1 1 1 1 1 1 1 1 1 1 1 1 1 1 1 1 1 1 1 1 1 1 1 1 1 1 1 1 1 1 1 1 1 1 1 1 1 1 1 1 1 1 1 1 1 1 1 1 1 1 1 1 1 1 1 1 1 1 1 1 1 1 1 100 1 1 1 1 1 1 1 1 1 1 1 1 1 1 1 1 1 1 1 1 1 1 1 1 1 1 1 1 1 1 1 1 1 1 1 1 1 1 1 100 1 1 1 1 1 1 1 1 1 1 1 1 1 1 1 1 1 1 100 1 1 1 1 1 1 1 1 100 1 1 100 1 1 1 1 1 1 1 1 1 1 1 1 1 1 1 1 1 1 1 1 1 1 1 1 1 1 1 1 1 1 100 1 100 1 100 1 100 1 100 1 1 16 15 10 12 16 16 15 16 15 10 12 15 10 12 16 15 10 12 16 15 10 100 12 1 1 1 1 1 1 1 1 1 100 1 1 1 1 1 1 1 100 1 100 1 1
staticfield java/util/Locale ENGLISH Ljava/util/Locale; java/util/Locale
staticfield java/util/Locale FRENCH Ljava/util/Locale; java/util/Locale
staticfield java/util/Locale GERMAN Ljava/util/Locale; java/util/Locale
staticfield java/util/Locale ITALIAN Ljava/util/Locale; java/util/Locale
staticfield java/util/Locale JAPANESE Ljava/util/Locale; java/util/Locale
staticfield java/util/Locale KOREAN Ljava/util/Locale; java/util/Locale
staticfield java/util/Locale CHINESE Ljava/util/Locale; java/util/Locale
staticfield java/util/Locale SIMPLIFIED_CHINESE Ljava/util/Locale; java/util/Locale
staticfield java/util/Locale TRADITIONAL_CHINESE Ljava/util/Locale; java/util/Locale
staticfield java/util/Locale FRANCE Ljava/util/Locale; java/util/Locale
staticfield java/util/Locale GERMANY Ljava/util/Locale; java/util/Locale
staticfield java/util/Locale ITALY Ljava/util/Locale; java/util/Locale
staticfield java/util/Locale JAPAN Ljava/util/Locale; java/util/Locale
staticfield java/util/Locale KOREA Ljava/util/Locale; java/util/Locale
staticfield java/util/Locale UK Ljava/util/Locale; java/util/Locale
staticfield java/util/Locale US Ljava/util/Locale; java/util/Locale
staticfield java/util/Locale CANADA Ljava/util/Locale; java/util/Locale
staticfield java/util/Locale CANADA_FRENCH Ljava/util/Locale; java/util/Locale
staticfield java/util/Locale ROOT Ljava/util/Locale; java/util/Locale
staticfield java/util/Locale CONSTANT_LOCALES Ljava/util/Map; java/util/HashMap
staticfield java/util/Locale CHINA Ljava/util/Locale; java/util/Locale
staticfield java/util/Locale PRC Ljava/util/Locale; java/util/Locale
staticfield java/util/Locale TAIWAN Ljava/util/Locale; java/util/Locale
staticfield java/util/Locale serialPersistentFields [Ljava/io/ObjectStreamField; 6 [Ljava/io/ObjectStreamField;
staticfield java/util/Locale $assertionsDisabled Z 1
ciMethod java/util/Locale getLanguage ()Ljava/lang/String; 220 0 4554 0 0
ciInstanceKlass java/lang/annotation/Annotation 1 0 17 100 1 100 1 1 1 1 1 1 1 1 1 1 1 1 1
instanceKlass java/io/WinNTFileSystem
ciInstanceKlass java/io/FileSystem 1 1 98 10 7 12 1 1 1 9 100 12 1 1 1 10 7 12 1 1 1 1 1 1 3 1 3 1 3 1 3 1 1 1 1 3 1 1 1 1 1 1 1 1 1 1 1 1 1 1 1 1 1 1 1 1 1 1 1 1 1 1 1 100 1 1 1 1 1 1 1 1 1 1 1 1 1 1 1 1 1 1 1 1 1 1 1 1 1 1 1 1 1 1 1 1 1 1 1 1
ciMethod java/io/FileSystem hashCode (Ljava/io/File;)I 0 0 1 0 -1
ciInstanceKlass java/io/WinNTFileSystem 1 1 516 7 1 8 1 10 7 12 1 1 1 8 1 10 12 1 7 1 10 12 1 1 8 1 10 12 1 1 10 12 1 1 10 12 1 1 8 1 10 12 1 1 10 12 1 1 10 12 1 1 10 7 12 1 1 10 7 1 10 7 12 1 1 1 8 1 10 7 12 1 1 1 10 12 1 1 9 12 1 1 8 1 9 12 1 9 12 1 8 1 10 12 1 9 12 1 1 10 12 1 10 12 1 10 12 1 1 10 12 1 10 12 1 10 12 1 1 10 12 1 10 12 1 1 10 10 10 12 1 9 12 1 1 100 1 10 10 12 1 10 12 1 1 10 12 1 10 12 1 8 1 8 1 10 12 1 10 12 1 10 12 1 1 8 1 8 1 10 12 1 1 9 12 1 8 1 10 12 1 1 10 100 12 1 1 1 10 100 12 1 1 100 1 10 12 1 10 12 1 10 12 1 1 100 1 8 1 10 12 1 10 12 1 10 12 1 1 9 12 1 1 10 12 10 12 1 10 12 1 7 1 10 12 1 10 12 1 1 10 12 1 1 10 12 1 1 10 12 1 1 10 12 1 10 12 1 1 10 12 1 10 12 1 1 10 12 1 1 10 12 1 1 10 12 1 9 12 1 10 12 1 1 10 12 1 1 10 12 1 10 100 12 1 1 1 10 12 1 1 18 12 1 1 11 100 12 1 1 1 18 12 1 11 100 12 1 1 1 100 1 10 12 1 10 12 1 1 10 10 12 1 10 12 1 1 11 100 12 1 1 11 8 1 10 12 1 10 12 1 10 12 1 9 7 12 1 1 1 10 12 1 1 10 12 1 3 10 7 12 1 1 8 1 10 7 12 1 1 8 1 10 9 12 1 1 10 10 12 1 10 12 1 1 1 1 1 1 1 1 1 1 1 1 1 1 1 1 1 1 1 1 1 1 1 1 1 1 1 1 1 1 1 1 1 1 1 1 1 1 1 1 1 1 1 100 1 1 1 1 1 1 1 1 1 1 1 1 1 1 1 1 1 1 1 1 1 1 1 1 1 1 1 1 1 1 1 1 1 1 1 1 1 1 1 1 1 1 1 1 1 1 1 1 1 1 1 1 1 1 1 1 1 1 16 1 15 10 12 16 15 10 12 16 15 10 100 12 1 1 1 1 100 1 100 1 1
staticfield java/io/WinNTFileSystem ALLOW_DELETE_READ_ONLY_FILES Z 0
staticfield java/io/WinNTFileSystem ENABLE_ADS Z 1
staticfield java/io/WinNTFileSystem DRIVE_DIR_CACHE [Ljava/lang/String; 26 [Ljava/lang/String;
staticfield java/io/WinNTFileSystem $assertionsDisabled Z 1
ciMethod java/io/WinNTFileSystem hashCode (Ljava/io/File;)I 512 0 7426 0 0
ciInstanceKlass sun/util/locale/BaseLocale 1 1 284 10 7 12 1 1 1 9 7 12 1 1 1 9 12 1 9 12 1 9 12 1 8 1 10 12 1 10 7 12 1 1 1 10 12 1 10 7 12 1 1 1 9 12 1 1 10 12 1 1 10 12 1 9 7 12 1 1 1 10 12 1 1 10 12 1 10 7 12 1 1 10 12 1 1 8 1 8 1 8 1 8 1 8 1 8 1 9 12 1 1 10 12 1 1 100 1 8 1 10 12 1 100 1 10 8 1 10 12 1 1 10 12 1 10 12 1 1 8 1 8 1 8 1 10 9 12 1 1 10 12 1 10 12 1 1 10 12 1 1 10 7 12 1 1 1 8 1 10 12 1 1 8 1 8 1 8 1 8 1 8 1 8 1 8 1 8 1 8 1 8 1 8 1 8 1 8 1 8 1 8 1 8 1 10 7 12 1 1 8 1 10 12 1 1 9 100 12 1 1 1 8 1 10 100 12 1 1 1 1 1 1 1 1 3 1 3 3 1 3 1 3 1 3 1 3 1 3 1 3 1 3 1 3 1 3 1 3 1 3 1 3 1 3 1 3 1 3 1 3 1 3 1 8 1 1 1 1 1 1 1 1 1 1 100 1 1 1 1 1 1 1 1 1 1 1 1 1 1 1 1 1 1 1
staticfield sun/util/locale/BaseLocale OLD_ISO_CODES Z 0
ciMethod sun/util/locale/BaseLocale getLanguage ()Ljava/lang/String; 278 0 139 0 0
ciMethod java/lang/CharacterDataLatin1 getPropertiesEx (I)I 218 0 5310 0 0
ciMethod jdk/internal/util/ArraysSupport hashCodeOfUnsigned ([BIII)I 74 0 12586 0 648
ciMethod jdk/internal/util/ArraysSupport vectorizedHashCode (Ljava/lang/Object;IIII)I 1024 0 11899 0 -1
ciMethod java/lang/String toLowerCase (Ljava/util/Locale;)Ljava/lang/String; 392 0 6514 0 1768
ciMethod java/lang/String isLatin1 ()Z 602 0 890207 0 88
ciMethod java/lang/String <init> ([BB)V 526 0 56505 0 93
ciMethod java/lang/Object <init> ()V 770 0 806565 0 120
ciMethodData java/lang/Byte toUnsignedInt (B)I 2 62129 orig 80 0 0 0 0 0 0 0 0 0 0 0 0 0 0 0 0 0 0 0 0 0 0 0 0 0 0 0 0 0 0 0 0 0 0 0 0 0 0 0 0 0 0 0 0 0 0 0 0 0 0 0 0 0 0 0 0 0 0 0 0 0 0 0 0 0 0 0 0 0 0 0 0 0 0 0 0 0 0 0 0 data 4 0x0 0x9 0x1 0x0 oops 0 methods 0
ciMethodData java/lang/String isLatin1 ()Z 2 889906 orig 80 1 0 0 0 2 0 0 0 0 0 0 0 0 0 0 0 0 0 0 0 0 0 0 0 0 0 0 0 0 0 0 0 0 0 0 0 0 0 0 3 0 0 0 0 0 0 0 0 0 0 0 0 0 0 0 0 0 0 0 0 0 0 0 0 0 0 0 0 0 0 0 0 0 0 0 0 0 0 0 0 data 18 0x30007 0x0 0x58 0xd943a 0x80000006000a0007 0x8 0x38 0xd943a 0xe0003 0xd9451 0x18 0x0 0x0 0x0 0x0 0x9 0x1 0x0 oops 0 methods 0
ciMethodData java/lang/Object <init> ()V 2 806180 orig 80 1 0 0 0 0 0 0 0 0 0 0 0 0 0 0 0 0 0 0 0 0 0 0 0 0 0 0 0 0 0 0 0 0 0 0 0 0 0 0 0 0 0 0 0 0 0 0 0 0 0 0 0 0 0 0 0 0 0 0 0 0 0 0 0 0 0 0 0 0 0 0 0 0 0 0 0 0 0 0 0 data 4 0x0 0x9 0x1 0x0 oops 0 methods 0
ciMethodData java/lang/String hashCode ()I 2 15730 orig 80 1 0 0 0 0 0 0 0 0 0 0 0 0 0 0 0 0 0 0 0 0 0 0 0 0 0 0 0 0 0 0 0 0 0 0 0 0 0 0 1 0 0 0 0 0 0 0 0 0 0 0 0 0 0 0 0 0 0 0 0 0 0 0 0 0 0 0 0 0 0 0 0 0 0 0 0 0 0 0 0 data 41 0x60007 0x299b 0x100 0x13d6 0xd0007 0x4 0xe0 0x13d2 0x110005 0x41 0x1f3e03f37c8 0x1391 0x0 0x0 0x140007 0x0 0x48 0x13d3 0x1b0002 0x13d3 0x1e0003 0x13d2 0x28 0x250002 0x0 0x80000006002a0007 0x13cb 0x38 0x8 0x320003 0x8 0x18 0x0 0x0 0x0 0x0 0x0 0x0 0x9 0x1 0xe oops 1 10 java/lang/String methods 0
ciMethodData java/lang/StringLatin1 hashCode ([B)I 2 5075 orig 80 0 0 0 0 0 0 0 0 0 0 0 0 0 0 0 0 0 0 0 0 0 0 0 0 0 0 0 0 0 0 0 0 0 0 0 0 0 0 0 0 0 0 0 0 0 0 0 0 0 0 0 0 0 0 0 0 0 0 0 0 0 0 0 0 0 0 0 0 0 0 0 0 0 0 0 0 0 0 0 0 data 11 0x50002 0x13d3 0x0 0x0 0x0 0x0 0x0 0x0 0x9 0x1 0x0 oops 0 methods 0
ciMethodData jdk/internal/util/ArraysSupport hashCodeOfUnsigned ([BIII)I 2 12549 orig 80 1 0 0 0 0 0 0 0 0 0 0 0 0 0 0 0 0 0 0 0 0 0 0 0 0 0 0 0 0 0 0 0 0 0 0 0 0 0 0 1 0 0 0 0 0 0 0 0 0 0 0 0 0 0 0 0 0 0 0 0 0 0 0 0 0 0 0 0 0 0 0 0 0 0 0 0 0 0 0 0 data 30 0x8000000600010008 0x6 0x30fc 0x80 0x8 0x40 0x2 0x58 0x1d0003 0x8 0x50 0x270002 0x2 0x2b0003 0x2 0x28 0x330002 0x30fc 0x0 0x0 0x0 0x0 0x0 0x0 0x9 0x4 0xffffffffffffffff 0x0 0x0 0x0 oops 0 methods 0
ciMethodData java/lang/String <init> ([BB)V 2 56242 orig 80 0 0 0 0 0 0 0 0 0 0 0 0 0 0 0 0 0 0 0 0 0 0 0 0 0 0 0 0 0 0 0 0 0 0 0 0 0 0 0 0 0 0 0 0 0 0 0 0 0 0 0 0 0 0 0 0 0 0 0 0 0 0 0 0 0 0 0 0 0 0 0 0 0 0 0 0 0 0 0 0 data 11 0x10002 0xdbb4 0x0 0x0 0x0 0x0 0x9 0x3 0xc 0x0 0x0 oops 0 methods 0
ciMethodData java/lang/CharacterDataLatin1 toLowerCase (I)I 2 7262 orig 80 0 0 0 0 0 0 0 0 0 0 0 0 0 0 0 0 0 0 0 0 0 0 0 0 0 0 0 0 0 0 0 0 0 0 0 0 0 0 0 0 0 0 0 0 0 0 0 0 0 0 0 0 0 0 0 0 0 0 0 0 0 0 0 0 0 0 0 0 0 0 0 0 0 0 0 0 0 0 0 0 data 27 0x30007 0x1687 0x20 0x5d7 0x100007 0x13d3 0x80 0x2b4 0x170007 0x2b4 0x60 0x0 0x1e0007 0x0 0x40 0x0 0x250007 0x0 0x20 0x0 0x0 0x0 0x0 0x9 0x2 0x0 0x0 oops 0 methods 0
ciMethodData java/lang/StringLatin1 toLowerCase (Ljava/lang/String;[BLjava/util/Locale;)Ljava/lang/String; 2 1015 orig 80 0 0 0 0 0 0 0 0 0 0 0 0 0 0 0 0 0 0 0 0 0 0 0 0 0 0 0 0 0 0 0 0 0 0 0 0 0 0 0 0 0 0 0 0 0 0 0 0 0 0 0 0 0 0 0 0 0 0 0 0 0 0 0 0 0 0 0 0 0 0 0 0 0 0 0 0 0 0 0 0 data 78 0x10007 0x3f7 0x30 0x0 0x80002 0x0 0x150007 0xa0 0xa0 0x811 0x220005 0x0 0x1f3e69a9d30 0x811 0x0 0x0 0x250007 0x4ba 0x38 0x357 0x280003 0x357 0x30 0x2e0003 0x4ba 0xffffffffffffff78 0x340007 0x357 0x20 0xa0 0x3a0005 0x0 0x1f3e6e0bc68 0x357 0x0 0x0 0x430007 0x0 0x60 0x357 0x4a0007 0x0 0x40 0x357 0x510007 0x357 0x30 0x0 0x590002 0x0 0x690002 0x357 0x730007 0x357 0x68 0x8496 0x850005 0x0 0x1f3e69a9d30 0x8496 0x0 0x0 0x8d0003 0x8496 0xffffffffffffffb0 0x970002 0x357 0x0 0x0 0x0 0x0 0x0 0x0 0x9 0x3 0x0 0x0 0x0 oops 3 12 java/lang/CharacterDataLatin1 32 java/util/Locale 58 java/lang/CharacterDataLatin1 methods 0
ciMethodData java/lang/CharacterDataLatin1 isUpperCase (I)Z 2 5200 orig 80 0 0 0 0 0 0 0 0 0 0 0 0 0 0 0 0 0 0 0 0 0 0 0 0 0 0 0 0 0 0 0 0 0 0 0 0 0 0 0 0 0 0 0 0 0 0 0 0 0 0 0 0 0 0 0 0 0 0 0 0 0 0 0 0 0 0 0 0 0 0 0 0 0 0 0 0 0 0 0 0 data 23 0x20005 0xcb 0x1f3e69a9d30 0x1385 0x0 0x0 0x70007 0xfe6 0x38 0x46a 0xb0003 0x46a 0x18 0x0 0x0 0x0 0x0 0x0 0x0 0x9 0x2 0x0 0x0 oops 1 2 java/lang/CharacterDataLatin1 methods 0
ciMethodData java/lang/CharacterDataLatin1 getPropertiesEx (I)I 2 5201 orig 80 0 0 0 0 0 0 0 0 0 0 0 0 0 0 0 0 0 0 0 0 0 0 0 0 0 0 0 0 0 0 0 0 0 0 0 0 0 0 0 0 0 0 0 0 0 0 0 0 0 0 0 0 0 0 0 0 0 0 0 0 0 0 0 0 0 0 0 0 0 0 0 0 0 0 0 0 0 0 0 0 data 7 0x0 0x0 0x0 0x9 0x2 0x0 0x0 oops 0 methods 0
ciMethodData java/util/Locale getLanguage ()Ljava/lang/String; 2 4444 orig 80 0 0 0 0 0 0 0 0 0 0 0 0 0 0 0 0 0 0 0 0 0 0 0 0 0 0 0 0 0 0 0 0 0 0 0 0 0 0 0 0 0 0 0 0 0 0 0 0 0 0 0 0 0 0 0 0 0 0 0 0 0 0 0 0 0 0 0 0 0 0 0 0 0 0 0 0 0 0 0 0 data 15 0x40005 0x2a 0x1f3e650ef78 0x1132 0x0 0x0 0x0 0x0 0x0 0x0 0x0 0x0 0x9 0x1 0x0 oops 1 2 sun/util/locale/BaseLocale methods 0
ciMethodData java/lang/String toLowerCase (Ljava/util/Locale;)Ljava/lang/String; 2 6318 orig 80 0 0 0 0 0 0 0 0 0 0 0 0 0 0 0 0 0 0 0 0 0 0 0 0 0 0 0 0 0 0 0 0 0 0 0 0 0 0 0 0 0 0 0 0 0 0 0 0 0 0 0 0 0 0 0 0 0 0 0 0 0 0 0 0 0 0 0 0 0 0 0 0 0 0 0 0 0 0 0 0 data 27 0x10005 0x8f 0x1f3e03f37c8 0x181f 0x0 0x0 0x40007 0x0 0x48 0x18ae 0xd0002 0x18ae 0x100003 0x18ae 0x28 0x190002 0x0 0x0 0x0 0x0 0x0 0x0 0x0 0x9 0x2 0xffffffffffffffff 0xffffffffffffffff oops 1 2 java/lang/String methods 0
ciMethodData java/io/File hashCode ()I 2 7170 orig 80 0 0 0 0 0 0 0 0 0 0 0 0 0 0 0 0 0 0 0 0 0 0 0 0 0 0 0 0 0 0 0 0 0 0 0 0 0 0 0 0 0 0 0 0 0 0 0 0 0 0 0 0 0 0 0 0 0 0 0 0 0 0 0 0 0 0 0 0 0 0 0 0 0 0 0 0 0 0 0 0 data 15 0x40005 0x0 0x1f3e6e07b40 0x1c02 0x0 0x0 0x0 0x0 0x0 0x0 0x0 0x0 0x9 0x1 0x0 oops 1 2 java/io/WinNTFileSystem methods 0
ciMethodData java/io/WinNTFileSystem hashCode (Ljava/io/File;)I 2 7170 orig 80 0 0 0 0 0 0 0 0 0 0 0 0 0 0 0 0 0 0 0 0 0 0 0 0 0 0 0 0 0 0 0 0 0 0 0 0 0 0 0 0 0 0 0 0 0 0 0 0 0 0 0 0 0 0 0 0 0 0 0 0 0 0 0 0 0 0 0 0 0 0 0 0 0 0 0 0 0 0 0 0 data 28 0x10005 0x0 0x1f3e6e07858 0x1c02 0x0 0x0 0x70005 0x25 0x1f3e03f37c8 0x1bdd 0x0 0x0 0xa0005 0x25 0x1f3e03f37c8 0x1bdd 0x0 0x0 0x0 0x0 0x0 0x0 0x0 0x0 0x9 0x2 0x0 0x0 oops 3 2 java/io/File 8 java/lang/String 14 java/lang/String methods 0
compile java/io/File hashCode ()I -1 4 inline 18 0 -1 0 java/io/File hashCode ()I 1 4 0 java/io/WinNTFileSystem hashCode (Ljava/io/File;)I 2 1 0 java/io/File getPath ()Ljava/lang/String; 2 7 0 java/lang/String toLowerCase (Ljava/util/Locale;)Ljava/lang/String; 3 1 0 java/lang/String isLatin1 ()Z 3 13 0 java/lang/StringLatin1 toLowerCase (Ljava/lang/String;[BLjava/util/Locale;)Ljava/lang/String; 4 34 0 java/lang/CharacterDataLatin1 isUpperCase (I)Z 5 2 0 java/lang/CharacterDataLatin1 getPropertiesEx (I)I 4 58 0 java/util/Locale getLanguage ()Ljava/lang/String; 5 4 0 sun/util/locale/BaseLocale getLanguage ()Ljava/lang/String; 4 133 0 java/lang/CharacterDataLatin1 toLowerCase (I)I 4 151 0 java/lang/String <init> ([BB)V 5 1 0 java/lang/Object <init> ()V 2 10 0 java/lang/String hashCode ()I 3 17 0 java/lang/String isLatin1 ()Z 3 27 0 java/lang/StringLatin1 hashCode ([B)I 4 5 0 jdk/internal/util/ArraysSupport hashCodeOfUnsigned ([BIII)I 5 39 0 java/lang/Byte toUnsignedInt (B)I
